tournament_id,game_family,year,status,error,source_html_file,html_sha256,country_row_count,pool_cents,country_total_cents
earnings:64813,Counter-Strike,2023,total_mismatch,,sqlite_pipeline/html/64813.html,2424fd401849f5cb8350b358ad045239ceb01bc7843d24b7ac5d8db29a477b81,1,210510,105255.0
earnings:65427,Counter-Strike,2023,total_mismatch,,sqlite_pipeline/html/65427.html,47738df922d575ac1e2402fedd525ddb700b187566b8e59ebbf7e11ebecd6172,5,162225,146004.0
earnings:65431,Counter-Strike,2023,total_mismatch,,sqlite_pipeline/html/65431.html,fa4b16e07da9c267778a548d291b29b7b1220123c1e4a73cc2cf3c94d5769fdc,2,576000,475200.0
earnings:65902,Counter-Strike,2023,total_mismatch,,sqlite_pipeline/html/65902.html,48550bef40f8386d827b44944900d0a99566877a75fc495621e4c1b7ae91d792,13,9965000,9904999.0
earnings:66034,Counter-Strike,2023,total_mismatch,,sqlite_pipeline/html/66034.html,2dc093ce5761623b7ffd5149e39992e88651b5b85484c5cc0cc7e46e755c23f0,1,327360,163680.0
earnings:66142,Counter-Strike,2023,total_mismatch,,sqlite_pipeline/html/66142.html,45b7881966631e410e09376852260250d92f0ae4614d240bf4169785d7d72909,6,1000000,820000.0
earnings:66143,Counter-Strike,2023,total_mismatch,,sqlite_pipeline/html/66143.html,db0c3bc94d4adf4fb37e486c8b4ffb8beb4ac9bb7419b0be95c205adc7041184,2,600000,320000.0
earnings:66209,Counter-Strike,2023,total_mismatch,,sqlite_pipeline/html/66209.html,cc039e86a08734982bd5a1f28bdfdaf3c8fd46e1307efd561d262428079fa289,4,300000,160000.0
earnings:66594,Counter-Strike,2023,unavailable,missing_or_ambiguous_country_heading,sqlite_pipeline/html/66594.html,9a372b419e1ae0ec4ab6ee641978ca6dc50f0f5137dceb5c0cd14d92f6e78afd,0,21800,
earnings:66753,Counter-Strike,2024,total_mismatch,,sqlite_pipeline/html/66753.html,7b29fe3eb6c62583b3bfb09071f6719fcc8df2f2c790f5ee5a71de2f3f451fcd,1,481200,451125.0
earnings:66987,Counter-Strike,2024,total_mismatch,,sqlite_pipeline/html/66987.html,ed7b054a6b7be038a246975047216a59b1d542731f97d37e1ce053f99344a23e,4,600000,480000.0
earnings:67049,Counter-Strike,2024,total_mismatch,,sqlite_pipeline/html/67049.html,1f2a0481f7d70737bc07daab610d4ee08ffd1e420e0773389c04320ed3514237,7,602253,551536.0
earnings:67116,Counter-Strike,2023,total_mismatch,,sqlite_pipeline/html/67116.html,cdb177c2b2b735bce4a115e5ed9ba03d6ebfc3ef111da15b13fa0c3c872c0a1e,6,455126,418716.0
earnings:67525,Counter-Strike,2024,total_mismatch,,sqlite_pipeline/html/67525.html,956b79059cb55e92ea733edcd385eaec49d80fade48a58934191848365c0b732,1,106554,54364.0
earnings:68603,Counter-Strike,2024,total_mismatch,,sqlite_pipeline/html/68603.html,56f8652a491bc3d53e940ca4904fa35e4b8fd60b160183e7faea6578383df5a1,5,1416450,1310216.0
earnings:68614,Counter-Strike,2024,total_mismatch,,sqlite_pipeline/html/68614.html,bde6735e1a729cd612cd03bff80df3735e19a5e7ca2bd8ff4c51ab1a6f1925f5,2,1081430,1048988.0
earnings:68710,Counter-Strike,2024,total_mismatch,,sqlite_pipeline/html/68710.html,ebbbd3cc13aaa3eaf097929956270e0896e5818dcc8af0d908699028b2a477d2,2,600000,500000.0
earnings:68833,Counter-Strike,2024,total_mismatch,,sqlite_pipeline/html/68833.html,6f41ed15c8593bb60dfe01b4d8e05b8f09372ab1da861af23603f055e5c146f9,3,995000,910000.0
earnings:69332,Counter-Strike,2024,total_mismatch,,sqlite_pipeline/html/69332.html,a848ffba78e34cb375d54fbe85ee284295e35dcf10487a980fecb9cd7acf8c99,9,30000000,29000000.0
earnings:69467,Counter-Strike,2024,total_mismatch,,sqlite_pipeline/html/69467.html,43cf3360d4444e8857da3ea8854ddfeb3956e71c196eccd754e8463bd992cad4,10,445900,436345.0
earnings:70201,Counter-Strike,2024,total_mismatch,,sqlite_pipeline/html/70201.html,f289e1b8b6cd3555f90ba2a5b73fc24d7eb28aae8e472c850e2564da3879b265,1,546000,450450.0
earnings:70451,Counter-Strike,2023,total_mismatch,,sqlite_pipeline/html/70451.html,3e6345f708f912e8bf4ad031633acafdeb9445eb663c98e72a7b8b57fc9a47a0,1,100000,90000.0
earnings:70558,Counter-Strike,2024,total_mismatch,,sqlite_pipeline/html/70558.html,ed85dc4b08890f0f88afae8008e65e79c2c19832f4eeb40fb9edb9ac211dd84f,7,725816,686934.0
earnings:71424,Counter-Strike,2024,total_mismatch,,sqlite_pipeline/html/71424.html,d7b191e137f3067bc325f5f9c8c5de77d901e4bf083d848eee7848087919fa60,6,3421080,3152760.0
earnings:71764,Counter-Strike,2025,total_mismatch,,sqlite_pipeline/html/71764.html,bf008da9d945c4c6a69ed33ba75bfdbfb67bd13c1c982199b83c52d66ddfff36,17,10000000,9050000.0
earnings:71982,Counter-Strike,2025,total_mismatch,,sqlite_pipeline/html/71982.html,ae14e3b3fde19bfd2644bae4a15fa088bf3a211401b27c02237a724b13a0d742,2,527500,422000.0
earnings:72347,Counter-Strike,2025,total_mismatch,,sqlite_pipeline/html/72347.html,08da9740802e9a70afdaf9fa8bc0c85ae05c173cd417c91070e046a2ffd3c5a1,5,2475000,2445300.0
earnings:10623,Counter-Strike,2015,unavailable,missing_or_ambiguous_country_heading,sqlite_pipeline/html/10623.html,4446d1244c22419c31d51d2d922f4a7142ce9f5ed7acb5bbf7699ab6578e724b,0,0,
earnings:10739,Counter-Strike,2015,unavailable,missing_or_ambiguous_country_heading,sqlite_pipeline/html/10739.html,72ce5247b9687e5a61a5e223343d8961e443a17b36ec5fb56d08952c0ed64bee,0,300000,
earnings:12327,Counter-Strike,2015,total_mismatch,,sqlite_pipeline/html/12327.html,43bea8b985952a74604d5823e8289a81c37d49df96c5921d967af4489fd6b798,1,22520,21394.0
earnings:12421,Counter-Strike,2015,unavailable,missing_or_ambiguous_country_heading,sqlite_pipeline/html/12421.html,bccc81fbc7ad0339d9bdab9725d91738e85959f702655eb285efee2a114367e7,0,100000,
earnings:12550,Counter-Strike,2015,unavailable,missing_or_ambiguous_country_heading,sqlite_pipeline/html/12550.html,b2ace7ab6e01e0c519451df7780b38b3bf14850d878424004d831dc590d34bf7,0,182775,
earnings:14468,Counter-Strike,2015,total_mismatch,,batch_runs/csgo_resumable/html/14468.html,6a849488c7dce8db7219435c5cf7c087948514a92c1bc40f256364aec878a903,1,10172,8900.0
earnings:14638,Counter-Strike,2015,unavailable,missing_or_ambiguous_country_heading,sqlite_pipeline/html/14638.html,a5d80436e1d44acb667dd968e89c0293420dc409c85e9e83eaa19fc9d8a1dbaf,0,17379,
earnings:15621,Counter-Strike,2015,unavailable,missing_or_ambiguous_country_heading,sqlite_pipeline/html/15621.html,7a7d120ec3822568d569b2b22ec91bd965a52fe188b2b1b50a6967c0b882197e,0,114540,
earnings:15915,Counter-Strike,2015,total_mismatch,,sqlite_pipeline/html/15915.html,9d6b4417bf5dde873fb8ab07ceb7d327e1945fe82245aa099eb914815676388a,1,1268163,1152875.0
earnings:16437,Counter-Strike,2015,unavailable,missing_or_ambiguous_country_heading,sqlite_pipeline/html/16437.html,ddc2763565aacce22b750bbe4af0ae5e9301471daf95e89b79bc58a734c0b47c,0,0,
earnings:17232,Counter-Strike,2016,total_mismatch,,batch_runs/csgo_resumable/html/17232.html,954cec92a9940dd743d5723e2c007580adce34671abc595d2c84390b415aa272,1,18774,16271.0
earnings:17600,Counter-Strike,2016,total_mismatch,,sqlite_pipeline/html/17600.html,cbf7dc866f06d0136a5966022e7bb8ec7a09d85454edf3aa192f45f6be60f0c8,6,706525,677381.0
earnings:17660,Counter-Strike,2016,unavailable,missing_or_ambiguous_country_heading,sqlite_pipeline/html/17660.html,f4fc51f1ca2377adb7e03584c204d7a84460f307b809b724902663c735166304,0,529776,
earnings:18423,Counter-Strike,2016,total_mismatch,,sqlite_pipeline/html/18423.html,3e5b893aab85f964b7a4ce056f834e56b2bb9e69d1b1fac5068801731ef255c3,1,136125,132314.0
earnings:18494,Counter-Strike,2016,unavailable,missing_or_ambiguous_country_heading,batch_runs/csgo_resumable/html/18494.html,336873d55a1989040b34890a91d4dd407adc8d0026aa5227ec242fea7b0550da,0,130500,
earnings:18670,Counter-Strike,2016,unavailable,missing_or_ambiguous_country_heading,sqlite_pipeline/html/18670.html,adc13277e5547c785d5a1f10bec94436833b1ed93b878594bacff842f72da0ab,0,797160,
earnings:18680,Counter-Strike,2016,total_mismatch,,sqlite_pipeline/html/18680.html,40f894a82de0fe7aec59b01104a117e89ac296cfc558d506a2d667299bf76ade,1,150000,145800.0
earnings:18722,Counter-Strike,2016,total_mismatch,,sqlite_pipeline/html/18722.html,daec2c36b49d1c4c7a5962a475977dfd95ce2c28ebf489cfefd856d8d8b1cd33,1,266492,228422.0
earnings:18756,Counter-Strike,2016,total_mismatch,,sqlite_pipeline/html/18756.html,e529991ad1b030efda4d9ea83abfde508e5b4ff9d632941fa5d3bbe3a2a12bb7,1,266700,228600.0
earnings:18844,Counter-Strike,2016,total_mismatch,,sqlite_pipeline/html/18844.html,0e70c1a296eb791bbf3286a1f50bf8811e214de8a49745014d99f74410cecbab,1,264294,226538.0
earnings:19175,Counter-Strike,2016,total_mismatch,,sqlite_pipeline/html/19175.html,cc7a1b1fb7c67f7a9dc2bfc5231250437dffe33cae18e3f9592c3f610913e861,1,224550,149700.0
earnings:19300,Counter-Strike,2016,total_mismatch,,sqlite_pipeline/html/19300.html,a23e3c495a04b8eb61bf4f1d6fa938ecc8e9ed2a7ee716114d7ce551535b7914,1,112673,75115.0
earnings:19609,Counter-Strike,2016,total_mismatch,,batch_runs/csgo_resumable/html/19609.html,6610636604d25964342e3b4a8703467e44fcc7a68e43caacc308baee9ee07751,1,225070,70334.0
earnings:19610,Counter-Strike,2016,total_mismatch,,sqlite_pipeline/html/19610.html,49eecad78af00533553f16fd8c0419e72ee6f63f26015ecc9dbc90eae3170c84,1,1474590,1422850.0
earnings:19616,Counter-Strike,2016,total_mismatch,,sqlite_pipeline/html/19616.html,c0245ec5cdb944952b6d1ac8f6376c7cb793f614bbf93d604a3251ffc2a65544,5,1313400,906246.0
earnings:19838,Counter-Strike,2016,total_mismatch,,sqlite_pipeline/html/19838.html,748ac97bb87a83d88fb806b43ab0bf12587e322667361d457e3d85a733beb591,1,160248,116544.0
earnings:20026,Counter-Strike,2015,unavailable,missing_or_ambiguous_country_heading,sqlite_pipeline/html/20026.html,9143f9e89371d12bb1dca4f051e267d3dce6d65f0c8659dd92b0b988509671af,0,0,
earnings:20455,Counter-Strike,2016,unavailable,missing_or_ambiguous_country_heading,sqlite_pipeline/html/20455.html,c34fe023e507a7c2a1e659a5317efa8b7185736a7aad23f96c43a7e3b7bc7abc,0,564189,
earnings:20486,Counter-Strike,2016,unavailable,missing_or_ambiguous_country_heading,sqlite_pipeline/html/20486.html,8ddea6065d84435747f9d07e0123a141cffe6b48020a78a49ae281b92afc8c5d,0,320000,
earnings:20487,Counter-Strike,2016,total_mismatch,,sqlite_pipeline/html/20487.html,849461add4b77f0c3d3575418922d0702be3b1c1b703921d12fa6529e4f6e2a2,1,153480,122784.0
earnings:20841,Counter-Strike,2016,unavailable,missing_or_ambiguous_country_heading,sqlite_pipeline/html/20841.html,4305441cfe9d655106f40f21160dd563c738128b200fb92155847c1825ce9722,0,125000,
earnings:20913,Counter-Strike,2016,total_mismatch,,sqlite_pipeline/html/20913.html,f33e0125cfbfe63b8ac98e86064e06a6aee9a87e730f731b72fbc0410ba13111,1,360000,225000.0
earnings:20947,Counter-Strike,2016,total_mismatch,,sqlite_pipeline/html/20947.html,33c3940fa1a501dd06c0b82100708095f25e9ab41537345a00f478a998165219,1,280430,246778.0
earnings:21597,Counter-Strike,2016,total_mismatch,,sqlite_pipeline/html/21597.html,17cd0f816e39fc2c37d32c28c8d2d2982d2fae861219558bab973948ad648e71,1,273030,143700.0
earnings:21598,Counter-Strike,2016,total_mismatch,,sqlite_pipeline/html/21598.html,500c12d1b610063a9d45a119eb194013adf7923f68d8a041b20041f8cf29211e,1,273410,143900.0
earnings:21599,Counter-Strike,2017,total_mismatch,,sqlite_pipeline/html/21599.html,9428f884d4834bb7ac76bc36809b70e02928e7718ee36401c94b05dfbac9e6d7,1,259200,144000.0
earnings:21653,Counter-Strike,2016,unavailable,missing_or_ambiguous_country_heading,batch_runs/csgo_resumable/html/21653.html,93e25740425e7afc88f15b051aa5c0f7c8bdb1b8f4e3353b62a42d6f9695714f,0,200000,
earnings:21997,Counter-Strike,2017,unavailable,missing_or_ambiguous_country_heading,batch_runs/csgo_resumable/html/21997.html,90945df579355700b456e9e1352551618ce4adf8d94fdeede4a2df3ddfe61490,0,53955,
earnings:22053,Counter-Strike,2017,total_mismatch,,sqlite_pipeline/html/22053.html,be40c5aa040d9aca67a58e693faa13105a4b1b1b77bb62d83e9d917ed00571e4,1,149442,121688.0
earnings:22054,Counter-Strike,2017,total_mismatch,,sqlite_pipeline/html/22054.html,f663bb6d1e69cd8c0ddc9581b34d2a2e985d798f03fb25e10b05c941f9b7e7da,1,149442,121688.0
earnings:22192,Counter-Strike,2017,unavailable,missing_or_ambiguous_country_heading,batch_runs/csgo_resumable/html/22192.html,f9f0f59a839c986b83e1a64239fdf0d276e619fc2ec00a6bec57d9cf06b78a2e,0,39895,
earnings:22247,Counter-Strike,2017,unavailable,missing_or_ambiguous_country_heading,sqlite_pipeline/html/22247.html,6a405b2079c07cfe1a6e5c93d668102b7791c87208465cf9fa32bf6992ffa47b,0,105616,
earnings:22371,Counter-Strike,2017,total_mismatch,,sqlite_pipeline/html/22371.html,6281804536acafe5869a6972edb9fda2f44e9a7388a3bf5ba54b7e22a760ff67,2,678870,490295.0
earnings:22559,Counter-Strike,2017,unavailable,missing_or_ambiguous_country_heading,batch_runs/csgo_resumable/html/22559.html,ed5b57dcd5089f991c112466b086023ad7ba8fd97f0d72f9433a06bcbb1c28ac,0,222200,
earnings:23279,Counter-Strike,2017,total_mismatch,,batch_runs/csgo_resumable/html/23279.html,3e7e83b3be88d47acdb157d2d683686bf00a334bafa1eb6452e8df3e9b7f32d7,1,783411,568357.0
earnings:23280,Counter-Strike,2017,total_mismatch,,sqlite_pipeline/html/23280.html,25998cb3e5b8a5fb26256fb1d4836e58d35132d18c67c2595105ea2c4f248b24,2,80392,36331.0
earnings:23583,Counter-Strike,2017,total_mismatch,,sqlite_pipeline/html/23583.html,3f1c2943f3c2f306368f595310ad149fc77e603032ab95147f26efcd8be49ae8,2,80595,44947.0
earnings:23671,Counter-Strike,2017,total_mismatch,,sqlite_pipeline/html/23671.html,3cfc1271d0cef35407309688d80287c16baac44c8ba4a5362af234191bf1e22e,3,80680,41116.0
earnings:23748,Counter-Strike,2017,total_mismatch,,batch_runs/csgo_resumable/html/23748.html,a51bc4f7b41ace709c7d7f9cb1e04ec0a07fc7d1b28c4123a8c399925589ba1f,1,212080,206778.0
earnings:23808,Counter-Strike,2017,total_mismatch,,sqlite_pipeline/html/23808.html,d0027cf19843cd068a72455edcb1c42831679a8f6388e980edf13641bf0efb13,1,629744,619980.0
earnings:23818,Counter-Strike,2017,total_mismatch,,sqlite_pipeline/html/23818.html,90ae0b30650cc190778bd0102aef1f83e3835abf78fea5cc55d2edd0af32f0e0,1,205520,176160.0
earnings:23819,Counter-Strike,2017,total_mismatch,,sqlite_pipeline/html/23819.html,8607a7bd216e751333eddd4ad8f75d2580ab530196940fbc2107c6fed0681a9b,1,206500,177000.0
earnings:23851,Counter-Strike,2017,total_mismatch,,sqlite_pipeline/html/23851.html,2c74409e44b7ca249a694ee5f2357b2cc0e0c8fcdf2f8b711a6a115d6990f4f7,1,205520,117440.0
earnings:23925,Counter-Strike,2017,total_mismatch,,sqlite_pipeline/html/23925.html,155579212090e97643ead19620efb02d6af61a1b848adb80e208bb38e01fa38e,1,206360,117920.0
earnings:23927,Counter-Strike,2017,total_mismatch,,sqlite_pipeline/html/23927.html,cdc9e2a740485b82506c93430c20c557778afb759e4d82c5afa1c6b3dbfd4664,1,206360,176880.0
earnings:23929,Counter-Strike,2017,total_mismatch,,sqlite_pipeline/html/23929.html,348b26272c030611bb39263925dac1ef3eb82b212650dc1536e6ac896e47465a,1,206360,176880.0
earnings:23983,Counter-Strike,2017,total_mismatch,,sqlite_pipeline/html/23983.html,67cead0b554e1139783d910735c197d3e7a665b1d9e4918d6c9e12387c235022,1,206928,118245.0
earnings:23984,Counter-Strike,2017,total_mismatch,,sqlite_pipeline/html/23984.html,3993cc40510b50474656b346de91893559283c166194b51d93efaaa719b2521d,1,206928,118245.0
earnings:24024,Counter-Strike,2017,total_mismatch,,sqlite_pipeline/html/24024.html,5994f05944abf310d868803460c0931ebed82c929e5e62f2d444f3d55453da3d,1,207760,118720.0
earnings:24057,Counter-Strike,2017,total_mismatch,,sqlite_pipeline/html/24057.html,3aeb9802e757de849ae22197c1a8dbc0b2d3d9e6de0824638f1256357c6e6e15,1,207760,118720.0
earnings:24058,Counter-Strike,2017,total_mismatch,,sqlite_pipeline/html/24058.html,ca74d261bb2ea28fff59f679edc7399106fbdee3882bc06d1c05b05c5102e0b7,1,207760,178080.0
earnings:24078,Counter-Strike,2017,total_mismatch,,sqlite_pipeline/html/24078.html,ee977d6c8299890fbb36b672835c5fc688a3917fcac0792747d0ee2ae509840b,2,81167,35900.0
earnings:24086,Counter-Strike,2017,total_mismatch,,sqlite_pipeline/html/24086.html,adf1d7d86ef091f0f12526847bd2d2472d0833ea910f4a38decfbe6e7e7b3387,1,423871,335565.0
earnings:24097,Counter-Strike,2017,total_mismatch,,batch_runs/csgo_resumable/html/24097.html,3a3cd904906e49d2ebcb0d3d92b33d2d2493d48d8ccf924d092f50f7073dcea7,1,162702,90390.0
earnings:24098,Counter-Strike,2017,total_mismatch,,sqlite_pipeline/html/24098.html,7058f76b111a9f5a9ef1c9cf52c8c3e758c1b3afdfb12b0217e71767db6997cd,2,208055,118889.0
earnings:24099,Counter-Strike,2017,total_mismatch,,sqlite_pipeline/html/24099.html,6687a1d55f8d3f0de21cf826aaf139b8c84debe968416ac6a1a302918e43fd10,1,208055,178333.0
earnings:24141,Counter-Strike,2017,total_mismatch,,sqlite_pipeline/html/24141.html,130dcbac5e7652fa71f6a56b89b29b7883ded6176eda8ccf3027442b0b6e23fa,2,208055,178333.0
earnings:24142,Counter-Strike,2017,total_mismatch,,sqlite_pipeline/html/24142.html,8531706d30df33285f13ec827ac33822edc083ec92e18842d515ecb7a3a15893,1,208055,118889.0
earnings:24177,Counter-Strike,2017,unavailable,missing_or_ambiguous_country_heading,sqlite_pipeline/html/24177.html,a50a9c3bccdbcb5e58d1090015dac9787a8c224e9c28c157f961b4034acdf1dd,0,118889,
earnings:24210,Counter-Strike,2017,total_mismatch,,sqlite_pipeline/html/24210.html,7459a00f763f63639e940e5702b7c88c3ec0801ddced5e94275a11a431010b44,1,210000,180000.0
earnings:24211,Counter-Strike,2017,total_mismatch,,sqlite_pipeline/html/24211.html,02908e4dc8cbb7460780014982fe1dd3876fc308c10a4b338bbd452a548e31dc,1,210000,180000.0
earnings:24212,Counter-Strike,2017,total_mismatch,,sqlite_pipeline/html/24212.html,91199e6e5a88b93d7ea734355b33f7f49a87edd327c1d40b5bcd5ef974085b46,1,210000,120000.0
earnings:24213,Counter-Strike,2017,total_mismatch,,sqlite_pipeline/html/24213.html,0c59f91541e6fb202a894e0d8579de9d9b395f1e63cb0a85210a8069db49d83f,1,210000,120000.0
earnings:24314,Counter-Strike,2017,total_mismatch,,sqlite_pipeline/html/24314.html,b73aaad008f405574ac0f8f90bf59022fde290915c4916515f6bd28b6adb9964,2,81026,44409.0
earnings:24405,Counter-Strike,2017,total_mismatch,,sqlite_pipeline/html/24405.html,18d37262d4f9a9ad2c3269ac2f7e1e8af1e16933040d22d7cdefabad52fa5d19,1,345733,300637.0
earnings:24458,Counter-Strike,2017,total_mismatch,,sqlite_pipeline/html/24458.html,2136b6028ef6193d8c7897ebf3d7551a18a4a6981f6b98ecd93ca5b44eb27a28,10,12086903,12086906.0
earnings:24748,Counter-Strike,2017,total_mismatch,,sqlite_pipeline/html/24748.html,10b13a81325bb0e62114fa9b31a881cead2b5d61cbec9be7f07687390c131e6a,2,81302,45341.0
earnings:24749,Counter-Strike,2017,total_mismatch,,sqlite_pipeline/html/24749.html,0808492da619866874b1d8207b32e7519b36dd6a3b86715ad5b5efe0c6716cf6,4,722100,642670.0
earnings:25125,Counter-Strike,2017,total_mismatch,,batch_runs/csgo_resumable/html/25125.html,a07aed779a55f422bc434885bc106a94ac81a70a7d4b285669f10d0bc795f5b8,2,35192,17596.0
earnings:25126,Counter-Strike,2017,total_mismatch,,batch_runs/csgo_resumable/html/25126.html,93d8536bcf0bca9426d674e2c08b14ece2d8cf1b94c8e37e77559db061828bf5,1,3993990,3035432.0
earnings:25166,Counter-Strike,2017,total_mismatch,,batch_runs/csgo_resumable/html/25166.html,a7463e5f8a2b76fbf1cea6b98ade0c7b1a3c31c6e385809d2881e943b8c299eb,1,220125,140880.0
earnings:25167,Counter-Strike,2017,total_mismatch,,batch_runs/csgo_resumable/html/25167.html,40e1dd420ff8c1c3714e65887827d9c66f4cf890d82a309270628b9bc036905d,1,240672,230644.0
earnings:25168,Counter-Strike,2017,total_mismatch,,sqlite_pipeline/html/25168.html,f0bea99de3c082f34e2d6e641115be1e2fd64338ae95c5f541701c07716c6f94,1,1108800,426096.0
earnings:25192,Counter-Strike,2017,total_mismatch,,batch_runs/csgo_resumable/html/25192.html,d4193170ac1d001deaca04fb71c7f11b9f5ccdae69ae59359244c834664f2449,1,35463,17732.0
earnings:25279,Counter-Strike,2017,total_mismatch,,batch_runs/csgo_resumable/html/25279.html,a3c486cb29f1da145ec8d6c33d6f6b6198a1b5f591ec30e05f5a5ca08a81ba4d,1,35355,17678.0
earnings:25296,Counter-Strike,2017,total_mismatch,,batch_runs/csgo_resumable/html/25296.html,c3c66f77d0404c4388e64decfbe1998e9ac70f7d68f374c4f7b1b6d72a963209,1,349647,205675.0
earnings:25330,Counter-Strike,2017,total_mismatch,,batch_runs/csgo_resumable/html/25330.html,64dcc92b386a012c27a916a01ed2568dc32f1c779ad67ccaea6fa29fde2f8562,1,34827,17414.0
earnings:25332,Counter-Strike,2017,total_mismatch,,batch_runs/csgo_resumable/html/25332.html,ba62e6c6b2ec98b4384b7841c6b9940ffcf6ee2a90e2f6433de7c97373788999,1,770600,462360.0
earnings:25399,Counter-Strike,2017,total_mismatch,,sqlite_pipeline/html/25399.html,a8546efb0e370be50f55316a2e9d67f12ac9636c783c25f6a4c5b34b0a881a87,1,361332,350793.0
earnings:25412,Counter-Strike,2017,total_mismatch,,sqlite_pipeline/html/25412.html,cf4e3c4bbcc0c09e7345f904355787061161b6f2d105040062d4c2a60bda0aec,1,3085680,2828540.0
earnings:25425,Counter-Strike,2017,total_mismatch,,batch_runs/csgo_resumable/html/25425.html,908f258b49f677cecf2a0c4536bc301e3a0b2229927d96ea2bf8fb3f118d7b7b,1,34860,17430.0
earnings:25432,Counter-Strike,2017,total_mismatch,,sqlite_pipeline/html/25432.html,328471ce8da65755cbe5043abbaf9fa166b7157c18f6257ffd1a1002d34ca2a5,1,199658,159726.0
earnings:25497,Counter-Strike,2017,total_mismatch,,sqlite_pipeline/html/25497.html,4d5a1fe9dfe26f4d92716cc7c7208c175605cb7686a569745c3c86cf6e101192,2,1598146,1312347.0
earnings:25551,Counter-Strike,2017,total_mismatch,,batch_runs/csgo_resumable/html/25551.html,c7ba903a8c9cea86c33f8764faa0711be70f703f4e6cd29ea2f22890a746ef8a,1,34995,17498.0
earnings:25559,Counter-Strike,2017,total_mismatch,,sqlite_pipeline/html/25559.html,cd02c0506a363d926ca3d23bc810622ffc2301ef68a35d8a4345ca9a050351ab,2,383000,306400.0
earnings:25560,Counter-Strike,2017,total_mismatch,,batch_runs/csgo_resumable/html/25560.html,219057d231d69aad955f508c2592ca8998becc0cf45ba6df21862c01b7ce48cc,1,81612,61209.0
earnings:25811,Counter-Strike,2017,total_mismatch,,sqlite_pipeline/html/25811.html,3b398aa529984bc0f382bdb63313f13666f5b58d3b705ed691dd490270891490,1,60000,30000.0
earnings:25881,Counter-Strike,2017,total_mismatch,,batch_runs/csgo_resumable/html/25881.html,2c8ab4705d56bb13af3bd674fbdcbe6c1e048854599efe0da9f60e8c0fe149d4,1,418132,291720.0
earnings:25882,Counter-Strike,2017,total_mismatch,,batch_runs/csgo_resumable/html/25882.html,b106682bcd81966c4a9cc71eafea5c26e428654246d86567fa3b375063ff9506,3,1516000,1212800.0
earnings:25883,Counter-Strike,2017,total_mismatch,,batch_runs/csgo_resumable/html/25883.html,a296efd34c4fa467cfb779f5f27f3153da1aff4930b9b42f01740ce7e9c1ba7f,1,306000,299880.0
earnings:26007,Counter-Strike,2017,total_mismatch,,sqlite_pipeline/html/26007.html,3b9ccebac83b48889b1d12634ac83771ff38593f9a6839dc25b81a18cdaee487,1,415956,330318.0
earnings:26109,Counter-Strike,2017,total_mismatch,,sqlite_pipeline/html/26109.html,16724d40bd8626f94da0844ac86b7a85fdb6c67314619ffd7550d71d08383d9c,3,2860500,2288400.0
earnings:26110,Counter-Strike,2017,total_mismatch,,batch_runs/csgo_resumable/html/26110.html,f21978a537858aa972d9fe894e537bc1c00693f47e59400d959b6d2fdedbfb3c,1,121225,63499.0
earnings:26217,Counter-Strike,2017,total_mismatch,,batch_runs/csgo_resumable/html/26217.html,1a08fd1c944102dc64854d577b8c76430eeb8771a11dda3b131e0fe5cb5c3121,1,35250,17625.0
earnings:26218,Counter-Strike,2016,total_mismatch,,batch_runs/csgo_resumable/html/26218.html,6cf89e3d7ee4f912529a558c046a6edad5ea9da7e72b43bb00b78232276edf2e,2,46400,40600.0
earnings:26219,Counter-Strike,2017,total_mismatch,,batch_runs/csgo_resumable/html/26219.html,0f5bd2e51f01397c77978f72b8e2d97f5e5466db23d239618e18e7da4d011794,2,46400,34800.0
earnings:26233,Counter-Strike,2017,total_mismatch,,batch_runs/csgo_resumable/html/26233.html,392a51a5f58666df136bfebb01be145666fb5af9f229f0da930b6b6f3bdd5f70,1,366528,357874.0
earnings:26280,Counter-Strike,2017,total_mismatch,,batch_runs/csgo_resumable/html/26280.html,e1663dfdd4b913a6df4340d38b4327db75c2db33edaad6ea5d13faf689edf1ad,1,118380,98650.0
earnings:26281,Counter-Strike,2017,total_mismatch,,batch_runs/csgo_resumable/html/26281.html,75ff3008bf97e6276cde8f854d292fde3340c2a1d0add919696a868d2b5a6ac4,1,118380,90758.0
earnings:26303,Counter-Strike,2017,total_mismatch,,batch_runs/csgo_resumable/html/26303.html,e8a0f07367cdbc1211a98a6dd1ab64009e1613cf0ecc01ec109ee5b2945091ea,1,35589,17795.0
earnings:26317,Counter-Strike,2017,total_mismatch,,batch_runs/csgo_resumable/html/26317.html,ddcb7818215b05d41eec9a26f6ee75de42f4ca8b00bbb570bda4a1ef7fc619ff,3,1605450,1452550.0
earnings:26414,Counter-Strike,2017,total_mismatch,,batch_runs/csgo_resumable/html/26414.html,af16bd543384d1f674e8191d0a93cd49f28fdf92e238b5dce7087e89f4f9a387,1,300000,275000.0
earnings:26425,Counter-Strike,2017,total_mismatch,,batch_runs/csgo_resumable/html/26425.html,0d3750e3636833f42c2b91f2c54dac07650bd307ebabced31076546588b99f61,1,36015,18008.0
earnings:26695,Counter-Strike,2018,total_mismatch,,sqlite_pipeline/html/26695.html,08897dc131b400f8c2e214e5bd8e2f290977fcc89cc6ade9f0022d8cb11303c5,2,260000,220000.0
earnings:26696,Counter-Strike,2018,unavailable,missing_or_ambiguous_country_heading,sqlite_pipeline/html/26696.html,fadcce7159d7ce7028ed687f3925b6be83ea4d0c0c1926232ea9279a84065697,0,260000,
earnings:26945,Counter-Strike,2018,total_mismatch,,sqlite_pipeline/html/26945.html,4b769f9256c28e135d4b1c9e555569d71f6611eb5560a2a6874b8ba4f9572df6,2,279113,241898.0
earnings:26969,Counter-Strike,2018,unavailable,missing_or_ambiguous_country_heading,sqlite_pipeline/html/26969.html,58001ea9ab2a3170206e8a56f1c2b50cffc4c1d31c958e4c1469a431365f5251,0,250000,
earnings:27054,Counter-Strike,2017,total_mismatch,,sqlite_pipeline/html/27054.html,c5dbd3fe3952de397d9f6a70867539c0edb8d5998609b07ae768a287b80ac654,3,959769,792292.0
earnings:27083,Counter-Strike,2018,unavailable,missing_or_ambiguous_country_heading,batch_runs/csgo_resumable/html/27083.html,05ada99af7feadfd6dda243e241621064fc6021117009acd1f2c1c249df729b1,0,35000,
earnings:27091,Counter-Strike,2018,total_mismatch,,sqlite_pipeline/html/27091.html,c8d05e0a866816b45fbdf0581bc21a17261b9c8cb1262b39fb9b8c2eb823c281,2,1000000,600000.0
earnings:27277,Counter-Strike,2018,total_mismatch,,sqlite_pipeline/html/27277.html,f68cfb1ea4bf391c3f0f3fcb218ec49d3763b1c179efd4c483b11a76fa39fc30,1,41375,33100.0
earnings:27288,Counter-Strike,2018,total_mismatch,,batch_runs/csgo_resumable/html/27288.html,81f97d15a52caf9539dc60185ff4c36491748b562d181a2a2a21e6e560c2d6ad,1,205295,186632.0
earnings:27344,Counter-Strike,2018,total_mismatch,,sqlite_pipeline/html/27344.html,9af7174b51774f5856391950c5f344562069b0f5210373cd66d7b3b916fbb83a,1,529125,255000.0
earnings:27462,Counter-Strike,2018,total_mismatch,,sqlite_pipeline/html/27462.html,9a72c033dd83ac7286c1e0b7160bc367d720d8aae0a59ca30e2191d9c9ba4536,8,246540,246543.0
earnings:27621,Counter-Strike,2018,total_mismatch,,batch_runs/csgo_resumable/html/27621.html,6157669a382dea74943298b4fbaa3ad1d8015ff73c8660f93fac72ada02a5d69,9,400000,360000.0
earnings:27639,Counter-Strike,2018,total_mismatch,,sqlite_pipeline/html/27639.html,2725e76c6e8cc13bde11129469aae40de548a6f4f44eb73fc6fd104999563dec,2,753920,603136.0
earnings:27733,Counter-Strike,2018,total_mismatch,,sqlite_pipeline/html/27733.html,c07974b230d0c81a856f0e05ca8dd88b8eaace3ee47d14f04dc0563cab199bde,1,1163470,1134383.0
earnings:27734,Counter-Strike,2018,total_mismatch,,sqlite_pipeline/html/27734.html,06ed5481d30a1a45d2f0a66b4feaf6eaa480270815e9a0d658532b697840d9bc,1,1566660,1525255.0
earnings:27751,Counter-Strike,2018,total_mismatch,,sqlite_pipeline/html/27751.html,2298116fc535a8e02323dac96e69a8a571fc667225a379872f702dad7989273b,1,348900,232600.0
earnings:27833,Counter-Strike,2018,total_mismatch,,sqlite_pipeline/html/27833.html,307eab36516d3d7fea4131a5843684b27e9c8a5f46fd0edaa3ca0b59ad92c901,1,531014,499154.0
earnings:27903,Counter-Strike,2018,total_mismatch,,batch_runs/csgo_resumable/html/27903.html,32ec73e32350f9325a9e7c085b5615bd7cb84dbe45a423528e11c3729b0f81d3,1,125400,119130.0
earnings:27905,Counter-Strike,2018,total_mismatch,,sqlite_pipeline/html/27905.html,1ee665fa682f1294546afcac276029719cde53dd59e07abba9e1b7441f12bee7,3,816410,548162.0
earnings:27906,Counter-Strike,2018,total_mismatch,,sqlite_pipeline/html/27906.html,c8dea0e9dce1bd622cb37c9a44e03b92e3f2f0138c9d50078bad6641dc4fc38f,1,43912,39521.0
earnings:28699,Counter-Strike,2018,total_mismatch,,sqlite_pipeline/html/28699.html,b39d0e329a9c073adffbc16551b12edf9d86bfd1b617621948dc6b89b910f524,1,179280,89640.0
earnings:28763,Counter-Strike,2012,unavailable,missing_or_ambiguous_country_heading,sqlite_pipeline/html/28763.html,63e44be1482197391a9dc06188f052ec1f5de606164d49b6a42f5dd1d9b670f0,0,0,
earnings:28813,Counter-Strike,2018,total_mismatch,,sqlite_pipeline/html/28813.html,b15cfc2487d0005b90b57a0263341e02eca4c89cd43578bfedef82417f7ce630,1,177240,88620.0
earnings:28854,Counter-Strike,2018,unavailable,missing_or_ambiguous_country_heading,sqlite_pipeline/html/28854.html,4a6a203ec905bcb556576f6fa1bc55b7f449abf255504cb329b7b7fd6aeecd00,0,262700,
earnings:28864,Counter-Strike,2017,unavailable,missing_or_ambiguous_country_heading,batch_runs/csgo_resumable/html/28864.html,5b8d8cc6d97f20f4cde58d8a826df5481fc5d1b3385889717d714e6a5b9a4fd0,0,109907,
earnings:28952,Counter-Strike,2018,unavailable,missing_or_ambiguous_country_heading,sqlite_pipeline/html/28952.html,aa2c94625658c101b8f522770d81fc8cd6b0fc47440a6f5d8432dde57b23d0a4,0,180840,
earnings:28953,Counter-Strike,2018,unavailable,missing_or_ambiguous_country_heading,sqlite_pipeline/html/28953.html,2429afb19b2e11bc61dba971bd44ece57e99bad86d009e28a8a21d310993b5ce,0,180840,
earnings:28954,Counter-Strike,2018,unavailable,missing_or_ambiguous_country_heading,sqlite_pipeline/html/28954.html,9ffcf3d7e95fcc3e286278a80e26f6414035a0cc8082d7dcd045bb2ee40cc746,0,176040,
earnings:28970,Counter-Strike,2018,unavailable,missing_or_ambiguous_country_heading,sqlite_pipeline/html/28970.html,ef738b53e24b58f3b0d02c2e35ffbaa0e7280efc106fcaa9526148a96e7df540,0,175662,
earnings:28971,Counter-Strike,2018,unavailable,missing_or_ambiguous_country_heading,sqlite_pipeline/html/28971.html,a51fdc185ade90f51b5858e4f5c05b5655c915aed2ab8823e6d701d555681ac2,0,175662,
earnings:28973,Counter-Strike,2018,unavailable,missing_or_ambiguous_country_heading,sqlite_pipeline/html/28973.html,517d91ef47d2e2128d7b410cca5a8a794e02963508cc57b0020ecd2b1d2047c6,0,60280,
earnings:29084,Counter-Strike,2018,unavailable,missing_or_ambiguous_country_heading,sqlite_pipeline/html/29084.html,82a4f894b9b03cd3c6bdd748ca70427bd52b9d98de9267d8d17dd258d9ea7b5c,0,175320,
earnings:29085,Counter-Strike,2018,unavailable,missing_or_ambiguous_country_heading,sqlite_pipeline/html/29085.html,266a9b9ea6dd04cce6a237226fe9308f5fad59157d03d601c6fc719fcf79ee01,0,175320,
earnings:29214,Counter-Strike,2018,unavailable,missing_or_ambiguous_country_heading,sqlite_pipeline/html/29214.html,e316d990c854efa5e9221d1c34721da1970ca3c6c5041104f263a320877a6d3b,0,58554,
earnings:29215,Counter-Strike,2018,total_mismatch,,sqlite_pipeline/html/29215.html,02042afe99c2b1830535e6a9b0dcff27d994b3d7139b5dfea60bbf4a1324b7bb,1,174480,87240.0
earnings:29216,Counter-Strike,2018,total_mismatch,,sqlite_pipeline/html/29216.html,439113156247f3c444bcac528151289d11861a9b47e2b8c4cc22ee86a27aef0d,1,174480,87240.0
earnings:29217,Counter-Strike,2018,unavailable,missing_or_ambiguous_country_heading,sqlite_pipeline/html/29217.html,2ea1e6342f6cf09b6303bd99ef151d7c6d5807830a36dac44023a74994b36166,0,174480,
earnings:29218,Counter-Strike,2018,total_mismatch,,sqlite_pipeline/html/29218.html,828668ec3b89cb518dbe123d43d9664a6ce692e895c33230a73a80fec50a36e6,1,174480,87240.0
earnings:29314,Counter-Strike,2018,unavailable,missing_or_ambiguous_country_heading,sqlite_pipeline/html/29314.html,081c900c5e40712d6143a493bea188b128dfa453f15e782c5c8e53f14e9f2b3c,0,176372,
earnings:29315,Counter-Strike,2018,unavailable,missing_or_ambiguous_country_heading,sqlite_pipeline/html/29315.html,7b170f826198f93a7ef701e745adca1272518aca373366817ca17ddb9188f071,0,176372,
earnings:29456,Counter-Strike,2018,total_mismatch,,sqlite_pipeline/html/29456.html,26f03e6d9da6d15a997b0db7914cb20b7a973c80002d5b3a3f9efec6d67cda8f,1,176280,88140.0
earnings:29469,Counter-Strike,2018,unavailable,missing_or_ambiguous_country_heading,sqlite_pipeline/html/29469.html,187ae2b8f8e0664a829d07f645261e84336a17fd9da649670e3b78531812a2b0,0,88140,
earnings:29524,Counter-Strike,2018,unavailable,missing_or_ambiguous_country_heading,sqlite_pipeline/html/29524.html,b8a881bfeb64daa8237c64e10dafa59a97ec73c330e4b986f8b71191173128e5,0,175680,
earnings:29525,Counter-Strike,2018,total_mismatch,,sqlite_pipeline/html/29525.html,c29e681ded29e24f76971ee02ff2bc7d3373414c6a7f1becd9cbb5512962f887,1,175680,87840.0
earnings:29559,Counter-Strike,2018,total_mismatch,,sqlite_pipeline/html/29559.html,5466bb7d3a0db0ebc04ae0a65b660aaa18cc9c9f5ee2d317a7b94ad5a59297c3,1,1976400,878400.0
earnings:29560,Counter-Strike,2018,total_mismatch,,sqlite_pipeline/html/29560.html,c6f059eba4d41b13302086f51f729c2a404d70e72513ec03421abce40499a493,1,307440,204960.0
earnings:29611,Counter-Strike,2018,unavailable,missing_or_ambiguous_country_heading,sqlite_pipeline/html/29611.html,207348a282ad09e91eac2752e03e506d9101e4e86ce7bfa3224182d0f3b98951,0,759720,
earnings:29612,Counter-Strike,2018,total_mismatch,,sqlite_pipeline/html/29612.html,2ab29d5adc5a955f9698312afcd70ce33b541d3fc7a1806338f56a37a9022313,1,2045400,876600.0
earnings:29644,Counter-Strike,2018,unavailable,missing_or_ambiguous_country_heading,sqlite_pipeline/html/29644.html,29043a3f5d988aa7f0ee1c9419d7b15ba2eb99641e57a2a6214d8dd2a93af4ca,0,87660,
earnings:29842,Counter-Strike,2018,total_mismatch,,sqlite_pipeline/html/29842.html,348fc4f2a362c680ec6875544418bed1769f51f067a8558be26c8a40d85b231e,3,361250,289000.0
earnings:29906,Counter-Strike,2018,total_mismatch,,sqlite_pipeline/html/29906.html,0c4a6074e9c572f5c39abf41508b82d55339a14019f24efaba3933e6aa192d30,1,1019200,582400.0
earnings:30041,Counter-Strike,2018,unavailable,missing_or_ambiguous_country_heading,sqlite_pipeline/html/30041.html,b7516590cbb7b580e56ee8c58dd591e321fc8010f90f5833df0af910f0576810,0,0,
earnings:30151,Counter-Strike,2018,total_mismatch,,batch_runs/csgo_resumable/html/30151.html,547f23785ceaf8832c6548e1ea63c58fbd5004be51c6ea869a121b423525ca61,6,500000,480000.0
earnings:30196,Counter-Strike,2018,total_mismatch,,sqlite_pipeline/html/30196.html,753bfdc7e46b2be103147ab8ec5337be5f6bdb64972d8d40c785c109507fa5fc,1,150000,75000.0
earnings:30212,Counter-Strike,2018,total_mismatch,,sqlite_pipeline/html/30212.html,9e377980c588750aa98145f8b92bbd49aca82374251533c9ed468a48940ff64d,3,1036800,832896.0
earnings:30275,Counter-Strike,2018,total_mismatch,,sqlite_pipeline/html/30275.html,d2715143816b8b7ae00b4f383c1d40a9571b2aed2dbe12d42870d288ed38d604,1,681740,511305.0
earnings:30369,Counter-Strike,2018,total_mismatch,,sqlite_pipeline/html/30369.html,a040fb049f336501102f0043525d4d28ba8197a9b5bd7f23ac1d43954c486e21,2,800000,700000.0
earnings:30574,Counter-Strike,2018,total_mismatch,,batch_runs/csgo_resumable/html/30574.html,471f3839b623107dfb47f5ede6a607ef52df61eb2b1c9b0705ede1248bf214ac,2,1165365,874024.0
earnings:30847,Counter-Strike,2018,unavailable,missing_or_ambiguous_country_heading,sqlite_pipeline/html/30847.html,d9fe3993fed564230035e35aa6e4374f95017d522d4931ad2b45dad0c49c8ae9,0,286850,
earnings:30854,Counter-Strike,2018,unavailable,missing_or_ambiguous_country_heading,sqlite_pipeline/html/30854.html,0e1b99f6648567fdc2d480b9a39746e7156a6766fac7ec62ee65607f2137b08a,0,0,
earnings:3116,Counter-Strike,2013,total_mismatch,,batch_runs/csgo_resumable/html/3116.html,95c4c10457a7ab1f085f1004fd078055b39f5cd1d5c58e45aa89dd8b0e09a619,2,3025278,2870136.0
earnings:32870,Counter-Strike,2018,total_mismatch,,sqlite_pipeline/html/32870.html,3de6aef33b54376a8c5b65ecdeaa1163413d88f4386862af6eeb784e5cd20462,3,225000,125000.0
earnings:33212,Counter-Strike,2017,total_mismatch,,sqlite_pipeline/html/33212.html,f732a33e7acaa3d1002396a69a81d46372a7dbd804106bb3e30794a6d63cf252,3,26600,23100.0
earnings:33497,Counter-Strike,2019,total_mismatch,,batch_runs/csgo_resumable/html/33497.html,12829081b4ec254a3afb521ecf0a9046b01f1b0bfe17dfc1ea87952261e3f15b,1,226265,135759.0
earnings:33537,Counter-Strike,2019,total_mismatch,,batch_runs/csgo_resumable/html/33537.html,d06d8b148be4e93116ef3d80b2eaeb355fbee26c5fa1b2fd7f52594b626ec25d,1,92445,79239.0
earnings:33699,Counter-Strike,2019,total_mismatch,,batch_runs/csgo_resumable/html/33699.html,649d844bb877289a4cd0037b3fc1ccc5083fa5af0589f956a43c42a679678939,2,250000,175000.0
earnings:34154,Counter-Strike,2019,total_mismatch,,batch_runs/csgo_resumable/html/34154.html,10e66f3784a026b5ca253b947d378729a05f52c2c4a6980ffcebe7647b9d32b6,11,557450,557453.0
earnings:34800,Counter-Strike,2018,total_mismatch,,sqlite_pipeline/html/34800.html,d5a14058a3df19ae972853736fe78b3a3de920a817fd8c7788e6938af1f76584,1,548236,438589.0
earnings:34933,Counter-Strike,2019,total_mismatch,,sqlite_pipeline/html/34933.html,b8cb863298a91b7d4165de1e81e1a445fb7c8708df68a9cf9f0a2e61c71da226,2,1053000,1026675.0
earnings:34950,Counter-Strike,2019,total_mismatch,,sqlite_pipeline/html/34950.html,fdd5d02101895501a79c721686de4b8cd08d4d3b0b7bcbcb161af5013707ae4a,2,475246,388838.0
earnings:35353,Counter-Strike,2019,total_mismatch,,sqlite_pipeline/html/35353.html,029c2989abb481cf458956062fba54beb3f465376038b2624185d08b6a75c096,2,732225,718707.0
earnings:35410,Counter-Strike,2018,total_mismatch,,sqlite_pipeline/html/35410.html,e6c135437994e8004526a872a24898f43806b7fc6d4070d86f90f16137641e9f,2,664115,276715.0
earnings:36227,Counter-Strike,2019,total_mismatch,,sqlite_pipeline/html/36227.html,0eb8a9dd5309d789deb7797b358b742ec89e6087ff00c5fc53602459e9f16cfd,2,286865,258178.0
earnings:36353,Counter-Strike,2019,total_mismatch,,batch_runs/csgo_resumable/html/36353.html,5bf9f7d5e4eaa20e85ef7da05c849b235389cc638c5c8eb2af8fd0c16b98b59d,1,115407,104699.0
earnings:37144,Counter-Strike,2019,total_mismatch,,sqlite_pipeline/html/37144.html,9cab52dcc8561d46fe42b63e3271906313302ddce4549e48a601bc10b604061e,1,150000,115000.0
earnings:37904,Counter-Strike,2019,total_mismatch,,sqlite_pipeline/html/37904.html,4efa7b2c1baf473ec0820d63a8ed4aa6c9f8b57fc04a884483bb27c6b361acc6,12,33060300,33060303.0
earnings:38186,Counter-Strike,2019,total_mismatch,,sqlite_pipeline/html/38186.html,0926ba930addc009cf91d02a3c01ab6ef14b01c8ff281f41bcd6a0f9aabad618,1,709000,496300.0
earnings:39003,Counter-Strike,2019,total_mismatch,,sqlite_pipeline/html/39003.html,81b9d3b1fa34820010fb597afef1ff58df59d3f605500267441dcbbe7956d22a,1,469800,344520.0
earnings:39043,Counter-Strike,2019,total_mismatch,,batch_runs/csgo_resumable/html/39043.html,f239f9090180f744c0eee4c474ad9c35e5ec6188909c297157890e74edf2fded,1,626400,469800.0
earnings:39147,Counter-Strike,2014,total_mismatch,,batch_runs/csgo_resumable/html/39147.html,dfef02ff058145bceff3961f9100c0ce8970b7e163c5b41f5c410f8f5d518b62,1,83478,68869.0
earnings:39197,Counter-Strike,2016,total_mismatch,,batch_runs/csgo_resumable/html/39197.html,5190ce399a02c31e0048182898365b2219cb48db87da3aeac571b1c2b2d6b001,1,425406,297784.0
earnings:39351,Counter-Strike,2019,total_mismatch,,batch_runs/csgo_resumable/html/39351.html,929b6bf5f0abd5910ea42941422f0d7ad8863ad305a04f7f2f3c71db2bc38dbd,1,2250000,2000000.0
earnings:39421,Counter-Strike,2019,total_mismatch,,sqlite_pipeline/html/39421.html,eaab5c5e2bad3c37c330172a2bfc0e9a8683a907ed416396318952ed15525273,1,1429875,1325250.0
earnings:39502,Counter-Strike,2019,total_mismatch,,batch_runs/csgo_resumable/html/39502.html,a416605e3f14df0d3a62601e4d49c1b5bb673f052d61beba60f84bf3dfa61c7b,1,71602,35801.0
earnings:3962,Counter-Strike,2013,total_mismatch,,batch_runs/csgo_resumable/html/3962.html,bf65ba9a0a82b4238a002b2414441a207870f8b6aef82049ccfa95d089afa52b,2,1000000,900000.0
earnings:39702,Counter-Strike,2019,total_mismatch,,batch_runs/csgo_resumable/html/39702.html,e2613e56af316f67dd09c2d707b4db8bb0372b15ed528e0ee0fbc9fef103e310,1,3708,2781.0
earnings:39941,Counter-Strike,2019,total_mismatch,,sqlite_pipeline/html/39941.html,9974d0ec67b408f73586f4afa6fac70c0195b32943a26796a5d27a584ee6a304,3,84623,72534.0
earnings:40048,Counter-Strike,2019,total_mismatch,,sqlite_pipeline/html/40048.html,55c2a88635e389423fea167c388287c2d9e2ae3ad5c2e7728e5318e0bf08a595,1,910090,673467.0
earnings:40333,Counter-Strike,2018,total_mismatch,,sqlite_pipeline/html/40333.html,c79f230d730fc0bb3c0f7d0b2cb9014f39b0c18df1489982d5037119844c2e92,1,300000,290000.0
earnings:40545,Counter-Strike,2020,total_mismatch,,sqlite_pipeline/html/40545.html,1e0e893c03146b794da607a73f9102a79400f0e40cdeefcc28b91c0f802a9ad5,2,678915,565763.0
earnings:40721,Counter-Strike,2020,total_mismatch,,sqlite_pipeline/html/40721.html,7b9a6f051d38c002b1f25e13f2177854c7196ebd4ead13749a6a6cc95243b57b,3,414216,310663.0
earnings:40965,Counter-Strike,2020,total_mismatch,,sqlite_pipeline/html/40965.html,3010baef0925b2a3f45a3d218ec9ed24ae67f8eddba4b88b8e6a9368bbfc2e45,7,424680,389290.0
earnings:4102,Counter-Strike,2013,total_mismatch,,batch_runs/csgo_resumable/html/4102.html,70244930db4746acfea04014abf6b9ac239fb8f43170490cddf5c264f916a387,2,694856,617649.0
earnings:41031,Counter-Strike,2020,total_mismatch,,sqlite_pipeline/html/41031.html,f4c01828b3f73ac5e8b9a993217bc961b17df69e240d073e21aa6a0d24b6e550,3,437450,306250.0
earnings:41199,Counter-Strike,2020,total_mismatch,,batch_runs/csgo_resumable/html/41199.html,ab72fc7d0cdc6ce25001ecdce3ce3ad8f204e46a0830246246e4d21009c853e8,1,89925,49050.0
earnings:41305,Counter-Strike,2019,total_mismatch,,sqlite_pipeline/html/41305.html,5263f0157c9d0bc7ec4fb331402ed991bed492ae2769da58e239b051c303dda5,3,522210,417768.0
earnings:41371,Counter-Strike,2020,total_mismatch,,sqlite_pipeline/html/41371.html,a8d7b90dc54527fcc558fdcf4ea689f1524c0a7bb3e56e9ab5e6edde35653da7,3,178890,143112.0
earnings:41372,Counter-Strike,2020,total_mismatch,,batch_runs/csgo_resumable/html/41372.html,d69db01d817917af2e6af6d8f7b22246efaaa05f4f604df521bc6d57ef7ab0db,1,324639,297586.0
earnings:41417,Counter-Strike,2020,total_mismatch,,sqlite_pipeline/html/41417.html,7f8d86435d2edffe91b4413baf6657d112f5889a662a29a1e44f8b0b63f55d49,4,758233,541594.0
earnings:41482,Counter-Strike,2020,total_mismatch,,sqlite_pipeline/html/41482.html,b6946ae9cf87204ba4e262cac9631464e6e611f1619eeffa225cf434cd107dbf,1,406230,216656.0
earnings:41699,Counter-Strike,2020,unavailable,missing_or_ambiguous_country_heading,sqlite_pipeline/html/41699.html,a400fe7ce1eea05ee0ec033593f734cc1a15f4d844760b24ea24b5c15ecf083c,0,284760,
earnings:41713,Counter-Strike,2020,total_mismatch,,sqlite_pipeline/html/41713.html,e7999fefd8add46c320049348b8c99657d46dabcbf3bd4797dd2ad816943fa30,3,339620,322741.0
earnings:4173,Counter-Strike,2014,total_mismatch,,batch_runs/csgo_resumable/html/4173.html,8e53879092e518f85c41a3527d0f749741c14d60ab51e0c6219f3d615233c8c9,1,136684,105930.0
earnings:41754,Counter-Strike,2020,total_mismatch,,batch_runs/csgo_resumable/html/41754.html,4f87cc11efcbfab1647b81b4f9c4501b9d9ab633881f9d68ae92296d6130078f,1,861725,517035.0
earnings:41989,Counter-Strike,2020,total_mismatch,,sqlite_pipeline/html/41989.html,cffe4f9e9c220dc98fcc90629f7c61e7fd20e01d13eebb16ef8ac10276d12203,1,227100,219530.0
earnings:42079,Counter-Strike,2020,total_mismatch,,sqlite_pipeline/html/42079.html,ef0f11925caec2e7a6560240350f8fc70a3d96cc97a4edc85a5aa096d1a87683,1,6745440,6070896.0
earnings:42129,Counter-Strike,2020,total_mismatch,,sqlite_pipeline/html/42129.html,cb0fa817370c4d6e6ab6a64df25da11054b52b0df5d8503db337507a9d161812,3,423330,296331.0
earnings:42150,Counter-Strike,2020,total_mismatch,,sqlite_pipeline/html/42150.html,21474e041ceca27ea063108bd632f535a8cc225caa74eb3741478eae6383412e,1,128625,84344.0
earnings:42152,Counter-Strike,2019,total_mismatch,,sqlite_pipeline/html/42152.html,b2ebc0214d40589d5d5d7134dcd421cf8c97e678095ad062dd35d7407bafdb2f,2,1895455,1760065.0
earnings:42248,Counter-Strike,2020,total_mismatch,,batch_runs/csgo_resumable/html/42248.html,3df4521e1068fb29f77670f97f76c421f9adb5afeddb2e725642c785fbc5084e,1,263620,225960.0
earnings:42500,Counter-Strike,2020,total_mismatch,,batch_runs/csgo_resumable/html/42500.html,8797f359825b82741aaa5fe9f42f55c6572b910a48caf27de20b4d7ffa55eb23,1,736230,723426.0
earnings:42799,Counter-Strike,2019,unavailable,missing_or_ambiguous_country_heading,batch_runs/csgo_resumable/html/42799.html,3d730982d16dc883c81b65d7338e88c2e8fd922e45f9b9b104cf0bbdf79d1445,0,240000,
earnings:42802,Counter-Strike,2020,total_mismatch,,batch_runs/csgo_resumable/html/42802.html,88c536a4a9308787c15d22a30926f11eea4f608017e056b25e60ac5a2786d93f,1,467250,293700.0
earnings:43228,Counter-Strike,2020,total_mismatch,,batch_runs/csgo_resumable/html/43228.html,90592a298d68ad67567659246dda9dced27d44c86b2443a4819137ae4609028e,6,4826250,4811625.0
earnings:43337,Counter-Strike,2020,total_mismatch,,batch_runs/csgo_resumable/html/43337.html,4ac1a444f9ffb50c6ef0ee66c0c8c10597499a34a796aa09d255656a57850d0c,19,6155604,6155608.0
earnings:43403,Counter-Strike,2020,total_mismatch,,sqlite_pipeline/html/43403.html,3df375eef070f8218e9f554d4a16b84fe1be95eed3266ebcf34acfcd42f88cc6,1,450000,200000.0
earnings:43510,Counter-Strike,2020,total_mismatch,,batch_runs/csgo_resumable/html/43510.html,99f359b915cd049de7b409c6c834c90aff51b7a3fb1665ae2a0ed5913a86b282,3,1872000,1638000.0
earnings:43572,Counter-Strike,2020,total_mismatch,,batch_runs/csgo_resumable/html/43572.html,63388a550c5aafa296167fa2be3c38c9824aa124dea849f381cc60bebc5321dd,4,180900,150750.0
earnings:43762,Counter-Strike,2020,total_mismatch,,batch_runs/csgo_resumable/html/43762.html,cce24ca350b5e3914ecb73b45fa1d9f969c67dfa9c649bcb486ff3b6cd6b0e3c,1,194700,168740.0
earnings:43812,Counter-Strike,2020,total_mismatch,,sqlite_pipeline/html/43812.html,a1e2857d6056b9c37cab267427b99675399ac67dd07f9a468ce8b4498ddd7cda,1,2353600,2000560.0
earnings:43816,Counter-Strike,2020,total_mismatch,,sqlite_pipeline/html/43816.html,e81fc063f6d4fb08b574f56c634cd956451e0b3e0022fee08ad100e0d17d6d1c,3,300000,275000.0
earnings:43819,Counter-Strike,2020,total_mismatch,,sqlite_pipeline/html/43819.html,23decd04c29ec787ab630af769de3ed0c8499c0a833df863c7538a7f2a913def,3,441834,348815.0
earnings:43820,Counter-Strike,2020,total_mismatch,,sqlite_pipeline/html/43820.html,fcf51eb8464890301daa34753fef0d08edb69c465bca5e29698a7bb8ed685312,1,482488,235360.0
earnings:43821,Counter-Strike,2020,total_mismatch,,sqlite_pipeline/html/43821.html,d841ba3e04d8a23ce332356d648eac9868ec8eb079cb9156adda615e8fb8d6a3,3,174408,81390.0
earnings:44138,Counter-Strike,2020,total_mismatch,,batch_runs/csgo_resumable/html/44138.html,15cb6c8c068d5a5ea588e3d0091a0ccc3fae5b4c34d5731b389baf5faf38a29e,1,184730,166257.0
earnings:44235,Counter-Strike,2020,total_mismatch,,batch_runs/csgo_resumable/html/44235.html,029a13f43bd46eef080751fdefac91f716cacf3b6298ace1aba5c0951e38dffa,2,177494,124245.0
earnings:44376,Counter-Strike,2020,total_mismatch,,sqlite_pipeline/html/44376.html,5ee96ba304ad0a5a8d6774fdf3325c74883b1401144d39e25589efaaa4660dbc,6,1014042,536848.0
earnings:44654,Counter-Strike,2020,total_mismatch,,sqlite_pipeline/html/44654.html,ea6c530e096c53922d9c28f41d3eb67e5ba07dd33f822dc6676521511030f5ff,1,109800,61000.0
earnings:44655,Counter-Strike,2020,total_mismatch,,sqlite_pipeline/html/44655.html,ea22e9455fe36149e83e18f745e020a668e19b9ff60fbaa02dc7ef2d86e88e44,1,117000,97500.0
earnings:44656,Counter-Strike,2020,total_mismatch,,sqlite_pipeline/html/44656.html,90df90fbbfaebbeb1f6f43945ca6c7ae2d5d3ec382a80f31faa80a2b7bf437b6,2,125100,69500.0
earnings:44658,Counter-Strike,2020,total_mismatch,,batch_runs/csgo_resumable/html/44658.html,c10a48bb0a780df2a818f04040018f54f7d79c598f90a4d1a741300dbbd35ea3,3,490284,343198.0
earnings:44742,Counter-Strike,2020,total_mismatch,,sqlite_pipeline/html/44742.html,99516f61eeda23a563c288bc7678a7177e63f709031a1c228a329a55e5db9eb6,1,459053,244828.0
earnings:44793,Counter-Strike,2020,total_mismatch,,sqlite_pipeline/html/44793.html,a0aecbdd3b1d0b66430d0b5b6908882a058203dcd1178ba11161949d3f57a350,1,10901895,2878740.0
earnings:44794,Counter-Strike,2020,total_mismatch,,sqlite_pipeline/html/44794.html,9fd962dcd60e85e886ed0fa9bc748cd4710d2e8cdab6e7b7a716bc302f7f0edf,1,6422650,2691650.0
earnings:45198,Counter-Strike,2021,total_mismatch,,batch_runs/csgo_resumable/html/45198.html,e7d798d442dc7c7750b4b02f0a719ad52a5d737c9a4874cb4c9f534fae5d0923,1,404518,333133.0
earnings:45344,Counter-Strike,2021,total_mismatch,,batch_runs/csgo_resumable/html/45344.html,a0f1497d006f32a330936053147f6a1a42cf42628c1fdece8a57b62026894bbd,6,1000000,800000.0
earnings:45478,Counter-Strike,2021,total_mismatch,,sqlite_pipeline/html/45478.html,ee4f5d97ae50e5315af8367b8dcca2ecf4f2667690a4f28cb4b46fa635cf3435,3,150000,100000.0
earnings:45686,Counter-Strike,2021,total_mismatch,,sqlite_pipeline/html/45686.html,b8e8dc04295d3f8d50634d8e774331b0b2d483f6158b48f03ada056065f3dafd,1,304933,231749.0
earnings:45687,Counter-Strike,2021,total_mismatch,,sqlite_pipeline/html/45687.html,fa94a4ad9e9e37ef0687225939c7ef7c81ff26fffc82aa2cce9cd43cba7be20e,2,297600,148800.0
earnings:45756,Counter-Strike,2020,total_mismatch,,sqlite_pipeline/html/45756.html,76e3a3fc87c051a9bedddecec79f04fa6f68ae248637904bd5e38ee0f585a21e,4,1566448,1120613.0
earnings:45826,Counter-Strike,2021,total_mismatch,,sqlite_pipeline/html/45826.html,650eeaf6d9588ec12d564b01d9133643e785586e7da92081793a20e1d7247d19,3,1702490,1412999.0
earnings:45987,Counter-Strike,2021,total_mismatch,,sqlite_pipeline/html/45987.html,21b803adec3ec9b1bb2086c3d55180ff9ecad7749c77d79246205ea09064f697,3,500000,420000.0
earnings:46006,Counter-Strike,2021,total_mismatch,,sqlite_pipeline/html/46006.html,922239d31c3f4f966ab223a52cfff242cbc21db57e34278c52bcb9a112fde903,6,500000,440000.0
earnings:46103,Counter-Strike,2021,total_mismatch,,batch_runs/csgo_resumable/html/46103.html,ac169a94264926857f8c50db0edaf041bcf7dec9de9a526e8595d4c700809059,11,1000000,900000.0
earnings:46303,Counter-Strike,2021,total_mismatch,,sqlite_pipeline/html/46303.html,8e734a3ea68ae22ecd52f90d923bf9d41143e417bde8555d8b85b5036581a0e7,1,432712,251694.0
earnings:46438,Counter-Strike,2021,total_mismatch,,sqlite_pipeline/html/46438.html,f2633e8c06a2c1dba7b7d0fa189522d17efc46a6c23317fbac8640f1171c0a95,1,398010,331675.0
earnings:46439,Counter-Strike,2021,total_mismatch,,sqlite_pipeline/html/46439.html,65eb38b8b656c388145cc0e1371d21a58cab15520370aeb9174a3f21cf9c6f73,3,500000,485000.0
earnings:46589,Counter-Strike,2021,total_mismatch,,sqlite_pipeline/html/46589.html,925af2d0ef7a5e123e0104dbb3b6b44ce199f874ba3ceb0be95e193124374954,3,533500,495461.0
earnings:47355,Counter-Strike,2021,total_mismatch,,batch_runs/csgo_resumable/html/47355.html,71bbb5af0994bda7b3a591fe73d97d89fbb7926d4d25de5d9aa1894b723af4d4,6,536860,536863.0
earnings:47620,Counter-Strike,2021,total_mismatch,,batch_runs/csgo_resumable/html/47620.html,5c2e4c79c07851d7e66868a9fc7ffb4b3b0d82ff7145da10f764d415c02257cd,2,170100,81000.0
earnings:47770,Counter-Strike,2021,total_mismatch,,batch_runs/csgo_resumable/html/47770.html,77ac38b088e7ff32a279b05a7323343835043556e594bf25daa3bba6f6946e2c,5,2022000,1877091.0
earnings:48584,Counter-Strike,2021,total_mismatch,,sqlite_pipeline/html/48584.html,88a635ffae54a2133137c082d752eb038207c723828990922909535040ae3cfb,1,176040,140832.0
earnings:48696,Counter-Strike,2021,total_mismatch,,sqlite_pipeline/html/48696.html,4aaedbf1ad64fa21efe233bf3677b2847829878cd40fbad8c71ad328e111ea9c,1,321520,160760.0
earnings:48704,Counter-Strike,2021,total_mismatch,,sqlite_pipeline/html/48704.html,4ec84a1a99ecfa70092a73c4a42720419c668c19666a1c34606473d137a5ae98,1,902400,649728.0
earnings:48752,Counter-Strike,2020,total_mismatch,,sqlite_pipeline/html/48752.html,84dd4514e6922f534e4d933bf842dbb41c39eae7ab6512b03e8b6622dc22e33f,9,800000,784000.0
earnings:48820,Counter-Strike,2021,total_mismatch,,sqlite_pipeline/html/48820.html,bceff73d173b867ccc07c70e9a5d743e60c4cec1b9298cb6f107f8ca956d8143,5,75947616,29013695.0
earnings:49018,Counter-Strike,2021,total_mismatch,,sqlite_pipeline/html/49018.html,6b1ac0b5d118a0c6a3e880ee99351f84fba27293892f4730a5383deb2f834be3,5,75947616,29013695.0
earnings:49104,Counter-Strike,2021,total_mismatch,,sqlite_pipeline/html/49104.html,f1816e24f96a1ae1fc18d1eafc08bb28ca2dd6e67b1bae61f9489313cdde35ac,15,2042490,1974406.0
earnings:49115,Counter-Strike,2021,total_mismatch,,sqlite_pipeline/html/49115.html,b92132aef337824facf2e0f8c6b6ad638049859c4c3f11181f2b3fd498b276f3,2,785000,625000.0
earnings:49134,Counter-Strike,2021,total_mismatch,,sqlite_pipeline/html/49134.html,42a0e3b4fe7636371a0a96c6d99b5208b980a257f63bffb56d9c53c9c12d3f9c,3,400000,140000.0
earnings:4932,Counter-Strike,2014,unavailable,missing_or_ambiguous_country_heading,batch_runs/csgo_resumable/html/4932.html,af8fa204a7280a0cd30dc1db108f57f2b3e20354e422fbfff2dfbf70c19f05c2,0,164578,
earnings:4935,Counter-Strike,2014,unavailable,missing_or_ambiguous_country_heading,batch_runs/csgo_resumable/html/4935.html,3fb702b5e810f054090ffdbd505fef9bb72364491a7834c71492a87be1b41049,0,164521,
earnings:49550,Counter-Strike,2021,total_mismatch,,batch_runs/csgo_resumable/html/49550.html,103b9884c7c592a9a1cc1a9523c38abaa2fd1649b71d6644383b619cc7a7f81c,2,1000000,900000.0
earnings:49552,Counter-Strike,2021,total_mismatch,,batch_runs/csgo_resumable/html/49552.html,b913c91881f58fe12633f5dab6cd95c6b34984637c19e1e0dca4efa9493d69ea,1,999382,749537.0
earnings:49556,Counter-Strike,2021,total_mismatch,,sqlite_pipeline/html/49556.html,61d664d569a2a5b3abc22c0ff81a4cc2d9e610067b324f388f43a72277813e1a,7,375876,373825.0
earnings:49557,Counter-Strike,2021,total_mismatch,,sqlite_pipeline/html/49557.html,04a1095c20d426a24fe4bac510813637bc04246d1f82219048a23e81464c75a9,1,1566100,1174575.0
earnings:50138,Counter-Strike,2021,total_mismatch,,sqlite_pipeline/html/50138.html,1a07b17e5900358b83d19e6ddc9b4a31786a340b3374ba6f426f2821cb66eaed,2,307960,230970.0
earnings:50550,Counter-Strike,2021,total_mismatch,,sqlite_pipeline/html/50550.html,5545259cd1c3f7b351cdf7a5a3c1a43af5334257872ef3414bbdbfcfda86b8e7,1,225684,169263.0
earnings:50648,Counter-Strike,2019,total_mismatch,,sqlite_pipeline/html/50648.html,2dff965eb8f3682e17e2c5e331484a8e6d83a0c675c5aa69aaa5e034eadfe88f,2,622374,615822.0
earnings:50657,Counter-Strike,2019,total_mismatch,,sqlite_pipeline/html/50657.html,06145282f9795080efc070339c265c6319a16bcde218a0284b6153ddef63b382,1,595226,579562.0
earnings:50697,Counter-Strike,2021,total_mismatch,,batch_runs/20261005T043255771750Z/html/50697.html,ba1412b6a4937705d106ed307861224f63f0f55b68f67a69edfd8d33a1f3d2d0,2,344400,246000.0
earnings:50794,Counter-Strike,2021,unavailable,missing_or_ambiguous_country_heading,sqlite_pipeline/html/50794.html,106bf6f7c0f1f22c48e960bc4d24f5575f8930df21839024c1fb8f28acc46ad5,0,100000,
earnings:50940,Counter-Strike,2021,total_mismatch,,batch_runs/20261005T043255771750Z/html/50940.html,b5b7e2be6760c1a33d4378df3193d6bf22436ceaf490973daec4343e9c25c03f,1,438900,334950.0
earnings:50950,Counter-Strike,2021,total_mismatch,,batch_runs/20261005T043255771750Z/html/50950.html,918f038fffd5d5875cd3e29ad3fde3c83f3a260dc9b3e092da072e34ec3578f2,2,1363000,1090400.0
earnings:50954,Counter-Strike,2021,total_mismatch,,batch_runs/20261005T043255771750Z/html/50954.html,e2f25400d24c68c2322d6f83434cd272de2f1ee8e4f009a514a5cd797e4b43b7,1,3139200,3045024.0
earnings:51041,Counter-Strike,2021,unavailable,missing_or_ambiguous_country_heading,sqlite_pipeline/html/51041.html,93be54277fd1640c8121b5f5cf58c8245295b31f4cd0556f0cfb7ae72459bbea,0,630000,
earnings:51042,Counter-Strike,2021,unavailable,missing_or_ambiguous_country_heading,sqlite_pipeline/html/51042.html,5e7511ba482569ed5e6ce433e140adb2067601028b331f63ce863e5d02192a5d,0,320000,
earnings:51165,Counter-Strike,2021,total_mismatch,,batch_runs/20261005T043255771750Z/html/51165.html,f2c7b62e7c991ed8f9d421129bebe7eb3c99000056c5e03a0406921f1bb87f5a,1,656836,344839.0
earnings:51425,Counter-Strike,2022,total_mismatch,,sqlite_pipeline/html/51425.html,99640105b5da15966519b438072c0877ecdd3a28cf1cc21da1aeb987cc838f49,3,100000,75000.0
earnings:51493,Counter-Strike,2022,total_mismatch,,sqlite_pipeline/html/51493.html,6dd5be4ffe9b4252840172323197f73eba8f1744f5dc383558a42d20aaa79782,1,1448943,1304048.0
earnings:51574,Counter-Strike,2022,total_mismatch,,sqlite_pipeline/html/51574.html,247575ec428d567582dd18aaf95b04f8cf2f01aa58f9052456c943d762205fff,7,468770,458725.0
earnings:51672,Counter-Strike,2021,total_mismatch,,sqlite_pipeline/html/51672.html,b3c464742f3b50ce2bfa913237d64fe4cc5ee2ec721ca77ae32d5cc0aea64a92,5,1331498,1158574.0
earnings:52028,Counter-Strike,2022,unavailable,missing_or_ambiguous_country_heading,sqlite_pipeline/html/52028.html,b089719e52da2e9a3293b11d3cf21862b06058ef7e37a9fc1c83872a015d1bc7,0,1000000,
earnings:52031,Counter-Strike,2022,unavailable,missing_or_ambiguous_country_heading,sqlite_pipeline/html/52031.html,5c55e1dba458a3d274c277fef24ed7953c4c71b8fcdcadaaf4e2093585ce43ab,0,600000,
earnings:52033,Counter-Strike,2022,total_mismatch,,sqlite_pipeline/html/52033.html,42eccb704ca7d917c409bdc635a75419575f13c48c01b33f0fc29255e6e6583f,2,220000,160000.0
earnings:52035,Counter-Strike,2022,unavailable,missing_or_ambiguous_country_heading,sqlite_pipeline/html/52035.html,de03ef8a3df9866aeac6eecbd58e324a7d529b06767cce4fb1515199b71bf9eb,0,300000,
earnings:52036,Counter-Strike,2022,unavailable,missing_or_ambiguous_country_heading,sqlite_pipeline/html/52036.html,349c089c204ea4983944b43a4aa2de98bf0274db37c7bbcfca383c20c3cdf907,0,60000,
earnings:52042,Counter-Strike,2022,total_mismatch,,sqlite_pipeline/html/52042.html,0047962e73713596240c0c7d512e192e21aaad3b4f7e63ecf07523fc16ba9edc,1,200000,100000.0
earnings:52329,Counter-Strike,2022,total_mismatch,,sqlite_pipeline/html/52329.html,7b128fabdfff55d6e25680f34d78dd5171d7f1d674a59a6f7b79e60b7854207c,9,1042380,1042383.0
earnings:52861,Counter-Strike,2021,total_mismatch,,sqlite_pipeline/html/52861.html,fd34a6549da93004f9e271d4c8590c09874a822e30ce5c1d2e399ab67ebbd59b,4,646999,568112.0
earnings:52863,Counter-Strike,2020,total_mismatch,,sqlite_pipeline/html/52863.html,15afefa7253bfb741f1f77899f9907c9a2f50fdb0c0c32d7c0c47d2fae43c233,4,405876,380712.0
earnings:52864,Counter-Strike,2020,total_mismatch,,sqlite_pipeline/html/52864.html,9afedb297136647f09cdaaf3ffab08e246fbe363ad634b7675b18618b4f00ab6,3,436750,391724.0
earnings:52919,Counter-Strike,2022,total_mismatch,,batch_runs/20261005T043255771750Z/html/52919.html,b90f101d04a7ece2aa6730e92982054c3fd181bead8af3ddd8b1a968b1cf32be,12,973567,947676.0
earnings:53147,Counter-Strike,2022,total_mismatch,,batch_runs/20261005T043255771750Z/html/53147.html,2dd4afd3e1d8d7eb87b3fb199766551a0651f3c9710aac8c5bbd7e785d7907e0,2,900000,720000.0
earnings:53632,Counter-Strike,2022,total_mismatch,,batch_runs/csgo_resumable/html/53632.html,e6593f55c6f35e5f4c5b90de01520001fcd635d1701c2fa7fb40242955b6b562,6,2104000,2087168.0
earnings:53928,Counter-Strike,2017,total_mismatch,,sqlite_pipeline/html/53928.html,1f41d24911b69740d2dc8358d9dad709fa815c14248adcfef1c06502aff8fd60,1,111938,109581.0
earnings:53941,Counter-Strike,2017,total_mismatch,,sqlite_pipeline/html/53941.html,a7e6c5483329d7689b9da5d528b8c7d8a3b8ed9f8205ed4da986e25810c28ce4,1,523878,486045.0
earnings:53942,Counter-Strike,2015,total_mismatch,,batch_runs/csgo_resumable/html/53942.html,7bb2777fda94225f046e350a5f411176be12d6ec537210e09dc4b8a3e6bb4913,1,240891,96357.0
earnings:53943,Counter-Strike,2019,total_mismatch,,batch_runs/csgo_resumable/html/53943.html,7f95b765e310f4a072d90358f03b2ccbfc9fa0d1826cf1b74c6d1d0913703541,1,331313,301495.0
earnings:53944,Counter-Strike,2017,total_mismatch,,batch_runs/csgo_resumable/html/53944.html,fcac18a0eaddb9e7d316dcdabcfb27387ab736cec163fc117187b92862a61fd3,1,30742,23672.0
earnings:53945,Counter-Strike,2017,total_mismatch,,batch_runs/csgo_resumable/html/53945.html,de4f25eb71577acc4079ba7ef31be11996a7a7af3f3114c62a32a3e4cddfba57,1,29290,23432.0
earnings:53946,Counter-Strike,2017,total_mismatch,,batch_runs/csgo_resumable/html/53946.html,6a5c2a4a9da74410eb227b81ae6660b94606e5fa4ce0ca29aaa7097a9df8fc4c,1,28881,24260.0
earnings:54195,Counter-Strike,2015,total_mismatch,,sqlite_pipeline/html/54195.html,698435ebe674afddc98d66d0b8452c3a80b498640619dea32c10638e17e0eef3,1,46083,33794.0
earnings:54196,Counter-Strike,2015,total_mismatch,,sqlite_pipeline/html/54196.html,aaa754d4d324eb9f519376cca447929b798baba3e8a4bd1f43ea674ef5e6dcc9,1,46067,33783.0
earnings:54197,Counter-Strike,2015,total_mismatch,,sqlite_pipeline/html/54197.html,d27b60acb7eac2a85bf52ea4008065e93a960a326caffb8d9cd5dfb8f68dea7e,1,46111,33815.0
earnings:54198,Counter-Strike,2015,total_mismatch,,sqlite_pipeline/html/54198.html,315cbd3c2e2a0e1ddc672a4c188528e83ec626adf6a0b7c078238e7e1208ac89,1,46060,36848.0
earnings:54199,Counter-Strike,2015,total_mismatch,,sqlite_pipeline/html/54199.html,edd1b2393791adc78fb59e3f870a8c9d9d59ead946dcc9f0bd5186f6a99c2933,1,44467,26680.0
earnings:54200,Counter-Strike,2015,total_mismatch,,sqlite_pipeline/html/54200.html,8be6767356bfc7bc22e06c24a033ab50e3b4dc289bc1fb684f0322b52296f010,1,44079,32325.0
earnings:54201,Counter-Strike,2015,total_mismatch,,sqlite_pipeline/html/54201.html,00979d3fbd36154a69d95c158994e719f1cfe529bcf66c248055adf869b70bd6,1,42917,34333.0
earnings:54202,Counter-Strike,2015,total_mismatch,,sqlite_pipeline/html/54202.html,b96330fc7aa15e0e446a74fe010af6003054a8e27f08a7ca2a904602705f6b49,1,41557,36016.0
earnings:54204,Counter-Strike,2015,total_mismatch,,sqlite_pipeline/html/54204.html,866e2cd0cab98a83f1e839473f1ca6a5fb6354f1afce498ae4f1cc9e66510e90,1,42323,28215.0
earnings:54205,Counter-Strike,2015,total_mismatch,,sqlite_pipeline/html/54205.html,5c1980f4dea6de4ab63cb7ab271ef42d44fec098177ca580216f388dbab9888b,1,41829,39041.0
earnings:54208,Counter-Strike,2015,total_mismatch,,batch_runs/csgo_resumable/html/54208.html,cdcbec1763b6c90b65eeb365d7bf0c42dea086eb421ca000c8be37f892724278,1,92067,68130.0
earnings:54261,Counter-Strike,2022,total_mismatch,,sqlite_pipeline/html/54261.html,462d4cd938ceeb8cd27dc13bebc7305b5cbd9507f45c3630b94744b8619811b6,8,1029169,1029166.0
earnings:54571,Counter-Strike,2020,total_mismatch,,batch_runs/csgo_resumable/html/54571.html,72e98331305dd9c65be4b03c38df73d106c74e5a77c866eb342f2ee52502c695,1,14500,6000.0
earnings:54572,Counter-Strike,2020,total_mismatch,,batch_runs/csgo_resumable/html/54572.html,1251a81c8f353363506437e66669cfadfa6e64968319a3b08223591733737b57,1,760000,400000.0
earnings:54617,Counter-Strike,2020,total_mismatch,,batch_runs/csgo_resumable/html/54617.html,04044d4d2792d814c6466315659f57a3b5e3ad138e2e2bd1d836d432e47eec93,1,47000,6000.0
earnings:54618,Counter-Strike,2020,total_mismatch,,batch_runs/csgo_resumable/html/54618.html,845d3acb6287269fb08dd145005e68bb6cd5fc38db13f5662f7fe159bc0aaac8,1,92000,25000.0
earnings:54619,Counter-Strike,2021,total_mismatch,,batch_runs/csgo_resumable/html/54619.html,e91075da9408076aed4c5c3126c2ec0af2dcf4c3e30b05c86d2d158d90ee5dfc,1,850000,100000.0
earnings:54864,Counter-Strike,2022,total_mismatch,,batch_runs/csgo_resumable/html/54864.html,689e526d4b4477f57c0c5c815c4e11d32e75eda16dfc50af44a479e415080fad,1,426072,255643.0
earnings:54903,Counter-Strike,2022,total_mismatch,,sqlite_pipeline/html/54903.html,6b1fda1dd159b334efdb3c04d8feb6d9191956467b94caecaed5f82f2907bed2,3,361053,333974.0
earnings:55159,Counter-Strike,2022,total_mismatch,,batch_runs/csgo_resumable/html/55159.html,206b84e3560ea0b09bce6d630e1987fcb3bea8b49250fa5820e5c42c3543fd98,1,90,45.0
earnings:55160,Counter-Strike,2022,total_mismatch,,batch_runs/csgo_resumable/html/55160.html,25c45f4a22475e5edd08192443b630e31d33f796239de0c887da6b4cbb4ebdd3,1,900,90.0
earnings:55541,Counter-Strike,2022,total_mismatch,,batch_runs/20261005T043255771750Z/html/55541.html,46fced05a7541d2a6d9f1574690050319af036b83f8f2ce4cad9bc660eca5fb3,3,29000,1000.0
earnings:55606,Counter-Strike,2022,total_mismatch,,batch_runs/csgo_resumable/html/55606.html,913c88ccb46bce992599658024ffe6139f0a5061e0b2caa43700010da0525fa6,1,102,51.0
earnings:5582,Counter-Strike,2014,total_mismatch,,batch_runs/csgo_resumable/html/5582.html,3b7a4a48595042df55680fb6a1e577e98b23b46ff29bf452a94217e2d2ee53e9,1,350000,300000.0
earnings:55823,Counter-Strike,2017,total_mismatch,,batch_runs/csgo_resumable/html/55823.html,c9b8490b79f3cd61af2babb2158c78a20052ffc2debc7c94323df56f1a567fe8,1,221344,21080.0
earnings:55909,Counter-Strike,2022,total_mismatch,,batch_runs/csgo_resumable/html/55909.html,0bc1754d431fc8d384d5643463ae09dcc0d348b3d140c6997838c255f1137aa0,1,51245,38434.0
earnings:55911,Counter-Strike,2021,total_mismatch,,batch_runs/csgo_resumable/html/55911.html,9f92cbd2348154214dd370dd4f72a324d060c0246f28d011719d1faff150c3f6,4,2000000,1892000.0
earnings:55913,Counter-Strike,2022,total_mismatch,,batch_runs/20261005T043255771750Z/html/55913.html,fb1eba85dd278a88ff66d9d565ab412b81dccb698d30cc039c94d1ecb3b2df0c,4,295938,266344.0
earnings:55914,Counter-Strike,2021,total_mismatch,,batch_runs/csgo_resumable/html/55914.html,50708e08fd2176ef24454a86cad1ddd58a1fb1263b07d95f41e2c4475328b376,5,3110000,1900000.0
earnings:55915,Counter-Strike,2021,total_mismatch,,sqlite_pipeline/html/55915.html,9b6af3a50444b473f3749880122827763ec895dfa81c31f58bb77cede22caa1a,9,500000,400000.0
earnings:55916,Counter-Strike,2021,total_mismatch,,sqlite_pipeline/html/55916.html,e61d90f9869106d21aa0544e96753e942b92c57933c8a4b313ceb8e7db48db5d,4,500000,416000.0
earnings:5606,Counter-Strike,2014,total_mismatch,,sqlite_pipeline/html/5606.html,01a7a84cf9fbf2c841a537d86e4385a65bb59b57f2a906e3f47c4f9286129a24,1,364682,309636.0
earnings:56091,Counter-Strike,2022,total_mismatch,,batch_runs/csgo_resumable/html/56091.html,76310128e5da55b90a1689fc97b4a0395cc300b45fe708682d3a590787211165,1,4950,495.0
earnings:56092,Counter-Strike,2022,total_mismatch,,batch_runs/csgo_resumable/html/56092.html,9ed683125a3c3a7609a11ec30fdcf50ef09f4824de97e5632f68940f658016d1,1,4950,297.0
earnings:56489,Counter-Strike,2022,total_mismatch,,batch_runs/csgo_resumable/html/56489.html,3152b1365e1ecf145ced8ed8080af12468db3f0bd0ef2c66beec0eb8ae15420c,11,4077760,4077757.0
earnings:57074,Counter-Strike,2022,total_mismatch,,batch_runs/csgo_resumable/html/57074.html,4e0d8b05901c88b752fb49abe2508b8301a781ad0f673c09ba209e215a753f33,1,4000000,2400000.0
earnings:58016,Counter-Strike,2022,total_mismatch,,batch_runs/csgo_resumable/html/58016.html,0536a84f0a7c9616af37967d7041a5a6ddd491b1a32f8d8d3be1c04b998a50e0,1,500000,250000.0
earnings:58219,Counter-Strike,2022,total_mismatch,,batch_runs/20261005T043255771750Z/html/58219.html,c760a5b6aa7183abb84809b1c9acb66fce1da606984a87bde61dad8e24d3df01,1,376,141.0
earnings:58905,Counter-Strike,2019,total_mismatch,,sqlite_pipeline/html/58905.html,a099b496a82823405be975fa2e7a24dd82ad468e8bd5b26c4aee842c4c2002f1,11,480000,460000.0
earnings:58986,Counter-Strike,2022,total_mismatch,,batch_runs/csgo_resumable/html/58986.html,ac26daf4707e43b307e52195a9189c7e3eff845ac063ad7df2d551d2a6d00839,10,413736,413739.0
earnings:59184,Counter-Strike,2022,total_mismatch,,sqlite_pipeline/html/59184.html,4c9e0e003aabb752bf007a940a2dcb5cefb7f97f412a93499ed514e435219727,8,300000,265000.0
earnings:59801,Counter-Strike,2022,total_mismatch,,batch_runs/csgo_resumable/html/59801.html,76e718f35f836d3b63e4bc4656217962aac9863d7f3fa26deeab586582e13a65,5,1067762,854210.0
earnings:59805,Counter-Strike,2022,total_mismatch,,batch_runs/csgo_resumable/html/59805.html,9ebfe66dfdfc60684c4b24b93a2d0d069c65cc27866dfbd601f5575d45264b8c,6,1628340,1411229.0
earnings:60672,Counter-Strike,2020,total_mismatch,,batch_runs/csgo_resumable/html/60672.html,0f8cb48fbb7f49badeed82fa493751cf4213c28abe7cbdd43998e6cd16ec385d,1,703960,675802.0
earnings:6149,Counter-Strike,2014,unavailable,missing_or_ambiguous_country_heading,batch_runs/csgo_resumable/html/6149.html,916766cdee8e47f068f657af5634118fa54c11654de2b8bfed751ee5537ec271,0,48470,
earnings:62125,Counter-Strike,2022,total_mismatch,,batch_runs/csgo_resumable/html/62125.html,bd4dca6665ad025eea8a57202b9d37dd75c464172eb349403baaecb364176149,5,2258127,2032314.0
earnings:62132,Counter-Strike,2022,total_mismatch,,batch_runs/csgo_resumable/html/62132.html,116045bc8127f349d70b4413838ca53952771dd7aea0f4b24744d43d1d7ff4e2,11,1842105,1682457.0
earnings:62133,Counter-Strike,2023,total_mismatch,,batch_runs/csgo_resumable/html/62133.html,8bab1cfcaa6bcd8b27ee119ce08b65f1444720005d646c14d123ae1dfa17a37b,13,1604850,1465766.0
earnings:62373,Counter-Strike,2023,total_mismatch,,batch_runs/csgo_resumable/html/62373.html,b5489db2eaf4580b1aa63c91f40f06a3d2263d0977116642d634783277c77489,1,2016965,1755946.0
earnings:62815,Counter-Strike,2023,total_mismatch,,batch_runs/csgo_resumable/html/62815.html,fd4774e351c24bd055b6c1e2bff9b0d559ddf9b6e166c3bc459924df0a5f4b96,7,384000,342400.0
earnings:62969,Counter-Strike,2022,total_mismatch,,batch_runs/csgo_resumable/html/62969.html,bf762b8ac4ae4a878778420f1f02826cd5384c785886123c0900e3a1f83b2247,2,481501,221268.0
earnings:6333,Counter-Strike,2013,unavailable,missing_or_ambiguous_country_heading,batch_runs/csgo_resumable/html/6333.html,c99680f276387e562c8b570a94c74956eddbb60c4a08e0c95224c7d440932f2d,0,111691,
earnings:63659,Counter-Strike,2023,total_mismatch,,batch_runs/csgo_resumable/html/63659.html,54c942ebb8e35f458d49f34a71325d756f79a7090828711835d36957bb53f35b,3,600000,460000.0
earnings:64335,Counter-Strike,2023,total_mismatch,,batch_runs/csgo_resumable/html/64335.html,432175e29d9b638cadbb32071b487af5a787faf708369b88bf157df11830586f,5,300000,230000.0
earnings:64611,Counter-Strike,2023,total_mismatch,,batch_runs/csgo_resumable/html/64611.html,e3d766985ea2c9d1632f75137b9bb0ae4d72c97fa69038a992b961a27cbe7665,5,300000,230000.0
earnings:65432,Counter-Strike,2023,total_mismatch,,batch_runs/csgo_resumable/html/65432.html,c7ccf4aa8552e94dd3035518c8cfcd75ca626d3b64598a7ed1d4396910a4a158,3,578000,433500.0
earnings:66047,Counter-Strike,2022,total_mismatch,,batch_runs/csgo_resumable/html/66047.html,90bfaf5d396b4892a559a75459e38aa349d325c34b3c7640c1f12a612f91727a,4,800000,750000.0
earnings:67413,Counter-Strike,2023,total_mismatch,,sqlite_pipeline/html/67413.html,0448e46592c4d6cc07b7388331cede87d3a487015deb89d516646d639cc41196,7,1319028,1209110.0
earnings:6755,Counter-Strike,2014,total_mismatch,,batch_runs/csgo_resumable/html/6755.html,93be555d0b38415f74f7901608e0c12b75da649fb40db186f008841389bce022,2,136425,129603.0
earnings:68675,Counter-Strike,2022,total_mismatch,,sqlite_pipeline/html/68675.html,67d11210036de84dd7b993b823583c68c9f4dcbd7c0e1be3cf8d3828801d6354,4,600000,460000.0
earnings:68729,Counter-Strike,2023,total_mismatch,,batch_runs/csgo_resumable/html/68729.html,3cc6e0f77a4335e2286b67c0806320d818e6b3829d4cd2792f7a8838c63624c7,2,1000000,720000.0
earnings:70474,Counter-Strike,2023,total_mismatch,,batch_runs/csgo_resumable/html/70474.html,23763e49f769bf9f327d2f66c3f61072950e3b29261ff75893faf577eedcdd4d,1,1547138,1509794.0
earnings:71321,Counter-Strike,2023,total_mismatch,,batch_runs/csgo_resumable/html/71321.html,47ab208536d8b0e29f256d0924b03582a10a47cc95eb7375bcd6e516255970df,1,335969,270943.0
earnings:71936,Counter-Strike,2022,total_mismatch,,batch_runs/20261005T043255771750Z/html/71936.html,116733d34b798b66fb97ee19685ec9192ffee68f736970a0ecfe67fc8abf59a4,2,102,51.0
earnings:7300,Counter-Strike,2012,total_mismatch,,batch_runs/csgo_resumable/html/7300.html,c0fe424d5f0fc31735949758ef2e35ef899713a4a46d2b4e1bbf29493ca7d6bf,2,403018,367973.0
earnings:7317,Counter-Strike,2014,total_mismatch,,batch_runs/csgo_resumable/html/7317.html,867edbfe5fc13c5c8a46588c2c2eacea57d2eb18ddb46c601d6e06555de195f0,1,131394,75083.0
earnings:73917,Counter-Strike,2023,total_mismatch,,batch_runs/20261005T043255771750Z/html/73917.html,545f3247a62db5dae80f32b57cc1806c55e9bcf087bb05876258c94f4edd5dff,1,428,268.0
earnings:73918,Counter-Strike,2023,total_mismatch,,batch_runs/20261005T043255771750Z/html/73918.html,4fc7eb8c4f2a268d4eac88386d12ef43cf748b4d856d26f97c0eefcce1928770,1,1070,535.0
earnings:73919,Counter-Strike,2023,total_mismatch,,batch_runs/20261005T043255771750Z/html/73919.html,e3a218e2aa6e49d172af719e007a48b8134d17bab77f0f3f8bcec1ae62db6177,1,1070,535.0
earnings:7904,Counter-Strike,2014,total_mismatch,,batch_runs/csgo_resumable/html/7904.html,09c8aace62b868900f2c6906897b0b6ae5d7e7dfc7ffa9eac6492c3cadc9dd78,1,240000,120000.0
earnings:7945,Counter-Strike,2014,unavailable,missing_or_ambiguous_country_heading,sqlite_pipeline/html/7945.html,233ec23f6fed71fc86c400c0592fea93d6e0746804af03ec09b714e1633c3640,0,12684,
earnings:7982,Counter-Strike,2014,unavailable,missing_or_ambiguous_country_heading,sqlite_pipeline/html/7982.html,9328820f5787e3e8b5d1800ff375214e6a70ce5addb7a3997ae4fdaf99529a40,0,12759,
earnings:8012,Counter-Strike,2014,total_mismatch,,batch_runs/csgo_resumable/html/8012.html,326ce1a20b0ed1e1ae43554ccdf0c31235ecf761e6734ec66c4600a970b64ebe,2,180957,113098.0
earnings:8161,Counter-Strike,2013,unavailable,missing_or_ambiguous_country_heading,sqlite_pipeline/html/8161.html,56e7bb8f68c176960bd01f5e39438147b7701f8a70c8817e5c7c93330ecafc08,0,13687,
earnings:8246,Counter-Strike,2013,unavailable,missing_or_ambiguous_country_heading,sqlite_pipeline/html/8246.html,7b5ec7dc89dd8f9736758e12cbc569d3593daeeb722fc22520abb73a70f47ae8,0,13191,
earnings:8299,Counter-Strike,2012,unavailable,missing_or_ambiguous_country_heading,sqlite_pipeline/html/8299.html,f1768b632b699951950ee48773b91f5a87e7997d86cdef7f7b319efc1ba5947c,0,12389,
earnings:8428,Counter-Strike,2014,total_mismatch,,sqlite_pipeline/html/8428.html,93422e4cdd8d8c85a6d86a08addfd758d2c9cf52ff7a6e76feac408f8dc6a780,4,126466,111043.0
earnings:8481,Counter-Strike,2014,total_mismatch,,batch_runs/csgo_resumable/html/8481.html,2da4b43e4ed0d8f200e8fb0c288da3713e3fc17912af522b9159a535221b584b,1,258006,196576.0
earnings:8516,Counter-Strike,2014,unavailable,missing_or_ambiguous_country_heading,batch_runs/csgo_resumable/html/8516.html,ba85d48d2671b2033d925d6503a5c38ddf616586b64b6b745ea371e29311fa2f,0,408369,
earnings:9418,Counter-Strike,2015,unavailable,missing_or_ambiguous_country_heading,sqlite_pipeline/html/9418.html,0570358df9e9eb67745aece0f1593bdc5d7b16d8cba71b094ef517f9c3030e86,0,157878,
earnings:10312,Dota 2,2015,total_mismatch,,sqlite_pipeline/html/10312.html,f22ebe886c8f50f86bc2c3a95bc583169e0b134644dbd49606c5bd1f6ef6dad9,2,37821,10806.0
earnings:10527,Dota 2,2015,total_mismatch,,sqlite_pipeline/html/10527.html,ca9ef834840cb5b88808cd613939f135b6603723f2dbc292a6e062b8b517d622,4,39204,28004.0
earnings:10621,Dota 2,2015,unavailable,missing_or_ambiguous_country_heading,sqlite_pipeline/html/10621.html,f064cf61e9c29474feca03e803ab3010912e80aa0e481e88584ff2ed92ab88fd,0,0,
earnings:10808,Dota 2,2015,total_mismatch,,sqlite_pipeline/html/10808.html,5682331e50da7487f0c3c7296096eed106f6e3949d6d0c61506a58c33346612c,1,960000,480000.0
earnings:10810,Dota 2,2015,unavailable,missing_or_ambiguous_country_heading,sqlite_pipeline/html/10810.html,543eca41a2cc609889805ab3b65ea5abb1259fc3c2ce8c1ca177ab52a8c14dd7,0,153000,
earnings:12081,Dota 2,2015,total_mismatch,,sqlite_pipeline/html/12081.html,0c5314b432a3fca6d2c2a774817d0ef6955c4905cf1f754d4f31aac92a69b1e8,4,597172,537454.0
earnings:12131,Dota 2,2015,total_mismatch,,sqlite_pipeline/html/12131.html,cc7f45743165579097c57498e1d0ed3d769d375a75967f38a6e8501862b3e516,1,39088,27920.0
earnings:12278,Dota 2,2015,unavailable,missing_or_ambiguous_country_heading,sqlite_pipeline/html/12278.html,5555937eff3653ecd2823d0a7e450e25931b6a433a689b3e06738ba5639e43c2,0,55380,
earnings:12551,Dota 2,2015,unavailable,missing_or_ambiguous_country_heading,sqlite_pipeline/html/12551.html,bf76d2ce1e3e3ccf2963151eb5963d89883016f2f0b29c76ccd275719863414a,0,182775,
earnings:12646,Dota 2,2015,total_mismatch,,sqlite_pipeline/html/12646.html,2a163de3d7821854efc93126dee8d9ce6710f1c9d478c33946f2043a9972a5a7,2,162400,81200.0
earnings:12656,Dota 2,2014,unavailable,missing_or_ambiguous_country_heading,sqlite_pipeline/html/12656.html,1e8f7f90953a966c759e1418efb51377565785e9150e38653bf6e24b9b1661b6,0,49286,
earnings:12660,Dota 2,2013,unavailable,missing_or_ambiguous_country_heading,sqlite_pipeline/html/12660.html,5ccd5ede859297c22fb3ae41ab644d6911489250d99c3158711b6d8cd3c89f13,0,51615,
earnings:12701,Dota 2,2015,total_mismatch,,sqlite_pipeline/html/12701.html,037de750dcaf1d4a84e1ad427da6552b500b85db3ed18e24741a3b3fa93d2b6e,1,192675,159645.0
earnings:13020,Dota 2,2015,total_mismatch,,sqlite_pipeline/html/13020.html,693df60e5cc113181d0cd3df9fabaab8f5052a70ef0d3f96ea5242ad9d9b12a6,4,55795,16739.0
earnings:13258,Dota 2,2015,total_mismatch,,sqlite_pipeline/html/13258.html,5d0ad22331b8f6b53f28e5808c41faad420842c0d3fe0d361c2927c268e3b4b6,2,57148,54576.0
earnings:13468,Dota 2,2015,unavailable,missing_or_ambiguous_country_heading,sqlite_pipeline/html/13468.html,39ab38d39f4c145654740fd9c651fea7c89bb548b24a72f998f7048d2391cf83,0,769575,
earnings:13588,Dota 2,2015,unavailable,missing_or_ambiguous_country_heading,sqlite_pipeline/html/13588.html,b4a1b49259c741714a5ba1764a2532bfdb34e9f8a3c0627115547c3648212d45,0,39130,
earnings:13979,Dota 2,2015,unavailable,missing_or_ambiguous_country_heading,sqlite_pipeline/html/13979.html,51004dcfa1374bf31fafef95d8bc8dedc3e8a740b3b12f608b79e4fc31e0fd56,0,56335,
earnings:14079,Dota 2,2013,total_mismatch,,sqlite_pipeline/html/14079.html,6693f0613eff1f82cdcaf5d6c1de6ac8c13b84efc45d67f9cea610d22874d8ae,1,495000,375000.0
earnings:14475,Dota 2,2015,total_mismatch,,sqlite_pipeline/html/14475.html,7789f98d0aa13cdce9d30b3e675967f2741728f3dce45febf085c1f40811de4b,1,39235,28025.0
earnings:14627,Dota 2,2015,unavailable,missing_or_ambiguous_country_heading,sqlite_pipeline/html/14627.html,8622138369b9ce2a64de5efe61d6b25d500985c515ad05b370b56e39b36567b6,0,71565,
earnings:14639,Dota 2,2015,unavailable,missing_or_ambiguous_country_heading,sqlite_pipeline/html/14639.html,a69b43ea0130c26f82ad3d469a8cd89f82116ccd98fb5e2a0bfa9e4325b53d8d,0,17379,
earnings:14680,Dota 2,2015,total_mismatch,,sqlite_pipeline/html/14680.html,16e45d96d8870a59261402809bf3589d9545f9284e9839ec043521b67c2f5628,1,57400,40180.0
earnings:14857,Dota 2,2015,total_mismatch,,sqlite_pipeline/html/14857.html,82baf4e95943b7c7b4beaca202d2ce7cde95d5f5d65af72cdc500782eaf5c8a5,2,39762,11361.0
earnings:14998,Dota 2,2015,unavailable,missing_or_ambiguous_country_heading,sqlite_pipeline/html/14998.html,e9f8ee5f869adb24e9d72349b2e967a3e7097c56480522fe926addcf5d4b8033,0,176314,
earnings:15027,Dota 2,2015,unavailable,missing_or_ambiguous_country_heading,sqlite_pipeline/html/15027.html,09d8c51d17357ffbe26d05c62a33c3a666e783b121741ee50c65b5b5ca721b62,0,38567,
earnings:15172,Dota 2,2015,total_mismatch,,sqlite_pipeline/html/15172.html,4c9ffe85facf4a3a6105afe20e4c6c7c032e87709e839d8153eb6c669cf1e338,6,38525,36324.0
earnings:15214,Dota 2,2015,total_mismatch,,sqlite_pipeline/html/15214.html,8a3131573073efc46d84980d9c823e666520567ed6e42a63f8acd939a8a981c8,4,1089104,952966.0
earnings:15225,Dota 2,2015,total_mismatch,,sqlite_pipeline/html/15225.html,faa5fc448f2f783dc17f09037eb8e7762c483950510e8c8c5ee1d4151e9f197b,1,182768,138381.0
earnings:15627,Dota 2,2013,total_mismatch,,sqlite_pipeline/html/15627.html,3f71bc23bc5104664bf6fb902b96ee0e401657333a5980df9b9c1434ef6befe1,1,350000,330000.0
earnings:15634,Dota 2,2012,total_mismatch,,sqlite_pipeline/html/15634.html,1cedad09731cd0e13d6b1e89235683313de02f946a7625f6770fac40541033e1,2,500000,350000.0
earnings:15680,Dota 2,2015,total_mismatch,,sqlite_pipeline/html/15680.html,e34f6a49f75a6983283522743e26837c6f67d705f6b6a2f1ad5d9b14c0556873,1,37076,26483.0
earnings:15877,Dota 2,2015,total_mismatch,,sqlite_pipeline/html/15877.html,9e06ccb0cdc2f4fdccc0e5973162d7f4aa4a70b3dae14adcf695b13e4a6e5096,3,515530,245392.0
earnings:15912,Dota 2,2015,total_mismatch,,sqlite_pipeline/html/15912.html,bc37ccc0402c9a190357b70a11c2748e1ad8a4934610583b1663d634338a3a79,1,4496213,3804488.0
earnings:15929,Dota 2,2015,total_mismatch,,sqlite_pipeline/html/15929.html,d6e7f012a5e3de8ac179d03141503dafcd5d39bd575d6f2732ecaca242f8b44a,1,761155,532809.0
earnings:16030,Dota 2,2015,total_mismatch,,sqlite_pipeline/html/16030.html,66d6ae181efc3d74eb029a43a24ce1f2ec84718f93c2616a262f499d75ed7faf,2,38042,27173.0
earnings:16114,Dota 2,2015,total_mismatch,,sqlite_pipeline/html/16114.html,6f44af19dde6686aff7cb57e6ebe625d2e02ea091e6dc4987b3d7db391df309d,3,38416,10975.0
earnings:16322,Dota 2,2016,unavailable,missing_or_ambiguous_country_heading,sqlite_pipeline/html/16322.html,05cffa868f489b1e715dfccb9bfd32c974341ce5f8a59bacb593ebfddecb04b2,0,116400,
earnings:16693,Dota 2,2012,unavailable,missing_or_ambiguous_country_heading,sqlite_pipeline/html/16693.html,689352f431d6921d5227909dddcf76cd900caa71cf8c87e64d955f7d96316ed6,0,300000,
earnings:16833,Dota 2,2016,total_mismatch,,sqlite_pipeline/html/16833.html,84c9de26783e939ceb491c3abb34465463417af37a77495b6e0302a8c500fd0d,2,39396,11256.0
earnings:17510,Dota 2,2016,unavailable,missing_or_ambiguous_country_heading,sqlite_pipeline/html/17510.html,17120dbd0ce9dd9a5ddea9ef60cab0f4820f33bbfcf9a9f8bc2f99d5f078d89f,0,33441,
earnings:17659,Dota 2,2016,unavailable,missing_or_ambiguous_country_heading,sqlite_pipeline/html/17659.html,30b35429ebb77d851bc70bd7eb7c1c41f9eab1113ccd7952fbeda6ce57c38399,0,0,
earnings:17669,Dota 2,2016,total_mismatch,,sqlite_pipeline/html/17669.html,8cce8d358201714ec254008fb3437d3a7964b79e65266b0241978b4482451750,1,706525,494568.0
earnings:18052,Dota 2,2012,total_mismatch,,sqlite_pipeline/html/18052.html,8b63e982b4b311c9ab8ff3e046391d56a81e34d9301d403ce7b186eeb0a5ba4b,6,350000,330000.0
earnings:18057,Dota 2,2012,unavailable,missing_or_ambiguous_country_heading,sqlite_pipeline/html/18057.html,2c0614ec982236a8ea7a7add330e01c0954bce88b27a04d8679efbaea5787623,0,500000,
earnings:18114,Dota 2,2016,unavailable,missing_or_ambiguous_country_heading,sqlite_pipeline/html/18114.html,df9d141f01eb9f9f6387018e4aa9b45261a0dbd9469cc4742dd096ee3a333995,0,0,
earnings:18124,Dota 2,2016,unavailable,missing_or_ambiguous_country_heading,sqlite_pipeline/html/18124.html,22416cf658af67f752492cc0f9bac3bf80e781e2f2990a8ca9a11c35dee88b5a,0,0,
earnings:18674,Dota 2,2016,unavailable,missing_or_ambiguous_country_heading,sqlite_pipeline/html/18674.html,e7a660fa84ca2d0073e1c4e2f0a89986e3b9d536d33508acf20c53683225e821,0,119574,
earnings:19117,Dota 2,2016,total_mismatch,,sqlite_pipeline/html/19117.html,ad6e6028aac8ba901446cbb1fdca4acb26fc07989d2495d5b630b14cc68c3943,1,881000,836950.0
earnings:19241,Dota 2,2016,total_mismatch,,sqlite_pipeline/html/19241.html,57f31c03958581f96889963a0e621ee820796242a1a52d478ea37e9087c3feaf,4,6115920,5963023.0
earnings:19318,Dota 2,2016,unavailable,missing_or_ambiguous_country_heading,sqlite_pipeline/html/19318.html,22ca57bcb124dae4b4896169e0303af01cbb633ffb235cdd521d61a4350215e0,0,222700,
earnings:19924,Dota 2,2016,total_mismatch,,sqlite_pipeline/html/19924.html,ca996336389f5ee126747afaec1495715b77b5fe014e1bd0610a6e6cfa5be705,1,3604745,2451227.0
earnings:20125,Dota 2,2016,total_mismatch,,sqlite_pipeline/html/20125.html,7aadabef99eff71968272532b0fe1bd823ee61436d6c86e7b7a66c9f69867721,2,121860,48744.0
earnings:20488,Dota 2,2016,total_mismatch,,sqlite_pipeline/html/20488.html,e354b243ec9cdebc66963bb99fdc4e77d4a374c8565422a143d661992747eec0,1,153480,76740.0
earnings:20578,Dota 2,2016,total_mismatch,,sqlite_pipeline/html/20578.html,8c51f3ffdcb962e27ed2438f9143779b181f76c8c247df1e7db842f29c58e428,2,5995600,5246150.0
earnings:20994,Dota 2,2016,total_mismatch,,sqlite_pipeline/html/20994.html,2f58f9df5e6c296c241f8eba646fd585acf38f40828a1e13220b7fb95d64985b,10,500000,470000.0
earnings:21526,Dota 2,2017,total_mismatch,,sqlite_pipeline/html/21526.html,36d5baf08887923b78f254b28abb50ea30c6c6849dfdc59299d3bf49ccfdcb30,4,31623,27406.0
earnings:22356,Dota 2,2017,unavailable,missing_or_ambiguous_country_heading,sqlite_pipeline/html/22356.html,09ce56b4af1c8c0448077e19347c735eab3ede665d13de4e317f13be533e4fce,0,0,
earnings:23055,Dota 2,2012,total_mismatch,,sqlite_pipeline/html/23055.html,2cdd2bcf6061bfa5f91ae6d673fe0a613c48cd6ca71e2fb1593998bc2430b1d8,2,150000,138000.0
earnings:23060,Dota 2,2017,total_mismatch,,sqlite_pipeline/html/23060.html,5caa925a7975f414fd1a1e05af22a0f38f8fc7ba595520076df86f3fee3be65c,2,1452500,1379876.0
earnings:23889,Dota 2,2017,total_mismatch,,sqlite_pipeline/html/23889.html,892cbac160140a70a5d2408102a1c9d0ad6f1bc2afa44367f57723aa9a6c4209,1,1000000,850000.0
earnings:24638,Dota 2,2017,total_mismatch,,sqlite_pipeline/html/24638.html,329360b61be49bc16ae9831eaacde951046b473a3ccef384a0f2a65ea3257615,2,345733,255541.0
earnings:24640,Dota 2,2017,total_mismatch,,sqlite_pipeline/html/24640.html,49c619c95836912ea425259cb4bbd342a315e510259a2f2eaa180ca22d0f44f3,1,378454,132019.0
earnings:24641,Dota 2,2017,total_mismatch,,sqlite_pipeline/html/24641.html,c2450a5450f808f10f2e5a493daa2575a3a28f3f33594cb3e1a3f834a72512e0,1,745299,521709.0
earnings:24822,Dota 2,2017,total_mismatch,,sqlite_pipeline/html/24822.html,aedb1f589dd5f4f378b01ad6077d28644ae2fe9cf4397b164e1391b82c79d6a9,1,1192520,1025567.0
earnings:24823,Dota 2,2017,total_mismatch,,sqlite_pipeline/html/24823.html,971e923fddfb6d2f13a2aeb3b73dcd3c0599271a9bcea9b09a4726ea1a0e1d92,4,779705,764111.0
earnings:25207,Dota 2,2017,unavailable,missing_or_ambiguous_country_heading,sqlite_pipeline/html/25207.html,7718e5e93a1704f2b7f0a0666ef486e18e3d2e009bc762acf41e241c6605f4e5,0,105333,
earnings:25219,Dota 2,2017,unavailable,missing_or_ambiguous_country_heading,sqlite_pipeline/html/25219.html,63fd91c68680527f96333f6366134d7497d372e2e898e1585bcd4372f50d0cf9,0,485775,
earnings:25221,Dota 2,2017,unavailable,missing_or_ambiguous_country_heading,sqlite_pipeline/html/25221.html,a3a044023463630ca9b1e2635509423e174d7f76914e8104e573dfd054d9ca34,0,7640,
earnings:25222,Dota 2,2015,total_mismatch,,sqlite_pipeline/html/25222.html,7e0731db047f027edb319251e913da6c660613ed819b1a7d84c43d85f69160e0,5,200000,188000.0
earnings:25228,Dota 2,2017,total_mismatch,,sqlite_pipeline/html/25228.html,cdd7a06209ceffd7f782c1b6daa11e7aaa2397414ebefa072851407b2fcc9ae2,6,250000,220000.0
earnings:25230,Dota 2,2017,unavailable,missing_or_ambiguous_country_heading,sqlite_pipeline/html/25230.html,c865b73c995a99cda5c89a9db9de3edf2e4839f71214488684a1365196378f8d,0,19635,
earnings:25231,Dota 2,2017,total_mismatch,,sqlite_pipeline/html/25231.html,94f32bc5ee722c9bd6bc121a19f75a01f8dba151c0b5ae5da3076cb348ae8759,2,80392,36331.0
earnings:25232,Dota 2,2017,total_mismatch,,sqlite_pipeline/html/25232.html,bf91f7fd2deb807a1715db79da109841a66586e3b1da84590418511c01d20476,2,80595,36423.0
earnings:25233,Dota 2,2017,total_mismatch,,sqlite_pipeline/html/25233.html,2501bf76ac3fa57b917d226ecbb12a2449f1c67caa532e2295f69cd03686b0ce,2,80680,36461.0
earnings:25234,Dota 2,2017,total_mismatch,,sqlite_pipeline/html/25234.html,165990623d9408667f76cf8b13ebad84d54245a8387c6a8e3f60739c0344941d,3,81167,35901.0
earnings:25235,Dota 2,2017,total_mismatch,,sqlite_pipeline/html/25235.html,3b23b6ee7fae0dab3ca432b1bd7aece6563b6b4893a36318575e74f231f019af,3,70898,35838.0
earnings:25240,Dota 2,2017,total_mismatch,,sqlite_pipeline/html/25240.html,9a3c25906cd4f99b6530050dbab1b775f1d92e75cd99286c552ebcdcb507c4dc,5,372100,334890.0
earnings:25241,Dota 2,2017,total_mismatch,,sqlite_pipeline/html/25241.html,204cd30ee2c560c01db80473d01d1669f5cf9124bd7fa807bdc787f4f659960c,1,806432,645146.0
earnings:25619,Dota 2,2017,unavailable,missing_or_ambiguous_country_heading,sqlite_pipeline/html/25619.html,b2bc18a0ada20e6bb18290c014648f0a773f8086440dfc666d122670b281289b,0,1079040,
earnings:2579,Dota 2,2012,total_mismatch,,sqlite_pipeline/html/2579.html,0bd793c5e66884662465bec708465930bccbc4414ec151de790036d6e80789a8,9,1500000,1175000.0
earnings:26739,Dota 2,2018,total_mismatch,,sqlite_pipeline/html/26739.html,29b7a095c386015bc270d04b3afcb626e7350881d5e2fce0e421859df035a13a,1,1092960,496800.0
earnings:27134,Dota 2,2016,total_mismatch,,sqlite_pipeline/html/27134.html,78d0ef8d5d7885cd5d5911a23bad3d86a9086d24f5a727614729776e4e0ec5e5,2,38962,11132.0
earnings:27194,Dota 2,2018,total_mismatch,,sqlite_pipeline/html/27194.html,96e71750b4cb51d8831dc0417a8555d715facef5c0fc8d514eddc741b2307cc7,1,263250,131625.0
earnings:2764,Dota 2,2012,total_mismatch,,sqlite_pipeline/html/2764.html,78ca1b2775ac6ebd6e4679a8dd6167598dad2ccfc4c99fd20d7fa5ea6e475d0d,2,66339,53072.0
earnings:27813,Dota 2,2018,total_mismatch,,sqlite_pipeline/html/27813.html,63ad7dd34401a3b54c531fe383e2fb0d7bec2fe7b80189bfb11ee3317232502d,1,150000,105000.0
earnings:27814,Dota 2,2018,unavailable,missing_or_ambiguous_country_heading,sqlite_pipeline/html/27814.html,f4eb67bab5b505ce491d3a56a7c1730dda4137aa4cc2c680c138627d657c5b20,0,135873,
earnings:27880,Dota 2,2018,total_mismatch,,sqlite_pipeline/html/27880.html,91a261f415932a2cdee6a537dbd82fc35257221d6d118da9f641a18660057ad8,1,19011,13308.0
earnings:2841,Dota 2,2012,unavailable,missing_or_ambiguous_country_heading,sqlite_pipeline/html/2841.html,d75ef0051d7bc1a907b581bb075d394a68de92bd6d16e4ba462cbe16190ef81a,0,50302,
earnings:28411,Dota 2,2018,total_mismatch,,sqlite_pipeline/html/28411.html,7390cafb6fa0c6a54172f367216f4555f3458d40765920fd09b5d13d5719a647,2,3177200,2541760.0
earnings:2849,Dota 2,2012,unavailable,missing_or_ambiguous_country_heading,sqlite_pipeline/html/2849.html,621d04aa6c6ebd456e5a5d4bca722141cba17444a17024e94d777503fdb6cb23,0,52087,
earnings:2851,Dota 2,2012,unavailable,missing_or_ambiguous_country_heading,sqlite_pipeline/html/2851.html,de40bd0670211670f9d9064de5a90315c1d788cddbdb7e3a4704f703d384ed50,0,51226,
earnings:28612,Dota 2,2018,total_mismatch,,sqlite_pipeline/html/28612.html,a90f07efbcc88e32a6a41b3cc260fc4bab9bf59f154d2d0535c53d2547ca36a3,6,10000000,9700000.0
earnings:28797,Dota 2,2015,unavailable,missing_or_ambiguous_country_heading,sqlite_pipeline/html/28797.html,f47f7c8a911e771a2ee339a75948cab059bb9d1fd97473231bbef09cdc17a6a1,0,150000,
earnings:28800,Dota 2,2016,total_mismatch,,sqlite_pipeline/html/28800.html,b2dc4b7f80ca0fd55aa2b730f82fe99009e48111ebea2a859e802b8f65735178,1,150000,130000.0
earnings:28856,Dota 2,2018,unavailable,missing_or_ambiguous_country_heading,sqlite_pipeline/html/28856.html,466fa8cab78c99d6dfd2f8753fd9184116971db7f4baf246736f26861a5c3e93,0,98513,
earnings:29032,Dota 2,2018,total_mismatch,,sqlite_pipeline/html/29032.html,fe425ac5c1088d36c27224810bd7aee36a9fb504121b5685810fff6291a18bdc,1,400000,200000.0
earnings:29222,Dota 2,2018,unavailable,missing_or_ambiguous_country_heading,sqlite_pipeline/html/29222.html,c6f6d3a7529728436ebd6c154b203a34d56995641a7f29dd53d0a4c0337f371b,0,103048,
earnings:29781,Dota 2,2018,unavailable,missing_or_ambiguous_country_heading,sqlite_pipeline/html/29781.html,3559b708abd655cf63d9a1dde61772101d9838ca137167f4a425ed53e28266dd,0,500000,
earnings:29801,Dota 2,2018,total_mismatch,,sqlite_pipeline/html/29801.html,1d76cbaaeccdd36df1313c2bd7b804b707571cf5a7cdc0ff776fedf02b879e05,2,1827600,1720990.0
earnings:29819,Dota 2,2018,total_mismatch,,sqlite_pipeline/html/29819.html,af4b9d5c1d528560d304329a84207fd188314a22a8e60110aa4663a54d6b62b3,10,350000,335000.0
earnings:30074,Dota 2,2018,unavailable,missing_or_ambiguous_country_heading,sqlite_pipeline/html/30074.html,db535fda2cfd9d5aeb84cdf7ff5119e2fd95a71d1115995f0f69470f79272c01,0,135000,
earnings:30076,Dota 2,2018,total_mismatch,,sqlite_pipeline/html/30076.html,dae04b1d8dce969eb1cdf5d8abb37009e5561dc2b9b04d83e736613b9146ac86,1,150000,60000.0
earnings:30077,Dota 2,2018,total_mismatch,,sqlite_pipeline/html/30077.html,d335c65333356da6650d670c04cbd1d6f3ddc104c9b9359ae309b8152992a214,1,150000,120000.0
earnings:30079,Dota 2,2018,total_mismatch,,sqlite_pipeline/html/30079.html,3981a69e185902fb8a7257b57592e90dd6bdb9dec0a0b69557282a213509bf9c,1,150000,120000.0
earnings:30235,Dota 2,2018,total_mismatch,,sqlite_pipeline/html/30235.html,3060c4539b84067e476299b126537040cbb739ac44a69a70ac6631cf99018be7,1,150000,75000.0
earnings:30290,Dota 2,2018,unavailable,missing_or_ambiguous_country_heading,sqlite_pipeline/html/30290.html,e8ba6e6af61b5ac18860d5e8617d89d7cb3e8619f517eec845dac47ff4b96355,0,98513,
earnings:30311,Dota 2,2018,total_mismatch,,sqlite_pipeline/html/30311.html,20ea6e518205424eb9902f78905d7fb3de12892bc3281f418a5b83aec0a47fb3,3,200000,194000.0
earnings:30339,Dota 2,2018,unavailable,missing_or_ambiguous_country_heading,sqlite_pipeline/html/30339.html,da210442386ee87ca071c305fee2b63ea35d9b63e38ba0284fe41c122bb29908,0,785500,
earnings:3036,Dota 2,2013,total_mismatch,,sqlite_pipeline/html/3036.html,44ee0d971127d97bd245cea8486d8c215789ff42a28f35a880fd8a1bcd358881,3,500000,450000.0
earnings:30438,Dota 2,2018,total_mismatch,,sqlite_pipeline/html/30438.html,eaa9b2774f509621e7e67a0da335831b127a8f9863271226064b79727ccd44a8,3,719550,575640.0
earnings:30447,Dota 2,2018,total_mismatch,,sqlite_pipeline/html/30447.html,ef0ee6d51f59b152b518986c96fe5b29dd42e9b17103b7cb968c91cd6ca17880,2,1015200,840000.0
earnings:30472,Dota 2,2018,total_mismatch,,sqlite_pipeline/html/30472.html,94749de39a5b7a5a6f7d99aa2ff4a088930617ff867ea32553a34cb5c40b3f21,1,1358250,1018688.0
earnings:30473,Dota 2,2018,total_mismatch,,sqlite_pipeline/html/30473.html,39fdffe441eb786248e14b89ce426d0b64ce6d8e9bd1c4a78dbfdc15cbf25e9c,1,1473500,1105125.0
earnings:30711,Dota 2,2018,total_mismatch,,sqlite_pipeline/html/30711.html,6caef2ff7558a87e176ef0ea4aaadda0265d349c536a0a1d7b0cc25c9827e243,5,1089160,898557.0
earnings:3082,Dota 2,2013,total_mismatch,,sqlite_pipeline/html/3082.html,bd802948310f235230ca7ee264a9a9bb04aaeb634a3b2241300e2ae8ec1f4d95,10,3500000,3100000.0
earnings:30836,Dota 2,2018,total_mismatch,,sqlite_pipeline/html/30836.html,530fbfb6365096ddfe11100a0b16b9e626efe96f182fdf9f2540dd5af80c9c69,1,1524000,1371600.0
earnings:3158,Dota 2,2013,unavailable,missing_or_ambiguous_country_heading,sqlite_pipeline/html/3158.html,a8ba309f575cd02d1fcb8007fff54f51d6014b8085db8fb1f766cea93aeb9a29,0,730363,
earnings:32849,Dota 2,2019,total_mismatch,,sqlite_pipeline/html/32849.html,83a4a945fd1d0b6b5338f8d4bd799b85d931e4a65a113e3685a418c55f29c2b7,2,514913,441354.0
earnings:32884,Dota 2,2018,total_mismatch,,sqlite_pipeline/html/32884.html,a254e979c66c407bf7e6726b47ca47c8e2c2f14805efcf0133c3bd5b02290d10,1,1203200,752000.0
earnings:32885,Dota 2,2018,total_mismatch,,sqlite_pipeline/html/32885.html,dd9ed4e32d4fb2cd7d0ac5ee57d9c3d6ab6f9be4151236372ec183f7b52cd56b,1,752000,451200.0
earnings:33017,Dota 2,2018,total_mismatch,,sqlite_pipeline/html/33017.html,519c3765f95d4996d5e9782a8ad5628df8120d8f612224768cc6da8d9a9bd121,5,600000,400000.0
earnings:3307,Dota 2,2012,unavailable,missing_or_ambiguous_country_heading,sqlite_pipeline/html/3307.html,ceab4bd472608d6ef6aede5c7f00c68b1737adbeeb7eb0503c01802a28d4b5cd,0,52739,
earnings:33508,Dota 2,2018,unavailable,missing_or_ambiguous_country_heading,sqlite_pipeline/html/33508.html,aaa37f57641599128dbd0dbb4447628d02e48c0e856ea6f4623ae90f2fb1a805,0,35775,
earnings:33513,Dota 2,2019,total_mismatch,,sqlite_pipeline/html/33513.html,f5ce5ab4c6a395d9b16f71a4d9d445502eabfdb7fb2096c569ee968653e7cc69,1,11052,9210.0
earnings:33514,Dota 2,2019,total_mismatch,,sqlite_pipeline/html/33514.html,fc8b47816c32d6f64cc2230a9e1e882373285bbda4068501e0419c3fc7c5a4e9,1,11372,9476.0
earnings:33515,Dota 2,2019,unavailable,missing_or_ambiguous_country_heading,sqlite_pipeline/html/33515.html,6ede575698bf62d01a9ec1d2ce96b53bb4c839a9df5fe73ff43e8ec4398e7b58,0,7381,
earnings:33582,Dota 2,2019,total_mismatch,,sqlite_pipeline/html/33582.html,15200e89265dfe1c9b9346f5d507672337bf697b77cb74486c66ddfcae0fb299,1,10943,9119.0
earnings:33645,Dota 2,2019,total_mismatch,,sqlite_pipeline/html/33645.html,1c5cd2a0d163ee88fe4ee9b4992489714fd50532c45d89f5055487044b0fabd1,4,284000,255600.0
earnings:34774,Dota 2,2018,total_mismatch,,sqlite_pipeline/html/34774.html,2f64d47221c635e9113910593b88bc0e4f9408914c86c13e8b26f047c588bf65,4,400000,300000.0
earnings:34779,Dota 2,2019,unavailable,missing_or_ambiguous_country_heading,sqlite_pipeline/html/34779.html,28007736437caee4c798f1aadb4e8b9619e62017ac2be1f2c02edef36446fa63,0,500000,
earnings:34782,Dota 2,2019,unavailable,missing_or_ambiguous_country_heading,sqlite_pipeline/html/34782.html,855874437c4a9a3405ee87259737a5218a7c11e012b12f434904c0388eb0dc64,0,744250,
earnings:34783,Dota 2,2019,total_mismatch,,sqlite_pipeline/html/34783.html,85420dbd4d0558ab246d214ad49f409c02d86d96def86c4a39e0940a00b06299,1,732700,219810.0
earnings:35229,Dota 2,2019,total_mismatch,,sqlite_pipeline/html/35229.html,bd835a3ef8f8c9cd44af77a198ab740a8419a460b5023ff3bab5d9b04073fc93,1,1200000,890000.0
earnings:35231,Dota 2,2019,total_mismatch,,sqlite_pipeline/html/35231.html,7d538879bf6f07536e8563157baa7e6258120db73ed6162637ed39360955d1c1,2,723850,651465.0
earnings:35275,Dota 2,2019,total_mismatch,,sqlite_pipeline/html/35275.html,19adcaf5e79ce0ab8d437a5c4c63d447d1ee50ccdd9c504a77df87383f0084b9,1,724300,362150.0
earnings:35277,Dota 2,2019,total_mismatch,,sqlite_pipeline/html/35277.html,6488e9c298db71461daca6d3cc6d3b2415b8ab4e3b9c68306c32dd5932a4351b,1,1148400,574200.0
earnings:35282,Dota 2,2019,total_mismatch,,sqlite_pipeline/html/35282.html,ca0fe089af559e9139dd825c6af80323ca1118408efd78fd11e258324be64b2a,1,429600,171840.0
earnings:35374,Dota 2,2019,total_mismatch,,sqlite_pipeline/html/35374.html,a6e42abb516d4e9b8dfe4f42a7863f2f8b5e6a2dd2e887f6c4cfe0541a4294b7,3,700000,633500.0
earnings:35563,Dota 2,2019,total_mismatch,,sqlite_pipeline/html/35563.html,5eb6ba4949824e3239f416521d4de8e5adc34b2943700976b0bfa3325f36c140,2,1456800,1311120.0
earnings:35772,Dota 2,2019,total_mismatch,,sqlite_pipeline/html/35772.html,1c2a87d9758913cb819671152aa524f78874f04e1e451e672ffd73cc0b1caee9,2,2913600,2826192.0
earnings:35976,Dota 2,2019,total_mismatch,,sqlite_pipeline/html/35976.html,9cf8a589652ce45944a424a7ac01ca6f405ca5446b9bbba88d64bf638e237a3f,1,1167120,233424.0
earnings:35980,Dota 2,2019,total_mismatch,,sqlite_pipeline/html/35980.html,f2b60bb97063f61ec7f98a846c70effc2c50b95fd1eaf919aa06519a2ed5fe26,3,200000,170000.0
earnings:35986,Dota 2,2019,total_mismatch,,sqlite_pipeline/html/35986.html,91688a3f4625c20ec8a7adbc0f9c311515112cb9a0823693d530d29170e3ee84,3,1200000,900000.0
earnings:35988,Dota 2,2012,total_mismatch,,sqlite_pipeline/html/35988.html,2243242fee421bc6f879c03f67ad9e71d80c4490514120b20eb7dc605a2cabc8,5,131220,118098.0
earnings:35993,Dota 2,2013,total_mismatch,,sqlite_pipeline/html/35993.html,6b6be83b85e402fd94006fe1bf8653c8df8bc55704c6b765101ad433d97ee7fe,2,175000,150000.0
earnings:35994,Dota 2,2013,total_mismatch,,sqlite_pipeline/html/35994.html,9642ce93e745ca4cf4f6edd9d45f3d378e348513b3fd6b7d15816ccd0855da50,2,458500,406100.0
earnings:36054,Dota 2,2013,total_mismatch,,sqlite_pipeline/html/36054.html,4212b4c2ad308e7e4468e03b72e1997aaabad55c7f9502744be2b265d8b972e0,1,273000,136500.0
earnings:36057,Dota 2,2013,unavailable,missing_or_ambiguous_country_heading,sqlite_pipeline/html/36057.html,a9b6dbfb23abf8ab3d72b640ca1da43e1a5345018088875855787c2e240d6d97,0,150000,
earnings:3624,Dota 2,2012,unavailable,missing_or_ambiguous_country_heading,sqlite_pipeline/html/3624.html,6525c440e2b703901cb032f57c0c6ec12f57d005fea8b431d46ce6272f7b8361,0,50000,
earnings:3630,Dota 2,2012,unavailable,missing_or_ambiguous_country_heading,sqlite_pipeline/html/3630.html,d140275bfd3440d5165d8a8688592beeacc1e0940317ccbd93ef409e85c686a3,0,50000,
earnings:36634,Dota 2,2017,total_mismatch,,sqlite_pipeline/html/36634.html,48965e54cb97561cd91e0566e94a18b0b2e2dd5170fbd6499bb39a169c2f4b6c,13,1182000,1040160.0
earnings:36879,Dota 2,2019,total_mismatch,,sqlite_pipeline/html/36879.html,2c3942767a5e281e599df057844560e64a7b145c22d4aed9184137e7490b5def,3,27881,23978.0
earnings:37044,Dota 2,2019,total_mismatch,,sqlite_pipeline/html/37044.html,913f85b7257c9cfdd02011e4df3140fc4b10b3448747587ff8301fd92f506563,4,27881,22305.0
earnings:37068,Dota 2,2019,total_mismatch,,sqlite_pipeline/html/37068.html,cc07507349a271806bdff490516bc0c0b3a46e32357c0da15fdd5f49c91a568e,1,5576,2231.0
earnings:37399,Dota 2,2019,total_mismatch,,sqlite_pipeline/html/37399.html,fda2942287a796c22237a4a12bb4d6ee9a90fdf92daa0a1103aec397c391319b,8,27881,25092.0
earnings:37401,Dota 2,2019,total_mismatch,,sqlite_pipeline/html/37401.html,139151e3b85a0859dc3e37cdfbc77dfaefd47828319e9a14a1c10d846702b753,1,235650,172810.0
earnings:37402,Dota 2,2019,total_mismatch,,sqlite_pipeline/html/37402.html,174ac6cf8895a56668d9203e2f64db1a3023e96e123e5a34aaa299b673db41cd,5,50000,45000.0
earnings:37403,Dota 2,2019,total_mismatch,,sqlite_pipeline/html/37403.html,ea76617ab41d5378312e9adb41dc1ef21f436dced6ca8106b60a491da07760d9,2,50000,45000.0
earnings:37404,Dota 2,2019,total_mismatch,,sqlite_pipeline/html/37404.html,49b397f3fcc2b95f27b93dd65e2b55ec491641e38440941b2ff64a0be63899ea,3,50000,45000.0
earnings:37405,Dota 2,2019,total_mismatch,,sqlite_pipeline/html/37405.html,84eea5c32cfe8067dd9766061e63dd86fbab7d4dfb1744ecaa46e2525844f9c6,3,50000,45000.0
earnings:37406,Dota 2,2019,total_mismatch,,sqlite_pipeline/html/37406.html,2cb9922e216ce234ff9c071a939c714952b896fae132621d209ade7fd449f7a7,5,50000,45000.0
earnings:37408,Dota 2,2019,total_mismatch,,sqlite_pipeline/html/37408.html,7c8ca26a9f97119d4d0d0b4cba54007f1e77c3df47b93da7cb5f16f44ebf7685,3,50000,38000.0
earnings:37409,Dota 2,2017,total_mismatch,,sqlite_pipeline/html/37409.html,3bc4f4b481aabf317969915c178d4f811b2c099d4dc1b6fef52d1f8a9bfa9633,2,141600,70800.0
earnings:37410,Dota 2,2017,total_mismatch,,sqlite_pipeline/html/37410.html,859e39733925399844136d8262ce7aba02b6f4898eb9a06bbfc1bfe42fa5f4cd,5,141600,106200.0
earnings:37411,Dota 2,2017,total_mismatch,,sqlite_pipeline/html/37411.html,e0043205a50114e57e2fcef66eac6cb6ba5e234d26e94e7ebfe0c83e6fac697b,2,141600,35400.0
earnings:37412,Dota 2,2017,total_mismatch,,sqlite_pipeline/html/37412.html,6bc3348d71cf2692811a61911024f8dca5d33f462a57b5fb5268c677d6766e3a,1,141600,70800.0
earnings:37413,Dota 2,2017,total_mismatch,,sqlite_pipeline/html/37413.html,0907c6afb87159b2091611886297ffad2a4a18dbcc3e833feb1012dab41dc726,2,141600,106200.0
earnings:37414,Dota 2,2018,total_mismatch,,sqlite_pipeline/html/37414.html,de4421f25a08c3fd7b6adaa23abc4fd539800e9bdcebdfb6b060ba25b955d2e6,2,141600,18585.0
earnings:37415,Dota 2,2018,total_mismatch,,sqlite_pipeline/html/37415.html,6f1ae45dba75802025b29279f512bec2842a31e592fcda7d5f4b15af451b470f,7,141600,101775.0
earnings:37416,Dota 2,2018,total_mismatch,,sqlite_pipeline/html/37416.html,9c9f10160f554b2a425f3689a19621371f0b53d17fa58e74c174ff8925529343,2,141600,106200.0
earnings:37501,Dota 2,2019,total_mismatch,,sqlite_pipeline/html/37501.html,02b90f3da61850b4581ac5a3fa1dcbd2303c53e3647be0dcb85b2cf394b9a98f,7,27590,24832.0
earnings:37555,Dota 2,2019,total_mismatch,,sqlite_pipeline/html/37555.html,95d5accf251ae653bcac9415f08f6af738c619f5cb53c18f1d3190aa446602d7,2,179577,95775.0
earnings:37602,Dota 2,2019,total_mismatch,,sqlite_pipeline/html/37602.html,abbf86c5cb3b1ee5a08310e2bdf8d845a4e358e9acdfd769917cf1d18155e7c4,2,150000,45000.0
earnings:37675,Dota 2,2019,total_mismatch,,sqlite_pipeline/html/37675.html,492592ee8514762ab54071299aba605712e8044e255e54bef483e402c5a750b5,1,150000,120000.0
earnings:37676,Dota 2,2019,total_mismatch,,sqlite_pipeline/html/37676.html,aee074c0227f5a11a59eb46aa6dc56c2fb1fd1ca58fea9ddb8f542eacfe0cb5e,1,150000,75000.0
earnings:37677,Dota 2,2019,total_mismatch,,sqlite_pipeline/html/37677.html,95555977449672cf9f795616f314cf09d47f1384a7bc395e55d489086407539e,1,150000,120000.0
earnings:37732,Dota 2,2019,total_mismatch,,sqlite_pipeline/html/37732.html,0e8f1cb67867dfca85de5662821c0b1b95012962f3fde1618dd2f4882d09d29a,4,27568,19296.0
earnings:37733,Dota 2,2019,total_mismatch,,sqlite_pipeline/html/37733.html,f5a125f954e44a31e9a7dae7691a773b73eeb73c7772792e306f1258998b68dc,1,27568,16541.0
earnings:37772,Dota 2,2019,total_mismatch,,sqlite_pipeline/html/37772.html,550d229a8a294065acd2530b6b035220eac2222847e6b5f1c1f748fcc350a6d8,3,2000000,1900000.0
earnings:37773,Dota 2,2019,unavailable,missing_or_ambiguous_country_heading,sqlite_pipeline/html/37773.html,fa66e531a2298315c262a58ea6dede6b50ad5bc489895c8de8a9708c5589caa8,0,150000,
earnings:37774,Dota 2,2019,total_mismatch,,sqlite_pipeline/html/37774.html,52cfc947e2e24c131a6025ecda7ba18ef75556de77afe34362dfb5b247d485e7,1,4215300,1939038.0
earnings:37861,Dota 2,2019,total_mismatch,,sqlite_pipeline/html/37861.html,f2c4e0a149f45de44d1a4f44098cefa8515e5eeea4845726ba8061c2c81d51d2,1,11199,9332.0
earnings:37862,Dota 2,2019,unavailable,missing_or_ambiguous_country_heading,sqlite_pipeline/html/37862.html,cf67b070c372d739086fe3c764bb4becbd3f3438201f1371cb0d60a44a5d4529,0,11179,
earnings:37863,Dota 2,2019,unavailable,missing_or_ambiguous_country_heading,sqlite_pipeline/html/37863.html,e92308f136cf55c444e63dafdf3e38f1d73a5ab29ddd0a7c2fe66bc869a0d3ca,0,3708,
earnings:3791,Dota 2,2013,total_mismatch,,sqlite_pipeline/html/3791.html,214d75160c2d29b44ddbfe8a85d2618b17133980d31c7c87c9d78429f1ce93dc,1,11293055,10446076.0
earnings:37971,Dota 2,2019,total_mismatch,,sqlite_pipeline/html/37971.html,7d87347acd572d943cd1ebfff32557237a39021e4bfea78da287ab29a54a84a5,6,27568,19296.0
earnings:37973,Dota 2,2019,total_mismatch,,sqlite_pipeline/html/37973.html,173de2c9d33e99dd7985250002be79fedfc09579728e0e75b85481f2b0644aa0,5,27508,23106.0
earnings:3802,Dota 2,2013,total_mismatch,,sqlite_pipeline/html/3802.html,e4bd541436fcad5a9dfe7c33181ff6f17033a73451ccfbaa62467739522cd78a,8,100000,90000.0
earnings:38090,Dota 2,2019,unavailable,missing_or_ambiguous_country_heading,sqlite_pipeline/html/38090.html,80ee45aeb96ee0304d3bfc3e62e3ad25e19bc642333d170a106e801cb788eb73,0,1405800,
earnings:38091,Dota 2,2019,total_mismatch,,sqlite_pipeline/html/38091.html,5bdfd5fc0180c803fbd0ac3e4939105352dd1f3b261456d9845f6ce00e712a9c,2,4209900,2385610.0
earnings:38092,Dota 2,2019,total_mismatch,,sqlite_pipeline/html/38092.html,75527f71919543023d55186179f7471ec9ede51cb7ae173fd8c76c1f517179c4,5,1403600,771980.0
earnings:38106,Dota 2,2019,total_mismatch,,sqlite_pipeline/html/38106.html,af2a75ef2e17728285cc2271908ebd63723daa9d1f62f04cf1e53181f97cf16e,1,388013,364732.0
earnings:38270,Dota 2,2019,total_mismatch,,sqlite_pipeline/html/38270.html,fdad6c896c78348c253435d219248ee1cd6cd1d108177a1fe931537334776b89,6,329370,307413.0
earnings:38287,Dota 2,2019,total_mismatch,,sqlite_pipeline/html/38287.html,a0c121b2b9dbd025f8f118c49986294ced11b2f02af00f754263e942f4d6a654,1,135000,75000.0
earnings:38288,Dota 2,2019,total_mismatch,,sqlite_pipeline/html/38288.html,c687bcead25360c09f1816e477d39ad178bfd914737c4b6b5c0f9d79bbec226d,2,1200000,842857.0
earnings:39068,Dota 2,2017,total_mismatch,,sqlite_pipeline/html/39068.html,dd04a5a3fac12f83010e072e99c025c6d2a746c8ee3aa279374018c740b71f6c,3,83652,59752.0
earnings:39094,Dota 2,2019,total_mismatch,,sqlite_pipeline/html/39094.html,3aa9c2351fde7e173ec10802a55e5fc69f739f595966cf8f5badef14a3d8ffbe,2,1430900,1173338.0
earnings:39095,Dota 2,2019,unavailable,missing_or_ambiguous_country_heading,sqlite_pipeline/html/39095.html,796d14ad6099299138f3e192eb6d4d4133f934cbed8b2d3e28f9d46f9c833119,0,4272900,
earnings:39097,Dota 2,2019,unavailable,missing_or_ambiguous_country_heading,sqlite_pipeline/html/39097.html,abbb8073ddb508c4a8286508ecb0247bcd88419ea093656485153a7a58a6ba83,0,4251300,
earnings:39100,Dota 2,2019,unavailable,missing_or_ambiguous_country_heading,sqlite_pipeline/html/39100.html,50bf1da5784356c5c41ad8adb0d0f1f9b7ef5f359bce3b172bb6cb64592da58e,0,2827800,
earnings:3944,Dota 2,2013,unavailable,missing_or_ambiguous_country_heading,sqlite_pipeline/html/3944.html,cb520010f3c088749e48be256dc267f8178fb299952a838ec2a2ecd8dc1979ee,0,100000,
earnings:3945,Dota 2,2013,unavailable,missing_or_ambiguous_country_heading,sqlite_pipeline/html/3945.html,c9bca5fe0c88832d797281b3db1d4252f39f2cef474592ec0b4800e455ee9287,0,100000,
earnings:39454,Dota 2,2019,total_mismatch,,sqlite_pipeline/html/39454.html,7c9e289e651f286f75bcb1b9e0ed82fb7dad9d56b5c4921e34d623fabb36afe7,2,1138480,853860.0
earnings:3946,Dota 2,2013,unavailable,missing_or_ambiguous_country_heading,sqlite_pipeline/html/3946.html,e270960372f50020644c431d897bca46a1110d04c5f6144b9cccacd395a2279b,0,100000,
earnings:39462,Dota 2,2019,total_mismatch,,sqlite_pipeline/html/39462.html,c8745e2fc59c3aa23a9f5c77dbcc8ca603eec07143703ce44e7df5c32a84cb67,1,1138480,996170.0
earnings:3947,Dota 2,2013,unavailable,missing_or_ambiguous_country_heading,sqlite_pipeline/html/3947.html,067342cc727aea88b99294588c17442d25a042ddc01cf7a73f15d052b36c3aef,0,100000,
earnings:39490,Dota 2,2019,total_mismatch,,sqlite_pipeline/html/39490.html,1d9cff0d50be6e3b6111ae5c3596c0e6a974ee17b07c9459fd023fca9fc893ee,1,1138480,711550.0
earnings:39491,Dota 2,2019,total_mismatch,,sqlite_pipeline/html/39491.html,6ed995e7f3e776b675f5f3ab6619e982fa8b9b81fb3c3e09d976334a44bfafd8,1,1138480,711550.0
earnings:39854,Dota 2,2019,total_mismatch,,sqlite_pipeline/html/39854.html,89b78212fea1be48cdbad5969e13ff8077d729182395a273676cbdf260f5e9b9,3,4272900,2492525.0
earnings:39855,Dota 2,2019,total_mismatch,,sqlite_pipeline/html/39855.html,d2bc431cb09df4dc2954ebc7df6fd6cc96a9c52ce8210e563a748a66f6c08c19,3,4288200,357350.0
earnings:39856,Dota 2,2019,total_mismatch,,sqlite_pipeline/html/39856.html,b9173d19ae9eff24eace6bfdfafbfc27011d7c615787c91b461efa9761c69f1b,2,312600,125000.0
earnings:40247,Dota 2,2019,total_mismatch,,sqlite_pipeline/html/40247.html,fe166ec57aaee662788a490c9a5383cb51d6e95699454b792ce37a1cd3acbea8,6,1200000,950000.0
earnings:40404,Dota 2,2020,unavailable,missing_or_ambiguous_country_heading,sqlite_pipeline/html/40404.html,9ec695e687de5f4ce82a39cebf9a1b94124572fdd84601ccfb9382826b021ebf,0,4324800,
earnings:40475,Dota 2,2020,total_mismatch,,sqlite_pipeline/html/40475.html,3e6fe9ac9dd61b3f59831ea208301eda98646c30e56cc6a47b4636bb1de38462,1,5394600,2187000.0
earnings:40724,Dota 2,2020,unavailable,missing_or_ambiguous_country_heading,sqlite_pipeline/html/40724.html,4a84ed2ca559a63fd25da440355329f4237def0a809e0cca984582b1af0e84fc,0,4324800,
earnings:40818,Dota 2,2012,unavailable,missing_or_ambiguous_country_heading,sqlite_pipeline/html/40818.html,24d7c97f639fee9a29ab603fa373831da2823b12c7efa51299d97296e9e3349c,0,60500,
earnings:40836,Dota 2,2020,total_mismatch,,sqlite_pipeline/html/40836.html,9b81d127c14496e42a851919d00ecace2dae7d491942b5b1bb6fee4821c71456,8,700000,644000.0
earnings:40847,Dota 2,2019,total_mismatch,,sqlite_pipeline/html/40847.html,6ac76174281b450f40b4c9c60c5030b10ef01362ee31bbb591f3bfa8cc40051e,4,50000,35000.0
earnings:40848,Dota 2,2019,total_mismatch,,sqlite_pipeline/html/40848.html,39689a43539dff313fc8bce2fe76efc89ea140993b12f8a25ac3cf4d4a5cb077,3,50000,45000.0
earnings:40849,Dota 2,2019,total_mismatch,,sqlite_pipeline/html/40849.html,ae55a848a78241d7d25ac9367b38f61eac9423b5f2b11e41a4c404d7ca17d1af,2,50000,40000.0
earnings:40850,Dota 2,2019,total_mismatch,,sqlite_pipeline/html/40850.html,ca2a25b1ad0d2452d87a15b8d40442014d36c9d1110e5b594ba627dd5f120f84,1,50000,35000.0
earnings:40851,Dota 2,2019,total_mismatch,,sqlite_pipeline/html/40851.html,2ee1f1580f68ef46f5db6d860b4fee94cca1a9b04c4de2fb2e2a43f93eb59ff5,2,50000,35000.0
earnings:40852,Dota 2,2019,total_mismatch,,sqlite_pipeline/html/40852.html,15e768abe76f13427603123f4bdb9c2a2aad7f462cc6c3dc9277a2165c24d7d7,1,50000,10000.0
earnings:40853,Dota 2,2019,total_mismatch,,sqlite_pipeline/html/40853.html,7a7b94fb369ec349b0371142aa8e66d093cd84001c4c64bd371506cb1d3b75eb,3,50000,35000.0
earnings:40854,Dota 2,2019,total_mismatch,,sqlite_pipeline/html/40854.html,c0a0fc0444dc4f664e8ce9aa189f6d6df7c2f7b3061cdfeefcb6b71adbfdaa42,1,50000,35000.0
earnings:40855,Dota 2,2019,total_mismatch,,sqlite_pipeline/html/40855.html,a0b37640c36862316bb2d99b3c14b657e7d73a0fc4d076c17dbddb1fe0bc25e3,2,50000,35000.0
earnings:40856,Dota 2,2019,unavailable,missing_or_ambiguous_country_heading,sqlite_pipeline/html/40856.html,74097ae5e936f839a0a98874f906be068796ec8e2dd5497f40224a5990c62755,0,50000,
earnings:40940,Dota 2,2020,total_mismatch,,sqlite_pipeline/html/40940.html,a4bb83e490c85fe5f6ab9c57631e4d4411ee8d6110ecd85927a3698514943e96,1,1409000,704500.0
earnings:41029,Dota 2,2019,total_mismatch,,sqlite_pipeline/html/41029.html,52d010982ca53abfa492fce0ac0f6687501ec7369b9760dab1ad22ac98ed266a,1,312600,281300.0
earnings:41063,Dota 2,2019,total_mismatch,,sqlite_pipeline/html/41063.html,0f79d276ba03394a9d7795f829c41be907d84259035eb7d5d81ebb45017089d3,2,2829000,2404650.0
earnings:41240,Dota 2,2020,total_mismatch,,sqlite_pipeline/html/41240.html,cd152f600a37d202ab59d5fbd90f8d127a3d46718cd7cf308e06f1c807f79e0f,2,1200000,720000.0
earnings:41290,Dota 2,2020,total_mismatch,,sqlite_pipeline/html/41290.html,bd0bf95b36ffdb72c6615d19b86687ca46f1f0ea3ed9f705684dc785646426fd,1,67150,33575.0
earnings:41293,Dota 2,2020,total_mismatch,,sqlite_pipeline/html/41293.html,ba7242862495ce329aefc0d6dc65f18a911bcc03dbc81137ea125e9e53504c8b,1,2307200,1874600.0
earnings:41297,Dota 2,2020,total_mismatch,,sqlite_pipeline/html/41297.html,515e30b894d72cae34ed5c57f969e55c7867a89f5552031100f2cbc2dd483d26,4,700000,630000.0
earnings:41356,Dota 2,2020,total_mismatch,,sqlite_pipeline/html/41356.html,5f39ec60e144e3433a1ea166577cc5969b7e369466e8a8f9d7b3f1551011e5ee,1,351540,211575.0
earnings:41357,Dota 2,2020,total_mismatch,,sqlite_pipeline/html/41357.html,ed4037896bbeab2c66fd1d1580f12c9d9443e6957209168e6a0af20b6f3465cd,2,367470,316433.0
earnings:4150,Dota 2,2022,total_mismatch,,sqlite_pipeline/html/4150.html,ab683ae8000ad9da1e866d077776caba403e1c643cca531dbb889a64f538c54e,6,2000000,1800000.0
earnings:41590,Dota 2,2020,total_mismatch,,sqlite_pipeline/html/41590.html,d8f37b5cb13c76639c18e2b608042a7379b5fb8cb7b5247b09d3a4d03f633a6d,1,698198,458413.0
earnings:41697,Dota 2,2020,total_mismatch,,sqlite_pipeline/html/41697.html,799efad8098e02ac7d6321711d64eef11798e24d7150383af26a0d08ef38fafe,3,3200000,3170000.0
earnings:41698,Dota 2,2020,total_mismatch,,sqlite_pipeline/html/41698.html,222ad137d0143e10ad9f371e9590e6e23b03940e0789dc7d466a5d604de71a9c,1,284760,273370.0
earnings:4177,Dota 2,2014,unavailable,missing_or_ambiguous_country_heading,sqlite_pipeline/html/4177.html,894378cf18f9e3672d1cde27f2c2476ac8dc55982ae4b4569343bdac6a95915f,0,136684,
earnings:41994,Dota 2,2020,total_mismatch,,sqlite_pipeline/html/41994.html,36e89e1c77e0744f7138d7bac8eb4019ac210cda8e717a828c8644575174727a,3,1710639,957958.0
earnings:42432,Dota 2,2020,unavailable,missing_or_ambiguous_country_heading,sqlite_pipeline/html/42432.html,ff42187fbd91e6e320ed26eb2c37287457140eae9d5e82d2c2535bf6f89d4ae5,0,0,
earnings:42686,Dota 2,2020,total_mismatch,,sqlite_pipeline/html/42686.html,9caf8179ebeaaddb9c319e2b8458d3f642af65783ce8078264d78f8173e69ef4,2,381060,359890.0
earnings:4297,Dota 2,2014,unavailable,missing_or_ambiguous_country_heading,sqlite_pipeline/html/4297.html,8c242602d1adb35c071b7968f2db8a89c42b16412cc986c084ed1edaa6181f06,0,674391,
earnings:43041,Dota 2,2020,total_mismatch,,sqlite_pipeline/html/43041.html,a958575e4122825b89f0cf88eb51a59909a7feb45ff411c7e9f2735087c683ab,3,3275220,3193340.0
earnings:43410,Dota 2,2020,total_mismatch,,sqlite_pipeline/html/43410.html,03c45541127b919a60375c2900bd34e635c26a702d102392edcc5ad649c0634e,9,13500000,13300000.0
earnings:43415,Dota 2,2020,total_mismatch,,sqlite_pipeline/html/43415.html,e21c74661da35186d5fdea050b7312d2b0c11218b9d3bce9d48f4cd95929f9c0,17,3161814,3019710.0
earnings:43416,Dota 2,2020,total_mismatch,,sqlite_pipeline/html/43416.html,b277cb7efbe55a466395107b2fc93b7a5736708eacd92ed9aa5bd6f3dabafd9d,6,50000,45000.0
earnings:43417,Dota 2,2020,total_mismatch,,sqlite_pipeline/html/43417.html,d63d769202fd768d9dc1e711e814d3ad3e508be08792e6d68847eb4406fd70cd,4,50000,45000.0
earnings:43418,Dota 2,2020,total_mismatch,,sqlite_pipeline/html/43418.html,5acf8ed1a0497ea079a67874bfe762b7b813bf308f7990a4c16aaf785336e914,1,50000,35000.0
earnings:43419,Dota 2,2020,total_mismatch,,sqlite_pipeline/html/43419.html,b91f856387cb38c4ce87c0fe9aabcf6ae98423c69570d0c525f6390e98244c2e,1,50000,35000.0
earnings:43424,Dota 2,2020,total_mismatch,,sqlite_pipeline/html/43424.html,9683c49e74ca3f3c188ff281da0eb4741634f6a4abf07da53593436f9f58333f,1,50000,35000.0
earnings:43425,Dota 2,2020,total_mismatch,,sqlite_pipeline/html/43425.html,8f2e97333b0e8478bdcc8b0b2ba12a1920bf268d851899f58e8e96b0958ef596,2,50000,45000.0
earnings:43687,Dota 2,2020,total_mismatch,,sqlite_pipeline/html/43687.html,ca027993d81848f5e89b71a823d13be9093fea58774a8e5637dc8970913b1442,3,50000,47500.0
earnings:43693,Dota 2,2020,total_mismatch,,sqlite_pipeline/html/43693.html,d418818cf07c60b20f28d50506c01b8119826b17c2d4e814afdc8c7650607c5b,2,50000,45000.0
earnings:43888,Dota 2,2020,total_mismatch,,sqlite_pipeline/html/43888.html,f49ffc692c378104a31f72c286bbfcb2c7eddbfa7569f36cd4bd223567432c94,8,50000,45000.0
earnings:43889,Dota 2,2020,total_mismatch,,sqlite_pipeline/html/43889.html,8ac50468007415d3695d40e92d0676affc8d07db00898f682fd3075bf3b0f73a,4,50000,35000.0
earnings:43890,Dota 2,2020,total_mismatch,,sqlite_pipeline/html/43890.html,3d072e10380275f75fb9d3a1bbf3e5fcef8116dc3e8ad791d805f70dc3c58bdf,2,50000,35000.0
earnings:43891,Dota 2,2020,total_mismatch,,sqlite_pipeline/html/43891.html,a23e88341325531c7a2f236b0168cc7672a0cccd02fe3598acc58adc9c13c09f,2,50000,45000.0
earnings:43892,Dota 2,2020,total_mismatch,,sqlite_pipeline/html/43892.html,d2cd9671a7a888c4d507166d1d70f769e0be4851c1609e5f7328aff6bd3fa1c0,1,50000,35000.0
earnings:43893,Dota 2,2020,total_mismatch,,sqlite_pipeline/html/43893.html,e93eb4607fbc6d825b16c251847f99993c5c7c0788a3eca6ab0c51782f5cfcde,2,50000,35000.0
earnings:43894,Dota 2,2020,total_mismatch,,sqlite_pipeline/html/43894.html,adbacf5dbc5189d217f486e6edf20b62dca0690efd120f5efcca9569ed94d148,1,50000,35000.0
earnings:44264,Dota 2,2020,total_mismatch,,sqlite_pipeline/html/44264.html,d2f9c7e702baabdc3c01770dcd049e68f0516bfa78de8503871efdac71b2a8b5,2,50000,35000.0
earnings:44265,Dota 2,2020,total_mismatch,,sqlite_pipeline/html/44265.html,cbe1a9e6d80bd71bd0685c2c6df145fd392070cc52498ca1d1d4b29af36c4402,1,50000,35000.0
earnings:44267,Dota 2,2020,total_mismatch,,sqlite_pipeline/html/44267.html,6e8e9564afa0aedfca8b2ae3717b7b53a792f0851f72032708e0af395ff6c710,1,50000,35000.0
earnings:44284,Dota 2,2019,total_mismatch,,sqlite_pipeline/html/44284.html,d6e883e05a835905f2a76cfa9c67db328f98e9af4396ef57f3c2b6f03abc4337,5,215850,199031.0
earnings:44285,Dota 2,2019,total_mismatch,,sqlite_pipeline/html/44285.html,7c74e2b6b4ae896dc96475af011f3ae124048ec8f4ae5e7b8ab4805f71f3fc70,5,1103400,1092366.0
earnings:44287,Dota 2,2020,total_mismatch,,sqlite_pipeline/html/44287.html,cdfe753b8c3c68ece4ae5ba2bbfdffe91db95b15c1ff86b13eaa963763d07f03,3,140000,70000.0
earnings:44288,Dota 2,2020,total_mismatch,,sqlite_pipeline/html/44288.html,b343434f69cbe5e8025dd08f7c28d64ad3ae532adbcfd6e9536f80568940ea3c,2,140000,70000.0
earnings:44289,Dota 2,2020,total_mismatch,,sqlite_pipeline/html/44289.html,b006a17b98123780f105ba0185b003c7282b102c0e57f228abb8395079f2a431,6,140000,134000.0
earnings:44290,Dota 2,2020,total_mismatch,,sqlite_pipeline/html/44290.html,b0e38268770ddecb6615394a5edbeccf4694fa090aae0cc0f3e87781d4aa1ce7,1,140000,70000.0
earnings:44565,Dota 2,2020,total_mismatch,,sqlite_pipeline/html/44565.html,4e1874b73d6cbea670ddee7eaea81403acfc20ca27e28e6b0f9386e0476e8edb,3,1361450,1170847.0
earnings:45572,Dota 2,2020,total_mismatch,,sqlite_pipeline/html/45572.html,344906436ba24df50a8c09e5db2e30eb87974f0c9ae31b8eee2311c38be03c7b,3,2294400,1835520.0
earnings:45685,Dota 2,2021,total_mismatch,,sqlite_pipeline/html/45685.html,0aa8e5d76a0a0e6bcf715978bafd95ce1711c2cced48f4a17aa32ccbe8539d24,17,7500000,7500003.0
earnings:45830,Dota 2,2021,total_mismatch,,sqlite_pipeline/html/45830.html,281a4d39c6f3d1326161852af9d3d19e2cd14c666c29ea9998698c3cac519b3d,3,1474770,1187010.0
earnings:46580,Dota 2,2021,total_mismatch,,sqlite_pipeline/html/46580.html,60d26a381615f99782b4926bb4affc6a58decf3b067be5da55bd619992babcf4,5,1853400,1772315.0
earnings:47410,Dota 2,2021,total_mismatch,,sqlite_pipeline/html/47410.html,fbe2000f70e019c327a0dc1a4be08eb56779481113baacf94ba7a35eafa114d0,3,424441,405365.0
earnings:47411,Dota 2,2021,total_mismatch,,sqlite_pipeline/html/47411.html,f9d81b75d519053006dd7f8a9e604c442e71a8417cbcc63e8a227b5688ca344b,8,3244851,2697966.0
earnings:4779,Dota 2,2012,unavailable,missing_or_ambiguous_country_heading,sqlite_pipeline/html/4779.html,af4b42488a7b4375cb1724af005510557b0f83cf4ea424be08427b97d220d673,0,141473,
earnings:48719,Dota 2,2021,total_mismatch,,sqlite_pipeline/html/48719.html,2f84fce3bec43ccd6fb9883a56df81bfc5635fece6fcfa1fd919d55c233081d6,4,997500,957600.0
earnings:49267,Dota 2,2021,total_mismatch,,sqlite_pipeline/html/49267.html,4f924b0c9dfe51b2e981f569b0fb13f15fe76c05d12fb02425780ba40d7a14db,6,1000000,920000.0
earnings:49268,Dota 2,2021,total_mismatch,,sqlite_pipeline/html/49268.html,906003e9c5153d34bb4d0f702c8877dcda34de3f061ee2851112e6a9b078bed0,5,1000000,960000.0
earnings:4951,Dota 2,2012,unavailable,missing_or_ambiguous_country_heading,sqlite_pipeline/html/4951.html,d89f87b39e31dee23ea1de35dc2da5601701940a988255a3c0919152901decd5,0,277492,
earnings:49567,Dota 2,2021,total_mismatch,,sqlite_pipeline/html/49567.html,6365e0ed98e3d7c15b6a1ee07c169e8d1408a719f4d7bbd0979e45b3630beaf8,4,929675,884325.0
earnings:49651,Dota 2,2022,total_mismatch,,sqlite_pipeline/html/49651.html,e49da636b54c8469ae121ea5e0d53d67fe09cc310cf1ab066d4b8bff08ad9fc7,6,2000000,1995000.0
earnings:50095,Dota 2,2021,total_mismatch,,sqlite_pipeline/html/50095.html,e7a2c4ed4538a1252fd7e81e8d9f48dd7342da38c1a360a0a4cd54f0645edd8a,11,2977364,2519308.0
earnings:50351,Dota 2,2021,total_mismatch,,sqlite_pipeline/html/50351.html,a41133157d80412639eaa9f4a7dcbc3456497b2ae83f337613c4711c081e4e8e,1,50000,35000.0
earnings:50352,Dota 2,2021,total_mismatch,,sqlite_pipeline/html/50352.html,49df49b3273861dd93ef2c1740a3d4ba4939ff8811de296a133e0244457b216e,2,72500,35000.0
earnings:50353,Dota 2,2021,total_mismatch,,sqlite_pipeline/html/50353.html,2d87dbcaf68b6e499680a83e4604e066f75b7f4a8d82f93641d915f0d7e09755,2,50000,35000.0
earnings:5038,Dota 2,2013,unavailable,missing_or_ambiguous_country_heading,sqlite_pipeline/html/5038.html,ef6ef233e051813675f770f98d112502f30c48df7f3fd7f3f3006de5568ad451,0,0,
earnings:50830,Dota 2,2021,total_mismatch,,sqlite_pipeline/html/50830.html,d18fc04881a95c76e739f413cfb47a59f61c07294922959cecf49b4ef8000fe2,4,2200000,1850000.0
earnings:50831,Dota 2,2021,total_mismatch,,sqlite_pipeline/html/50831.html,fc9ec03b14414e33b525f006d9c82b872d455b802f744342004071a64eb7cdbb,6,1500000,1485000.0
earnings:50893,Dota 2,2013,unavailable,missing_or_ambiguous_country_heading,sqlite_pipeline/html/50893.html,c5740d4d6287661ddb5113487842502d069740dc9cc2975f6162750f094ebed0,0,53492,
earnings:50894,Dota 2,2013,unavailable,missing_or_ambiguous_country_heading,sqlite_pipeline/html/50894.html,7570655adb4381c4d23a50bca5df2053b425b5853215a3d9f83bc1e2922c6546,0,68055,
earnings:50895,Dota 2,2013,unavailable,missing_or_ambiguous_country_heading,sqlite_pipeline/html/50895.html,bfd3b392f42ac339e258231979b19f8cf56edac575a5d73d4ef58d13be35f4db,0,66765,
earnings:50897,Dota 2,2013,unavailable,missing_or_ambiguous_country_heading,sqlite_pipeline/html/50897.html,31454cebadc0996f492a36475217a7e7f1b7319f3b2b08a8bb4bebe709d3a02e,0,65060,
earnings:50899,Dota 2,2013,unavailable,missing_or_ambiguous_country_heading,sqlite_pipeline/html/50899.html,cc2db33834f57e63ecaef5db0b3e4a3ca4af3014eb991547716e3d63ecd23c4a,0,65575,
earnings:51737,Dota 2,2022,total_mismatch,,sqlite_pipeline/html/51737.html,23c33f13f8a91100feab667b43ee96264b96af85384f15971ca5a32793ee85ae,9,500000,492500.0
earnings:52386,Dota 2,2020,total_mismatch,,sqlite_pipeline/html/52386.html,0d1cf10ecd2f9001b6f7ad16dbabb7c4b24626b598524e6feed105c454525565,1,192448,109970.0
earnings:52397,Dota 2,2022,total_mismatch,,sqlite_pipeline/html/52397.html,efc5187c4a2e2af7a3c5cbccc49aa50e6fd483d8abaefb524beadc4b11732c3c,16,2730818,2488314.0
earnings:52892,Dota 2,2022,total_mismatch,,sqlite_pipeline/html/52892.html,ad66de2873e6ab2647b6445afe2b273d5bb24587eeb66e2b3d2fd317ffaab7a8,1,2460000,1968000.0
earnings:5323,Dota 2,2014,unavailable,missing_or_ambiguous_country_heading,sqlite_pipeline/html/5323.html,d8936050001ce6330f673b296fb63a5971aa112f0adb4d5f7fde84e0a42965d6,0,289266,
earnings:53816,Dota 2,2022,total_mismatch,,sqlite_pipeline/html/53816.html,0faa7c98ad0eb9f43b9a7e1cef328824c8c9ad4e100bd52a2767419157d12436,5,1905000,1714500.0
earnings:53823,Dota 2,2020,total_mismatch,,sqlite_pipeline/html/53823.html,75faf23a5a89b38e28dbffbbe51f960ee72156c007ab25d909f510678cb6ef64,6,7059122,5590826.0
earnings:54254,Dota 2,2022,total_mismatch,,sqlite_pipeline/html/54254.html,34b85284ec64d60853f834cb7c2a59f1a24b3bee9172e60dc91caa0e9a4e4a21,23,20500000,20500003.0
earnings:54719,Dota 2,2022,total_mismatch,,sqlite_pipeline/html/54719.html,3449753d72d9e5c8c97389752ef0e0da147085a0606bb57e64450e72e9f96dc5,1,665151,554292.0
earnings:55298,Dota 2,2022,total_mismatch,,sqlite_pipeline/html/55298.html,83b96ab2321618658bca2935052a1194cc5e885788be098a7ad887345e4d087b,8,490000,450000.0
earnings:55884,Dota 2,2018,total_mismatch,,sqlite_pipeline/html/55884.html,8d83d7977bfa8d54796c975044c5aaf3a9bd5574af93f9a1fccaf9f783794e58,2,513846,405031.0
earnings:55885,Dota 2,2018,total_mismatch,,sqlite_pipeline/html/55885.html,d496aefbaebb48bd238e3e9c24437221ddf18dad73c9b490e2860776d077d585,1,376881,226128.0
earnings:57614,Dota 2,2022,total_mismatch,,sqlite_pipeline/html/57614.html,5f5d8fa1745d6cde9af9a24cafb624250d7ff77f9f846a4a3fc30cd38a1528fc,5,1500000,1480000.0
earnings:57615,Dota 2,2022,total_mismatch,,sqlite_pipeline/html/57615.html,c021170e31c31d4c0abae4fd87b37d688daf703f8db6854fc41b10aa15256f6f,7,1500000,1491667.0
earnings:57909,Dota 2,2019,total_mismatch,,sqlite_pipeline/html/57909.html,bd3f0fc0a7dd19ed6876fbd060eb1f3a6d7ca47e77b35ef5a35d9ce42b155d9b,1,277634,237350.0
earnings:57910,Dota 2,2021,total_mismatch,,sqlite_pipeline/html/57910.html,28acbe1b7a7863f2731324b1539b20eb90ccec5e01ffe379e6225c7fb7ee0590,1,921465,884607.0
earnings:57914,Dota 2,2020,total_mismatch,,sqlite_pipeline/html/57914.html,2016f1bfb386ecf8616009786b23e3ffb4e1a4bd4114d1ff23ca2e0ffe6de4de,1,369253,330722.0
earnings:58148,Dota 2,2020,total_mismatch,,sqlite_pipeline/html/58148.html,7949e077aacccb4306f5b786b6d4d9e320abbac9a36962c62b2f6ff6ba00cb35,1,485000,419500.0
earnings:58360,Dota 2,2022,total_mismatch,,sqlite_pipeline/html/58360.html,977b4933ed72300237d43dde543c66d5bb6577d8e16bde747a6074287884796a,9,1000000,910000.0
earnings:58363,Dota 2,2021,total_mismatch,,sqlite_pipeline/html/58363.html,81edd88d791bd2362559c55de437fb9a006e01b87cf7a64844a9bde151de1343,8,1000000,975000.0
earnings:58841,Dota 2,2022,total_mismatch,,sqlite_pipeline/html/58841.html,a6be97e791b17ab7a5ccdca17419c4b233ec8bc8ea3cdf2430d2d9f9993ecf26,8,1000000,875000.0
earnings:58844,Dota 2,2022,total_mismatch,,sqlite_pipeline/html/58844.html,69b81f3909e4b56452623ad796693c05a05a2454b100dc61f37c84bbc471b556,14,2000000,1800000.0
earnings:59342,Dota 2,2019,total_mismatch,,sqlite_pipeline/html/59342.html,8c3bb7088049663e145b30e2c59e01dec4c274147374fa95198570081192e8aa,1,2000000,1320000.0
earnings:59869,Dota 2,2022,total_mismatch,,sqlite_pipeline/html/59869.html,3f867589a11a2d634af0d1464c6be27ee013ea269ac0525ebc09138a7198dd4c,4,100000,70000.0
earnings:59870,Dota 2,2022,total_mismatch,,sqlite_pipeline/html/59870.html,3e41ba5f104934a8c4f251e2cc87eadca427617d59739476b87dfde4498ce6bd,4,100000,88000.0
earnings:59871,Dota 2,2022,total_mismatch,,sqlite_pipeline/html/59871.html,dc70cc941a4bed01a1e2fb77568bcca9fae5a8e3897ed66560b285bbbd812821,8,100000,96666.0
earnings:60361,Dota 2,2023,total_mismatch,,sqlite_pipeline/html/60361.html,37d81499d6cab332923f4f327051f25af27a2f545da5e3bc253d6e4828d3f29b,2,200000,175000.0
earnings:60362,Dota 2,2023,total_mismatch,,sqlite_pipeline/html/60362.html,4ebd2baacdbaf50da4cf1bc06d58c4ec6c145f1c733fff57b2486c46668d476d,7,2000000,1940000.0
earnings:6154,Dota 2,2014,unavailable,missing_or_ambiguous_country_heading,sqlite_pipeline/html/6154.html,762d578defbccdeee794c345dcc2c84108ddfdcaf0138af1327f6e211413c5c2,0,48470,
earnings:65555,Dota 2,2023,total_mismatch,,sqlite_pipeline/html/65555.html,cd7a07eaf889951a25a0a32e14db4025e212535ec0b623dba9dac1684c4fc454,1,525158,445302.0
earnings:66202,Dota 2,2023,total_mismatch,,sqlite_pipeline/html/66202.html,1e422f40d28c17e7b729d26c3fa33161264cb3ef49dc91be10b4e908488cdc5d,7,4000000,3800000.0
earnings:66643,Dota 2,2023,total_mismatch,,sqlite_pipeline/html/66643.html,36d7f088fa0afba8b9c617f8b121167b2d0ef324887aead07b0fd1e4f4f3159a,2,169524,113016.0
earnings:67004,Dota 2,2023,total_mismatch,,sqlite_pipeline/html/67004.html,5cbfae05ec5b5b5b23c28b036b731525cf34ba86b358220db24055d9313d65a9,2,50000,31500.0
earnings:69497,Dota 2,2024,total_mismatch,,sqlite_pipeline/html/69497.html,e31e91b6fb7bdea2985e084e89b15e3500fb3026d0290dbf6f51364655718386,1,1764000,1646400.0
earnings:71331,Dota 2,2024,total_mismatch,,sqlite_pipeline/html/71331.html,e6720bb90d5165a7444b67e7225e4b182cfa0c4c8b1aeb876fa69901a014628c,10,5988600,5722440.0
earnings:71436,Dota 2,2024,total_mismatch,,sqlite_pipeline/html/71436.html,d27baf6663f6d8d75b558bd479814badf41c757320882d3d8f65bfc69a5470ae,2,1076600,968940.0
earnings:7275,Dota 2,2013,unavailable,missing_or_ambiguous_country_heading,sqlite_pipeline/html/7275.html,c60740a1c92abf4789aaae8751906d604c64d60e7c99b747c9d318868758b1c6,0,160107,
earnings:7369,Dota 2,2014,unavailable,missing_or_ambiguous_country_heading,sqlite_pipeline/html/7369.html,8797eca96730880de045daa8f068f25d5a9d7ab56300814efae01b63433f37bb,0,459630,
earnings:8283,Dota 2,2014,total_mismatch,,sqlite_pipeline/html/8283.html,ba2cc0a863afc7e3dbd38ceb2d692873d65a6ee0db9ac1ecab323132ac2b0bdb,2,6503600,5853240.0
earnings:8462,Dota 2,2014,unavailable,missing_or_ambiguous_country_heading,sqlite_pipeline/html/8462.html,7f93a11aaa1a11535a3fdda24297bca255b9267baed03be9c876c4c57d01b46f,0,1097063,
earnings:8889,Dota 2,2014,total_mismatch,,sqlite_pipeline/html/8889.html,3cd7739fbcfc0a8268944632f1a66c7dc3bdbf72d117cffc48088267b9162d7c,3,1000000,850000.0
earnings:9019,Dota 2,2013,unavailable,missing_or_ambiguous_country_heading,sqlite_pipeline/html/9019.html,76ade6e72f4d2be8706bd33b7bb13c3b3b4d030b70888e14532696bf7c20c6b3,0,32000,
earnings:9109,Dota 2,2015,total_mismatch,,sqlite_pipeline/html/9109.html,5cbd070efba33b7b795d3c3d1efb245c97cfbdc9ead52b59cf00f20b495c23c4,3,300000,225000.0
earnings:9422,Dota 2,2015,unavailable,missing_or_ambiguous_country_heading,sqlite_pipeline/html/9422.html,222eee20ec646f47859d113b60e68026e01e2e1352c2b5cd7a58dc712bd86b48,0,197067,
earnings:9600,Dota 2,2015,unavailable,missing_or_ambiguous_country_heading,sqlite_pipeline/html/9600.html,bc720a0b44b45d21a291d9fb453f38fa0c4fce5929d5db44a65a32743bcee995,0,275925,
earnings:10025,League of Legends,2015,unavailable,missing_or_ambiguous_country_heading,sqlite_pipeline/html/10025.html,01196c3f60974176b31aec45d57f6aa5b4b3bd054303d0034afeab406b2383e5,0,2772000,
earnings:10096,League of Legends,2015,unavailable,missing_or_ambiguous_country_heading,sqlite_pipeline/html/10096.html,acc23a4bec0d842a01728e32de6ed848d5f0d8d20b68904bf7a4b20da12d8a68,0,484155,
earnings:10378,League of Legends,2014,unavailable,missing_or_ambiguous_country_heading,sqlite_pipeline/html/10378.html,9973864ea1614ae4fa8bc8f92bdfae01dac23d208762d1b0dfdbd1f52778ff16,0,0,
earnings:10437,League of Legends,2015,total_mismatch,,sqlite_pipeline/html/10437.html,f6be7c51c1d3c3504479f80d12b8564a604917324b77d5c75457e54d97f151e6,1,541705,390028.0
earnings:10553,League of Legends,2015,total_mismatch,,sqlite_pipeline/html/10553.html,e81e3c1ee388f93d9f2ed12e4ec92da575de3063d6d91d1b58700cc4551ae74b,1,100000,60000.0
earnings:10582,League of Legends,2015,unavailable,missing_or_ambiguous_country_heading,sqlite_pipeline/html/10582.html,7b9ca074545d17774409ba8c7fed0b3b447b0dc23645ef23dfd7dbd62d6470fc,0,2899062,
earnings:10618,League of Legends,2015,total_mismatch,,sqlite_pipeline/html/10618.html,789dfea84232df05ff47d0b899d1afb5ea7b29c59617d3d2b917519cc63cb74c,5,875000,750000.0
earnings:10619,League of Legends,2015,unavailable,missing_or_ambiguous_country_heading,sqlite_pipeline/html/10619.html,1f731e4e820fd34e445b46ec29862b970329f5ee5f5dfb55dd581d01d1cddcc0,0,150000,
earnings:10620,League of Legends,2015,unavailable,missing_or_ambiguous_country_heading,sqlite_pipeline/html/10620.html,207be59a0662ce199b4c1da60b15a77372f78561bac6fda386c91b20cb512a18,0,0,
earnings:10631,League of Legends,2015,unavailable,missing_or_ambiguous_country_heading,sqlite_pipeline/html/10631.html,a13c786e66ca69f7d486dec9943181c158cd6b5591e9073968eb0d5098e324b8,0,224094,
earnings:10641,League of Legends,2015,total_mismatch,,sqlite_pipeline/html/10641.html,d0b856023fc5c68eebc2a379bc5b289612d267e51f4bad1d27a5bd1eea4fa56b,1,763100,267085.0
earnings:10741,League of Legends,2015,unavailable,missing_or_ambiguous_country_heading,sqlite_pipeline/html/10741.html,76ef7f69b1b494c02d6379172b07b42688ab5144d6485151db77a17200f26670,0,300000,
earnings:11771,League of Legends,2015,unavailable,missing_or_ambiguous_country_heading,sqlite_pipeline/html/11771.html,2e81232dd251f55117a9976daa386651b7214535d0007f9be3617aa3d2281170,0,0,
earnings:11840,League of Legends,2015,unavailable,missing_or_ambiguous_country_heading,sqlite_pipeline/html/11840.html,2f38d14a40aed783e283431a28208a63360d3ffbe7bf5cacd7e4766bcf32a4d2,0,2856804,
earnings:12125,League of Legends,2015,total_mismatch,,sqlite_pipeline/html/12125.html,97c87545f25f4e5de6bf36c11069c4790b8d75a87ead75013fa07386be468231,1,2109061,1239677.0
earnings:12165,League of Legends,2015,total_mismatch,,sqlite_pipeline/html/12165.html,62525a9c4ac0a2a1aa4748eef8182bb3a258ea8470ee487b16aed7c7be83145a,4,887400,831938.0
earnings:12227,League of Legends,2015,total_mismatch,,sqlite_pipeline/html/12227.html,6e545040253c808b5a92c7957e3a24ba03130f36c17948048d9eca7c63eb5fda,1,1050048,813787.0
earnings:12341,League of Legends,2015,unavailable,missing_or_ambiguous_country_heading,sqlite_pipeline/html/12341.html,e6bd6b71784d451ea4be45ef35295c4bd004f01aefbcdcc931e01e85bbc06877,0,4353210,
earnings:12381,League of Legends,2015,total_mismatch,,sqlite_pipeline/html/12381.html,405f7e4d8ae323e9354b8e7ec0b158136ea7474c5f344c7080e0a62f5d5d5d79,3,920550,833910.0
earnings:12483,League of Legends,2015,total_mismatch,,sqlite_pipeline/html/12483.html,ddef303f73b25a7ee5913726742feec3e5cf7cdd66a9bd0ea93f111c0c6d12c7,1,1279740,457050.0
earnings:12522,League of Legends,2015,total_mismatch,,sqlite_pipeline/html/12522.html,fa5e86e0f8b40990d11f71d37cb23451844e9accc84459c1e328476bb691539e,2,100000,90000.0
earnings:12523,League of Legends,2015,total_mismatch,,sqlite_pipeline/html/12523.html,e7e1afa8d75585e245e17dd602be3678edd2fb1e92522297c153a1ea5006b27f,2,100000,60000.0
earnings:12524,League of Legends,2015,unavailable,missing_or_ambiguous_country_heading,sqlite_pipeline/html/12524.html,d9bee7bcb01ff48c2120a1f334fe056dc655f8ee7035ef8e28aa070b9145e8fe,0,100000,
earnings:12525,League of Legends,2015,unavailable,missing_or_ambiguous_country_heading,sqlite_pipeline/html/12525.html,be9926f89a9bb695d024c61ccdbef1d28e86a646ac2bd212cda1967573c4eab6,0,100000,
earnings:12526,League of Legends,2015,unavailable,missing_or_ambiguous_country_heading,sqlite_pipeline/html/12526.html,8a4d389ed4eee88374d408d824f0c7fc19a10bd70cae27b42d6c0d12370c6265,0,150000,
earnings:12527,League of Legends,2015,total_mismatch,,sqlite_pipeline/html/12527.html,0f33689212f56217bad979d55ae5ee2878db01c8f7770e3ba5d58c6b578ba563,2,150000,25000.0
earnings:12528,League of Legends,2015,unavailable,missing_or_ambiguous_country_heading,sqlite_pipeline/html/12528.html,37454e997ba13726109a7c8ee3a6ae1cb887ef47efc6f74febea6cb16b44c0ed,0,150000,
earnings:12529,League of Legends,2015,unavailable,missing_or_ambiguous_country_heading,sqlite_pipeline/html/12529.html,60bd1120ac414632aefb0a519f0184433a33b36f4f96fa59c52cc2521c814c7c,0,150000,
earnings:12530,League of Legends,2015,unavailable,missing_or_ambiguous_country_heading,sqlite_pipeline/html/12530.html,c8465e0cdad1e623783f8c786d4ce6713ddf37f5319c4f9e56583fcb4d63e051,0,150000,
earnings:12531,League of Legends,2015,unavailable,missing_or_ambiguous_country_heading,sqlite_pipeline/html/12531.html,3eb720e25fdc8c3a5c74d36ecac4ca4ff05da72ee15b7bd23e50a9bfce89913f,0,150000,
earnings:12532,League of Legends,2015,unavailable,missing_or_ambiguous_country_heading,sqlite_pipeline/html/12532.html,4b80c458a4e5eb5b408585cbc5c8f8034c833d1e3c176fb9a346721b079adc0b,0,150000,
earnings:12533,League of Legends,2015,total_mismatch,,sqlite_pipeline/html/12533.html,aca3885d5f6096a733147dcd7777da1fbb4dc8e9c3c5be9e091a85cd7917ad4c,5,150000,45000.0
earnings:12534,League of Legends,2015,unavailable,missing_or_ambiguous_country_heading,sqlite_pipeline/html/12534.html,0e48a2fa81540f4f82de4066eecddccda1ec5036cfc6914344a77062d08efc23,0,150000,
earnings:12535,League of Legends,2015,unavailable,missing_or_ambiguous_country_heading,sqlite_pipeline/html/12535.html,d55df2a4cf1b13fde031a80f686cb0aee71b285e6214f7307274017fccc18d9c,0,150000,
earnings:12536,League of Legends,2015,unavailable,missing_or_ambiguous_country_heading,sqlite_pipeline/html/12536.html,11ef52ae1d5a568de7e8a6c27bc428c7eb71f7939fa3356e7bd246eeab978de2,0,150000,
earnings:12537,League of Legends,2015,unavailable,missing_or_ambiguous_country_heading,sqlite_pipeline/html/12537.html,13e13106d11d58ec3499b94362e9928bf078a62365cb3275b1e2f1eee19eb781,0,150000,
earnings:12538,League of Legends,2015,unavailable,missing_or_ambiguous_country_heading,sqlite_pipeline/html/12538.html,11fe3d4354d9940d4fb166344a42e827360a1433ab4be3ec98d57b23c3a65efd,0,150000,
earnings:12552,League of Legends,2015,unavailable,missing_or_ambiguous_country_heading,sqlite_pipeline/html/12552.html,71d57fae34c9bb7dd37b6fc08dc0d52a0ea9220e437ba933a092f35a7065de54,0,182775,
earnings:12649,League of Legends,2015,total_mismatch,,sqlite_pipeline/html/12649.html,a8877cb969d09977cbc7fc01afd05090393b46157a10cc3115ac4a486d332792,2,406000,304500.0
earnings:12658,League of Legends,2013,unavailable,missing_or_ambiguous_country_heading,sqlite_pipeline/html/12658.html,7feb736c79490997555b5b1dfcd8413f46bb4e891df3b526806b8c85d698687d,0,51615,
earnings:12683,League of Legends,2012,unavailable,missing_or_ambiguous_country_heading,sqlite_pipeline/html/12683.html,ba606708b54b434c583c9c71b5189b97c641e86aeaf8435f3d472f5614ddadc7,0,131127,
earnings:12704,League of Legends,2015,total_mismatch,,sqlite_pipeline/html/12704.html,34a4b53b55b8762714abcc594d3fbea0b77e510208f4a6c183bcd8a619f9d5de,1,192675,165150.0
earnings:13107,League of Legends,2015,unavailable,missing_or_ambiguous_country_heading,sqlite_pipeline/html/13107.html,2fb5c54322a7ed53684e099b33fcf224c7766c3e3c24e1522fd03e1b3fc64e0a,0,1183000,
earnings:13129,League of Legends,2015,total_mismatch,,sqlite_pipeline/html/13129.html,c2632cc269e980b9746df612e09d37a75840c22832c475e854c7054cbab8a277,1,14674,14381.0
earnings:13299,League of Legends,2015,total_mismatch,,sqlite_pipeline/html/13299.html,71c10278db0ebd1efebc1d794c181f43f19158804565b144c6da477ca82bbd88,1,6766461,3665540.0
earnings:13375,League of Legends,2015,total_mismatch,,sqlite_pipeline/html/13375.html,f81cd0e37be9ed4d882afe021a83001ec845b61f1b1ec5a64ddfbc39e3111de7,1,14287,11430.0
earnings:13465,League of Legends,2015,total_mismatch,,sqlite_pipeline/html/13465.html,5572e5aa4b864ce4341b15045ed274e27c0d31de29660e2828a0b4776f2da3c1,5,769575,677226.0
earnings:13809,League of Legends,2015,unavailable,missing_or_ambiguous_country_heading,sqlite_pipeline/html/13809.html,091b197f02168a85437738883bd1d5390633ecb5a36b60e1f88434df5832837e,0,4705950,
earnings:13949,League of Legends,2015,total_mismatch,,sqlite_pipeline/html/13949.html,cb45a19a61f5b9dcd1a17c87789645cadfcccde6f6abbfe8e6e9e1f70386da63,2,815161,574410.0
earnings:14078,League of Legends,2013,total_mismatch,,sqlite_pipeline/html/14078.html,14148d92edda398bdf5416bfd851bb1a7acb5668a9e8ce8970c9de7ac5214b2a,1,720000,90000.0
earnings:14626,League of Legends,2015,unavailable,missing_or_ambiguous_country_heading,sqlite_pipeline/html/14626.html,b8a4220d3ce5f742c1e121eabf818e56f74d3809cad30afd0afaa97d55f1859f,0,71565,
earnings:14641,League of Legends,2015,unavailable,missing_or_ambiguous_country_heading,sqlite_pipeline/html/14641.html,d7192c5b36a388ff52dfc82205add21a631f572cde02dbb26014ff30c405462a,0,28964,
earnings:14868,League of Legends,2015,unavailable,missing_or_ambiguous_country_heading,sqlite_pipeline/html/14868.html,c35f92c044865e80e8088795c90d554ee027657b30cee720c56be613f493a51c,0,308000,
earnings:14881,League of Legends,2015,total_mismatch,,sqlite_pipeline/html/14881.html,bf4b3ae8c0be64589ddc5ea606460c1e0c8314b26f8c3c2da3eef848f17ed4b4,8,122434,111302.0
earnings:14964,League of Legends,2012,unavailable,missing_or_ambiguous_country_heading,sqlite_pipeline/html/14964.html,c8f2b339b8f24ce7931f3dd5ee05cb873e13f8ede9cf3b9b2df946998040eb5e,0,20000,
earnings:14970,League of Legends,2012,total_mismatch,,sqlite_pipeline/html/14970.html,c2851f41655683bc69d0d8b88c22ce7e899d00344a88d654cc8452feceb364c5,3,20000,16000.0
earnings:14991,League of Legends,2015,unavailable,missing_or_ambiguous_country_heading,sqlite_pipeline/html/14991.html,8ed3a3f044cecdfe202a9eaae1c590bd36325dcb51c9eabaa8d8f1d9e54a9fa4,0,33053,
earnings:15189,League of Legends,2015,total_mismatch,,sqlite_pipeline/html/15189.html,0eac14ba995f9de46d8750f15dca3cc3a70b3095b3e7ac8227992a188158ea20,2,1086080,868864.0
earnings:15311,League of Legends,2013,unavailable,missing_or_ambiguous_country_heading,sqlite_pipeline/html/15311.html,e3bc645e6ef2e6061bf995bbc83bb85b389129738f9ce7bde236e8fac9fc8391,0,150000,
earnings:15412,League of Legends,2015,unavailable,missing_or_ambiguous_country_heading,sqlite_pipeline/html/15412.html,262d1c07cd383fa59b5b23b6d67ee7b52cd8c6cb7da047a03512232acd614428,0,18265,
earnings:15416,League of Legends,2015,total_mismatch,,sqlite_pipeline/html/15416.html,22b52f949b2b99ccb006f45eecfd6ee780e0853e21a053e0d5c16ff7100bc9f1,1,724000,347520.0
earnings:15618,League of Legends,2015,total_mismatch,,sqlite_pipeline/html/15618.html,a70ef839c50721f0c7a4a4cc12234f3d812ee61f5db0cb81cf8bf86f868bcc2b,8,572700,501112.0
earnings:15904,League of Legends,2015,total_mismatch,,sqlite_pipeline/html/15904.html,95e7e28e76bbbd4f92b6893002ab3f989f97673f3a40daf609e14949dfa228c5,3,761155,444514.0
earnings:15937,League of Legends,2015,total_mismatch,,sqlite_pipeline/html/15937.html,eb137f26938c2cf62e7b6dc326e7ba6525e81056999ae370f64f107b832c068f,1,257480,231732.0
earnings:16034,League of Legends,2015,unavailable,missing_or_ambiguous_country_heading,sqlite_pipeline/html/16034.html,6e6be4fce911959b06fb760859a80159496e0623665306152535f7efa9796ce2,0,264850,
earnings:16099,League of Legends,2015,total_mismatch,,sqlite_pipeline/html/16099.html,615ec502b7f7c0705124b5120d84c100888855f7061ca0a557a906d7e0526dd6,2,2683200,1609920.0
earnings:16100,League of Legends,2015,unavailable,missing_or_ambiguous_country_heading,sqlite_pipeline/html/16100.html,918fd374e7989e8f03dbd18cfc38bc5b2473849036e93bccdf3f2af83b3fdfa9,0,2850702,
earnings:16113,League of Legends,2013,total_mismatch,,sqlite_pipeline/html/16113.html,494fff7a04052a6e0bf938ac80f29ac61f0b303dca6aaaec1a79e56ffc5e7b76,3,824526,687105.0
earnings:16323,League of Legends,2016,unavailable,missing_or_ambiguous_country_heading,sqlite_pipeline/html/16323.html,b77bb6783e31a2232f7e32e26c13898538e6ba387dc7aa7b283288fce3553d95,0,58200,
earnings:16408,League of Legends,2015,unavailable,missing_or_ambiguous_country_heading,sqlite_pipeline/html/16408.html,35e971a859a0148baf21cd7f3a675559b8ef069eee485c993bd6ebae4681cd3e,0,135488,
earnings:16409,League of Legends,2015,unavailable,missing_or_ambiguous_country_heading,sqlite_pipeline/html/16409.html,2e17ecf46fca8d4e9f3ab2cfc606513146a1e09faffb190e07779494f3488569,0,143956,
earnings:16410,League of Legends,2015,unavailable,missing_or_ambiguous_country_heading,sqlite_pipeline/html/16410.html,33940319cebf118e3c89a65ed6badc813134b4e632e9231246a8a0c4df9093cb,0,143956,
earnings:16462,League of Legends,2015,unavailable,missing_or_ambiguous_country_heading,sqlite_pipeline/html/16462.html,ba802d0f5260281cc72124cda0520634dc9728d83145a32401c9738d01cca6b1,0,4566660,
earnings:17233,League of Legends,2016,total_mismatch,,sqlite_pipeline/html/17233.html,8e0ebf7256cba231c46bdde7223938d8762cc86ad7acda12b056f8b379e73824,1,18774,12516.0
earnings:17551,League of Legends,2015,total_mismatch,,sqlite_pipeline/html/17551.html,e9c0ee8f9c4c6173f4d0c391b55cd3ece8c94a5b97021e19d95bd1842e9a2b4d,1,1877500,766020.0
earnings:17559,League of Legends,2016,total_mismatch,,sqlite_pipeline/html/17559.html,b0d10732471211e8a97323ece0a2fd83efce610ebe795a9a31b930e0f88880df,1,4540000,2951000.0
earnings:17582,League of Legends,2016,total_mismatch,,sqlite_pipeline/html/17582.html,51e9fb59259bf9833bdd2f69cb024e0135ef523b90d385cacd76126b9acfab2e,1,1882500,1046670.0
earnings:17590,League of Legends,2016,unavailable,missing_or_ambiguous_country_heading,sqlite_pipeline/html/17590.html,5e269dacc175d47b30aafa5e2b7b7164a4b1f5279e92a35d22cf3ac93bbb53d8,0,224748,
earnings:17616,League of Legends,2016,unavailable,missing_or_ambiguous_country_heading,sqlite_pipeline/html/17616.html,1430978ee69feda84bb6d043e9d48b093145cd4b05374527e10a6126ddcf6415,0,529776,
earnings:17618,League of Legends,2016,total_mismatch,,sqlite_pipeline/html/17618.html,3cf2306ce7cc05664b1eb9b6bea77f38f5985d471eb63f379d3ff63cf44d3d2d,8,710965,540335.0
earnings:17620,League of Legends,2016,total_mismatch,,sqlite_pipeline/html/17620.html,c7463c767a1499dac0c74bd5330c13c2293b77a2f54edeffbb75644295f55f39,7,1118100,1034243.0
earnings:17638,League of Legends,2016,total_mismatch,,sqlite_pipeline/html/17638.html,8351eebc5edc2026a0b50fae072bc12c20dab936646abb1f8df59c3fd933a01c,2,1312509,1021378.0
earnings:18023,League of Legends,2016,unavailable,missing_or_ambiguous_country_heading,sqlite_pipeline/html/18023.html,0e26986eeaa78a820ed6beb56208b2f3b356b9099a51e92cfcfe8bc107c47daf,0,86759,
earnings:18107,League of Legends,2016,unavailable,missing_or_ambiguous_country_heading,sqlite_pipeline/html/18107.html,158bfd417d76cc6a627488dee65e28e31e0a01da8a1efd44b67d0539275ac86a,0,784461,
earnings:18121,League of Legends,2016,unavailable,missing_or_ambiguous_country_heading,sqlite_pipeline/html/18121.html,599aff06899810d7178760df886d00fa38ffd8913aeafccfc7186cb21222c24b,0,0,
earnings:18122,League of Legends,2016,unavailable,missing_or_ambiguous_country_heading,sqlite_pipeline/html/18122.html,8bbc42e7e85e6bc90738249e9d9ea7456b8b1ef2f76e8c27e9f3a3a96333eadb,0,0,
earnings:18242,League of Legends,2016,total_mismatch,,sqlite_pipeline/html/18242.html,24a09f23e0a0c90075f4088f44ea54baab26a396a70e49dbc76d3b94e2b8466a,1,5251200,4726080.0
earnings:18282,League of Legends,2016,total_mismatch,,sqlite_pipeline/html/18282.html,9c80d16b40cee7653207ba3a240b586a31ee6dfe8cffc41c4a8c03fc6341dab4,2,2765736,2304780.0
earnings:18669,League of Legends,2016,unavailable,missing_or_ambiguous_country_heading,sqlite_pipeline/html/18669.html,bcf1348a08d2522b48536c4739161000c6ca7697cb9ae9df1ead6ea3e017b632,0,398580,
earnings:18728,League of Legends,2016,unavailable,missing_or_ambiguous_country_heading,sqlite_pipeline/html/18728.html,5d1a59bc691ea1aa976b7b8007edb1c7285c377678360735d809259bff930c31,0,280625,
earnings:18744,League of Legends,2015,total_mismatch,,sqlite_pipeline/html/18744.html,cbcf7a8aee27a8c34d8ccf61e642595de66c8b057bde080270c1cd6d4671ea8a,4,122492,104675.0
earnings:18745,League of Legends,2016,unavailable,missing_or_ambiguous_country_heading,sqlite_pipeline/html/18745.html,c03dcc3b9438ea911ba4ce9bc509431cab779a39ef1a0f7376e75dc322c53191,0,55678,
earnings:18746,League of Legends,2016,total_mismatch,,sqlite_pipeline/html/18746.html,4180de0874d2a3f6c677bcef9ad183210805f292cea102ea7d844799b79ea8b7,7,122492,97994.0
earnings:18747,League of Legends,2016,unavailable,missing_or_ambiguous_country_heading,sqlite_pipeline/html/18747.html,46e57ecac8a2d50cfd8f81c914562ef557e25a578277ea27ba8db8476da79117,0,55678,
earnings:18896,League of Legends,2016,unavailable,missing_or_ambiguous_country_heading,sqlite_pipeline/html/18896.html,24a4270b2a226f5a3b04ed90c6067f8568aee5002ed51f2103477b38a729d08e,0,154605,
earnings:18897,League of Legends,2016,unavailable,missing_or_ambiguous_country_heading,sqlite_pipeline/html/18897.html,89270f387832d14a06b51bcc1135628c504ef283f55feaa90493ee0ff808e17e,0,887400,
earnings:19040,League of Legends,2016,unavailable,missing_or_ambiguous_country_heading,sqlite_pipeline/html/19040.html,4cd25fe60bb2bce1a274bf76057dec67ad5b5b4531de86f0ee2fa937a48cb64a,0,31688,
earnings:19116,League of Legends,2016,total_mismatch,,sqlite_pipeline/html/19116.html,b5597cb58085362616112a2424b8d2855c0eb3335d8370c5f46868ca3df3983c,3,1346174,1227309.0
earnings:19195,League of Legends,2016,total_mismatch,,sqlite_pipeline/html/19195.html,1e9fe79ee85ce1ee9df2a42ebc7b0260ebdb9e9897b0772d14d5c41fd15851bc,1,4540000,2951000.0
earnings:19224,League of Legends,2016,total_mismatch,,sqlite_pipeline/html/19224.html,86e026988ccd84837a65646862fc1ef49dd72f780d253fa3f32be08192651f24,1,444735,326139.0
earnings:19317,League of Legends,2016,total_mismatch,,sqlite_pipeline/html/19317.html,9a22582570d55f86cd5ec581a771f53ccb28b3d4fb5d33c86788a855837e73b3,1,222700,139188.0
earnings:19387,League of Legends,2016,total_mismatch,,sqlite_pipeline/html/19387.html,b1f5538a562bd99e7043eee57e59bbe07adc53d73bfd161fa5852192cf2dd715,1,2490880,1494528.0
earnings:19388,League of Legends,2016,total_mismatch,,sqlite_pipeline/html/19388.html,74d38766ee837f2f3492f6b47f55b942894a292ecab55fd3a46c2034d2dd2106,1,2846948,1109201.0
earnings:19403,League of Legends,2016,total_mismatch,,sqlite_pipeline/html/19403.html,5a258754c9cd2c58e4cea107832449920204bc6f75bcbab70586cc5d5f085aa3,2,1289130,773478.0
earnings:20025,League of Legends,2015,unavailable,missing_or_ambiguous_country_heading,sqlite_pipeline/html/20025.html,58c4278635210f2ed080d2b7e7e047d13576039d73dc503100c4f6a6b5ab4053,0,0,
earnings:20105,League of Legends,2016,total_mismatch,,sqlite_pipeline/html/20105.html,2be4d38312dffe2c7994145101a960b9c1c6bc93164f560cd370ee9b4af02667,8,1050720,945649.0
earnings:20344,League of Legends,2016,unavailable,missing_or_ambiguous_country_heading,sqlite_pipeline/html/20344.html,c8e531214ed51a0207d46c9ccaecb32d6ce6d2aab88c56657f0ac23f828a924f,0,460480,
earnings:20354,League of Legends,2016,total_mismatch,,sqlite_pipeline/html/20354.html,d00c11b0a209520a6450a5ee6de0cec62425e6886b7f12d39e69bc6b0c74ffca,4,1500000,1460000.0
earnings:20387,League of Legends,2016,total_mismatch,,sqlite_pipeline/html/20387.html,4bc5833071b32e268610075a804ad40057def51b5bf6fe26472a66a7c5b5b347,1,1517106,1163115.0
earnings:20454,League of Legends,2016,unavailable,missing_or_ambiguous_country_heading,sqlite_pipeline/html/20454.html,c8fd2df820fd8c20ba87b88a2c981fb3516c7175e24b3b3bcbb571672314c946,0,564189,
earnings:20567,League of Legends,2016,unavailable,missing_or_ambiguous_country_heading,sqlite_pipeline/html/20567.html,0f340701ce04f720c17f5a20aa4a7dc49c8cb0ea4c9a5d75ce7eaaa51c0e4f7d,0,1000000,
earnings:20776,League of Legends,2016,total_mismatch,,sqlite_pipeline/html/20776.html,7507255b5982f1fa20be58c59c62f48e6d90b492683ed5094dde688f97cde8b0,6,1589715,1430744.0
earnings:20966,League of Legends,2016,total_mismatch,,sqlite_pipeline/html/20966.html,d423303ecadc3d9e14b4ea7342d6f1beb006de40f47a6a634a699c1405123650,1,2468655,2178225.0
earnings:21098,League of Legends,2016,unavailable,missing_or_ambiguous_country_heading,sqlite_pipeline/html/21098.html,d0521fb2e99ae06d866f6928653e8ea862c15493413f0baf729811c14c9a1e7d,0,10058680,
earnings:21330,League of Legends,2016,unavailable,missing_or_ambiguous_country_heading,sqlite_pipeline/html/21330.html,275372c9ce15b2e44a2eff35518393c053020ffa161a8148167a06c484c5058a,0,5064500,
earnings:21586,League of Legends,2017,unavailable,missing_or_ambiguous_country_heading,sqlite_pipeline/html/21586.html,e0516dc9fead3ecaed8f9998d0eb6edb7d12b8dbeee5aa6a090a00d39efb25d6,0,571824,
earnings:21654,League of Legends,2016,total_mismatch,,sqlite_pipeline/html/21654.html,e0e89d82e376e5749482489c9b37dda539bbf16d4d81cdb770acb15ad9843234,3,377130,219993.0
earnings:21658,League of Legends,2016,total_mismatch,,sqlite_pipeline/html/21658.html,7ed72e59e7a2b85eb2ec963982b2da0c27642badafb430253d30c587063866cc,7,1810800,1710200.0
earnings:22104,League of Legends,2016,total_mismatch,,sqlite_pipeline/html/22104.html,f3944b7d82df3de3f4439b7506d0426b9907e26800452da8bb6e6cf5bc0fa81c,3,953586,529770.0
earnings:22106,League of Legends,2016,total_mismatch,,sqlite_pipeline/html/22106.html,a6b294e32935d819fc2bbe290623c438cd57d464c629cd120a2fbf938af89c80,4,1110281,951669.0
earnings:22191,League of Legends,2016,total_mismatch,,sqlite_pipeline/html/22191.html,891fd3b1ebff2e7720659e5b58ff105bf3b514f86a94267d861d2e53b5d16145,14,984215,952210.0
earnings:22195,League of Legends,2016,total_mismatch,,sqlite_pipeline/html/22195.html,dee9474aba95e5b3f4707e1a1e73726309884cb5e1da33c9f80d310c28de5323,8,1095728,1095731.0
earnings:22246,League of Legends,2017,unavailable,missing_or_ambiguous_country_heading,sqlite_pipeline/html/22246.html,43f46595870a04fc033bf3ee526a86797233e86dc41b1902d51fc7a73ffc383f,0,327408,
earnings:22333,League of Legends,2016,total_mismatch,,sqlite_pipeline/html/22333.html,dade3e56b42f580e73c8a626816536f8b0c1d760db741f1d0a9e752789c739ab,2,55678,33407.0
earnings:22334,League of Legends,2016,total_mismatch,,sqlite_pipeline/html/22334.html,07ab6c5edacf143e10fdddeed7ad5f5220a018a7ab9436a3f2197c9d3b20c5f2,2,55318,44255.0
earnings:22339,League of Legends,2016,total_mismatch,,sqlite_pipeline/html/22339.html,9d8f9eb9bdbb672b254f4f5d4de56ffb68650a0a21485daa294b551efb54812b,2,52687,31612.0
earnings:22345,League of Legends,2016,total_mismatch,,sqlite_pipeline/html/22345.html,d625378ed2bbe403450310a8f1ba45ff6ecd685f68b3536ea3229005270f4fde,1,502995,440121.0
earnings:22357,League of Legends,2017,unavailable,missing_or_ambiguous_country_heading,sqlite_pipeline/html/22357.html,29f4ab1f67ce911f7f15d21d19310d4b0b6f81bf9067b2b1ded4809da9be6d9c,0,0,
earnings:22609,League of Legends,2017,total_mismatch,,sqlite_pipeline/html/22609.html,abcc8171a083b0957b796593c72803aae47fc38b28247ccd573547bdc5dd7778,1,2262440,1357464.0
earnings:22610,League of Legends,2017,total_mismatch,,sqlite_pipeline/html/22610.html,6219b68e357f933eddc0f5cd9b9cd904504b1b53d80e1c04c5b609ac953cb43d,1,3234384,1868755.0
earnings:22680,League of Legends,2016,total_mismatch,,sqlite_pipeline/html/22680.html,a82f4a1b3ccc757c70f9b5cf0db95552ddb6e08fd1092f2fbec1859cb3da96c0,1,1466834,1202199.0
earnings:22681,League of Legends,2017,total_mismatch,,sqlite_pipeline/html/22681.html,b167e2767e098fab8ffec54c16e99a1906c353d1270a858961d30915b3e616df,2,1878250,1126950.0
earnings:22694,League of Legends,2017,total_mismatch,,sqlite_pipeline/html/22694.html,b85a339152844bd7b14c537ca4fb93645576ffa4e5254b1403fa85637cc08824,3,1455200,1373709.0
earnings:22700,League of Legends,2016,total_mismatch,,sqlite_pipeline/html/22700.html,d47066e04b7dc65284d1307945933aea73ad9165e5d8a1c5ff750ba3a16b4056,10,1588983,1588986.0
earnings:22897,League of Legends,2017,unavailable,missing_or_ambiguous_country_heading,sqlite_pipeline/html/22897.html,2ab04357625626f00924b6c282497694c8a2eab06874b3d98277d5d047a02137,0,142801,
earnings:22986,League of Legends,2017,total_mismatch,,sqlite_pipeline/html/22986.html,af368360be613718b586d7b3f8bbb99d657df191f2f811b233b3618913e39e0f,6,1390415,1069550.0
earnings:22988,League of Legends,2017,total_mismatch,,sqlite_pipeline/html/22988.html,1992c73f22b948f8e2f85650ef8364de26f5884ea5f4fd269e16db324443ab39,9,955110,902048.0
earnings:23059,League of Legends,2017,unavailable,missing_or_ambiguous_country_heading,sqlite_pipeline/html/23059.html,85eb2306936cd8d8e058dd13b35dc2be840f16cee40b7260ad35ab83e4e5bfea,0,3046869,
earnings:23132,League of Legends,2016,total_mismatch,,sqlite_pipeline/html/23132.html,671cb39ec3a489ed6322df216fbbcfc8dfba897c09c6d3bf32a9ee3c3bfc3934,10,1092755,1027190.0
earnings:23223,League of Legends,2017,total_mismatch,,sqlite_pipeline/html/23223.html,5c302a9c89b4ad8cc475e4576ce190936c1b528ba63f352addab3d0025e7a366,11,1099980,1022983.0
earnings:23419,League of Legends,2017,total_mismatch,,sqlite_pipeline/html/23419.html,97b06a4112c7451790d57392c31cdae086653be5075c3f5c317aa1bdde80625c,8,4431500,4121295.0
earnings:23431,League of Legends,2017,unavailable,missing_or_ambiguous_country_heading,sqlite_pipeline/html/23431.html,456a315125b1ec666a91400910a8bfc279162bbba6a71a4c80fd688f443f5af5,0,458728,
earnings:23647,League of Legends,2016,unavailable,missing_or_ambiguous_country_heading,sqlite_pipeline/html/23647.html,4614e5e82be59f427aba5f2f72d42c1080f94560b18af766d101b01f1f3771e6,0,281043,
earnings:23939,League of Legends,2017,unavailable,missing_or_ambiguous_country_heading,sqlite_pipeline/html/23939.html,baee14a68e0917017f2b743d715a5470665ead92224046a7a96c17fdb80541c1,0,1273630,
earnings:24085,League of Legends,2017,total_mismatch,,sqlite_pipeline/html/24085.html,083eca15bf5ad5bfa5913be625bd877b422361b9d389bc77e6bb7ade40c56103,1,206049,144234.0
earnings:24204,League of Legends,2017,total_mismatch,,sqlite_pipeline/html/24204.html,efe7b93a3fc3e812490e543965865a5c30d59100dbd3798a46de6e040a8d5fd5,3,1502850,1366090.0
earnings:24237,League of Legends,2017,total_mismatch,,sqlite_pipeline/html/24237.html,2546d9d27ebf4ba737eb8169d3a8ba6e1f590d791b7ee02a3381a3cace701ac6,1,2326390,1861112.0
earnings:24287,League of Legends,2013,total_mismatch,,sqlite_pipeline/html/24287.html,2fb6376a74da49ebed6da88f031039cdb628fa4abbd8c9aaad710e7a313ac31e,1,127015,104286.0
earnings:24304,League of Legends,2013,total_mismatch,,sqlite_pipeline/html/24304.html,45d90e3bbd0dfb9f239b2ff9ccbcc5907218bec563e8cab252403b7be8fa97f5,1,136901,95831.0
earnings:24870,League of Legends,2013,unavailable,missing_or_ambiguous_country_heading,sqlite_pipeline/html/24870.html,d993a7db20fc827ba70d81ad93fdfe9ceae837f742e8c004b37f0fea3c715d09,0,295500,
earnings:25486,League of Legends,2015,total_mismatch,,sqlite_pipeline/html/25486.html,471195221dde6c483722400ccba109d175c73bd27a0397fbeca73fe870b3de24,1,377874,269910.0
earnings:25579,League of Legends,2017,total_mismatch,,sqlite_pipeline/html/25579.html,a7efa047c3a0793240cb30d0aec0f0e79900d24165472002e2ab2b7c165bc548,6,1145180,1053565.0
earnings:25580,League of Legends,2017,total_mismatch,,sqlite_pipeline/html/25580.html,2f59ad407d67d29a8c71c59f99131c4088a7358d2904e656c3277ed50e769b62,3,229036,143148.0
earnings:26042,League of Legends,2017,total_mismatch,,sqlite_pipeline/html/26042.html,6475e3d58fae66b74120ec3746cb86f25c3bb24970420a54ca60444b2a362efc,1,56120,33672.0
earnings:26159,League of Legends,2017,total_mismatch,,sqlite_pipeline/html/26159.html,545a09e7e27bd3ee44d673bd9988f2d0f43562afaef772a7ea5f3320815fe0a0,9,3526350,3085558.0
earnings:26310,League of Legends,2017,total_mismatch,,sqlite_pipeline/html/26310.html,17ccef11eebb389ccc2f237f711e511dcc337b8c6743b2bb5f0c3e4c869d90f8,12,1578740,1485248.0
earnings:26312,League of Legends,2017,total_mismatch,,sqlite_pipeline/html/26312.html,049998e90e54d5f9cabcf26993ec705242117c75820142a1dcd9be8998d0368b,2,2559400,1599625.0
earnings:26323,League of Legends,2017,unavailable,missing_or_ambiguous_country_heading,sqlite_pipeline/html/26323.html,f122904d06dc837c788c518c396c8dd993207981322eb3189e4cdb0c6ac2cccd,0,0,
earnings:26325,League of Legends,2017,total_mismatch,,sqlite_pipeline/html/26325.html,91a5af1f879b500e888ab9d8f48546c80bbe4d291ac2ee9f0fa9ce0848a86765,8,34645,34648.0
earnings:26328,League of Legends,2017,total_mismatch,,sqlite_pipeline/html/26328.html,fce591f3292e06610afc75e3ae72cdbb23657d9414f80290f99a8d9db6c5e8b3,2,34645,31181.0
earnings:26329,League of Legends,2017,total_mismatch,,sqlite_pipeline/html/26329.html,6421003cd0f479b8d7c3fcac3575a03df2a34775c8633d7544a43e9c63392a07,5,34645,30027.0
earnings:2663,League of Legends,2012,unavailable,missing_or_ambiguous_country_heading,sqlite_pipeline/html/2663.html,7ac2828a0828d02eea3dae278b95a561ee3a4698922790a2d490a4a8a2a51d12,0,0,
earnings:2665,League of Legends,2012,total_mismatch,,sqlite_pipeline/html/2665.html,69359063d295fc346247eaf8c542aa9f9be96da5e2837b632088a3be7a1d3355,2,567679,333929.0
earnings:2677,League of Legends,2012,unavailable,missing_or_ambiguous_country_heading,sqlite_pipeline/html/2677.html,8830b9903173d7037cfb27f3b8f90be3c1d6ad958a804ab96848b60c51e6bab9,0,520728,
earnings:26946,League of Legends,2018,total_mismatch,,sqlite_pipeline/html/26946.html,5a605cc49896224cd1a8c0257285367982242de07ed878f0dd23ade958402275,13,4963040,3815335.0
earnings:27112,League of Legends,2018,total_mismatch,,sqlite_pipeline/html/27112.html,87089a388ca433e90b2fd94098c9a9c125902bd4ef36a9ab797d4503252e4aec,3,12201,9760.0
earnings:27120,League of Legends,2017,unavailable,missing_or_ambiguous_country_heading,sqlite_pipeline/html/27120.html,03bc265840d4bfd4b2797bb8ad5ff5c51fa131e4c7eabb2a01ca531bdf76a18f,0,56120,
earnings:27130,League of Legends,2017,total_mismatch,,sqlite_pipeline/html/27130.html,33f863fcf840604ccf332348d7fe111135316887959d86e0acb4969c87d44d9c,3,35206,30512.0
earnings:27131,League of Legends,2017,total_mismatch,,sqlite_pipeline/html/27131.html,d64bc00cbb76d0daf0f738947840d60b8d8a39973184ab8b7c4aae286b0c4ce8,3,35206,29338.0
earnings:27203,League of Legends,2018,total_mismatch,,sqlite_pipeline/html/27203.html,91a048b83d76420bb9cfc0ff810427d3dfd6f0e23694fe4c56cb6542499557d4,2,1604000,1463650.0
earnings:27289,League of Legends,2017,total_mismatch,,sqlite_pipeline/html/27289.html,9c949482844df38fd05df5574a1ddb43a5c020dc7e4951e901d1315ed2c8b6b6,2,1868250,1438553.0
earnings:27345,League of Legends,2018,total_mismatch,,sqlite_pipeline/html/27345.html,1c8fccdab8dbce77d2a0a55ee79d04db32873e696fb85e9904d2c259c7ca8d37,1,446250,255000.0
earnings:27373,League of Legends,2018,total_mismatch,,sqlite_pipeline/html/27373.html,841fa9a69889d3d8361fa6879671539ecd4797cb571f76480a4f005bd586c8d7,17,24482000,24481997.0
earnings:27477,League of Legends,2018,total_mismatch,,sqlite_pipeline/html/27477.html,65cfd462baaa2021aecf93a156d070f9ffcc40f471104b27c8abc8e47563d601,13,2463940,2340745.0
earnings:27478,League of Legends,2018,unavailable,missing_or_ambiguous_country_heading,sqlite_pipeline/html/27478.html,e83e2c4feb7f4481275fa127aeec3ca8a7152073c06487491a6282e33829b5f5,0,615985,
earnings:27592,League of Legends,2017,unavailable,missing_or_ambiguous_country_heading,sqlite_pipeline/html/27592.html,e9daa7a9edd049fdbc7b50c796708df74470bc1c118e6e051c46bfcaf926fedb,0,1337600,
earnings:27596,League of Legends,2018,unavailable,missing_or_ambiguous_country_heading,sqlite_pipeline/html/27596.html,8865e7c24ed6c544c76f0d5c7b6d152934a2c5e7fbebff5f9be8a107e14c8562,0,800000,
earnings:27603,League of Legends,2018,total_mismatch,,sqlite_pipeline/html/27603.html,36cfd4366b941cf9e350d6bd97a9b72bb54128f0858d4cc88229b3149396e901,8,701550,526164.0
earnings:27604,League of Legends,2018,total_mismatch,,sqlite_pipeline/html/27604.html,0f738ca439ab9369c0b82547ab49b90e77f6533b101a6dc68c50943159e84f4b,4,2310000,1732500.0
earnings:27834,League of Legends,2018,total_mismatch,,sqlite_pipeline/html/27834.html,9dfd5bd02f58a2063cf73e7140936adc0c5e25629b242ba77c5c0ae600f5bfb2,2,413011,330409.0
earnings:27853,League of Legends,2017,total_mismatch,,sqlite_pipeline/html/27853.html,a76fd0e694e71cf189761d800e8761abaf8e3d842fe08f9dee144e084a883d89,2,55245,44196.0
earnings:27854,League of Legends,2018,total_mismatch,,sqlite_pipeline/html/27854.html,b78b944910123a31c0330dcbdc66f770f7a7e85929db19866825fb51f13c1859,1,58953,47162.0
earnings:27876,League of Legends,2018,total_mismatch,,sqlite_pipeline/html/27876.html,9508d00883542397d69e01c4494a3208e9011676d876969b204bc2f98e01be3b,14,1182348,803996.0
earnings:2899,League of Legends,2013,total_mismatch,,sqlite_pipeline/html/2899.html,b7fad7aa0fd4bd9bbf12193c32a1187884ed30e57942391e9252560029435712,14,15000000,14450000.0
earnings:29019,League of Legends,2018,total_mismatch,,sqlite_pipeline/html/29019.html,181784b62a4db1c194f477542c3b14fc61dc0208fddb840993d2403b1c937bc8,5,837218,766467.0
earnings:29504,League of Legends,2018,total_mismatch,,sqlite_pipeline/html/29504.html,56b522c3aa8bea365f8b477c44062533a8180e968ef15517da1939cfd89a626e,2,877439,753857.0
earnings:29574,League of Legends,2018,unavailable,missing_or_ambiguous_country_heading,sqlite_pipeline/html/29574.html,b9042e7d76c49b0b98cbc646cd017a787dd123a0bc25ab68b71c112589a2b2b9,0,61647,
earnings:29581,League of Legends,2018,total_mismatch,,sqlite_pipeline/html/29581.html,0f76800c8fa0bdc355f012ec102ab6e238cf36dbe5bca21304b0a319451d1ed4,3,28852,23081.0
earnings:29587,League of Legends,2018,total_mismatch,,sqlite_pipeline/html/29587.html,8270bcd20040215a71756bfc96158d8024605b2804a4e4c33f28ff8821f9529c,19,3129840,3129843.0
earnings:29607,League of Legends,2018,total_mismatch,,sqlite_pipeline/html/29607.html,46863d689a15e09a797d0e4ee5335433f295400a052dbfb8559d9a477fbbaa70,10,2320092,2204085.0
earnings:29609,League of Legends,2018,total_mismatch,,sqlite_pipeline/html/29609.html,21f52767b3b651527b7d7cb4b203fe467085ca386ae3672b298767d0e3e60d86,13,2369220,2132299.0
earnings:29629,League of Legends,2018,total_mismatch,,sqlite_pipeline/html/29629.html,9819ac189211a3f2e71cc04162c4a2b809b0d42ee69cdb3fbeee5595300c035e,10,2368660,2329182.0
earnings:30039,League of Legends,2018,total_mismatch,,sqlite_pipeline/html/30039.html,20e4adabc05068ad94f22a42c1d800fb09b827d347549c8083347c188622e838,2,345000,253000.0
earnings:30070,League of Legends,2018,total_mismatch,,sqlite_pipeline/html/30070.html,7cd14c15c8fa07266c4efb3559f9fedf7389edef6509f83cc69dfe4d798535b5,5,1230910,1107820.0
earnings:30187,League of Legends,2013,unavailable,missing_or_ambiguous_country_heading,sqlite_pipeline/html/30187.html,7abbc150de6d0f7d322cd583dda1730f3c43c0001b347a49c1c8a9df5b178db1,0,100000,
earnings:30190,League of Legends,2018,total_mismatch,,sqlite_pipeline/html/30190.html,f535cd127d2d92a491de287cabc15f6a839d052e138ad2b7b2aeb8925a6e5062,3,369920,326570.0
earnings:30192,League of Legends,2018,total_mismatch,,sqlite_pipeline/html/30192.html,89cf9554186e985edea8b74cac8a69668f94f595894381e27adcfb2256e3b196,13,1734000,1572160.0
earnings:30366,League of Legends,2018,total_mismatch,,sqlite_pipeline/html/30366.html,76e7fdb14522845d7f726f7eb85e95a6d03ad4b625eae0cf389ae2318119e2ba,3,408205,329479.0
earnings:3051,League of Legends,2013,unavailable,missing_or_ambiguous_country_heading,sqlite_pipeline/html/3051.html,d58df0faf10e25bc2055ec375381f9837a2f919c68180c94444f97d48a7cbcf5,0,320976,
earnings:3068,League of Legends,2013,unavailable,missing_or_ambiguous_country_heading,sqlite_pipeline/html/3068.html,eff4fc426b311f213e62d9e99c0188fa659f9c5b6ef028f4c988cde89277ee2c,0,3000000,
earnings:30705,League of Legends,2017,total_mismatch,,sqlite_pipeline/html/30705.html,fb2719859c24b75b6b5d5d95d9a2bb1a148dd58fd6cbbf38517444fbdd29107f,10,644140,605491.0
earnings:30713,League of Legends,2018,total_mismatch,,sqlite_pipeline/html/30713.html,5376b8c6e5d95fc62d9827c092cc9519cfd2cb6e96a911f029a2ab30080b3ef8,13,1500000,1180000.0
earnings:30840,League of Legends,2018,total_mismatch,,sqlite_pipeline/html/30840.html,dfc267378352f15591d2271198dcf202fc12f8855d0472b5fb06181de5d3870c,3,1151100,1128078.0
earnings:30846,League of Legends,2018,total_mismatch,,sqlite_pipeline/html/30846.html,129e2b521b8c3795f12d6d9cf329e176e91ab6013c4620fd922545b8f9b458f7,1,286850,114740.0
earnings:30898,League of Legends,2018,total_mismatch,,sqlite_pipeline/html/30898.html,88895a6d9dd7f7fe761d99ee91cf7f1584dc609281850d6caa093915ce942f20,3,969200,799590.0
earnings:3109,League of Legends,2013,total_mismatch,,sqlite_pipeline/html/3109.html,527ad8de8a685c619dc4a746f9f2eaecd66b35fc5da01ac7f0fea75cda65106f,2,656991,328496.0
earnings:3144,League of Legends,2013,unavailable,missing_or_ambiguous_country_heading,sqlite_pipeline/html/3144.html,78e86211d87490ae2cb9473a55bf89a16b2fb1f0b574f0e99532dff5b291a664,0,258928,
earnings:3159,League of Legends,2013,unavailable,missing_or_ambiguous_country_heading,sqlite_pipeline/html/3159.html,00011668498c0e2af03367dfd33e1c6656350243ff14ee1e0b449d3e3c75a31a,0,663967,
earnings:3165,League of Legends,2013,unavailable,missing_or_ambiguous_country_heading,sqlite_pipeline/html/3165.html,0ff348d02c36db65d6310e3be42921bb25a7a05c276b0d85e4c7fb04f0de2526,0,816627,
earnings:3166,League of Legends,2013,unavailable,missing_or_ambiguous_country_heading,sqlite_pipeline/html/3166.html,b9a8bb92217b6e8b082dfb5392984a86a78b0ebbbb3cbc24d4ab519440666716,0,1033931,
earnings:32598,League of Legends,2015,total_mismatch,,sqlite_pipeline/html/32598.html,304907f159f75360855b8e7929fc507372ebbad4b14596bb121a44bd9c726e18,2,652621,326311.0
earnings:32599,League of Legends,2016,total_mismatch,,sqlite_pipeline/html/32599.html,fef7e3d024a3b57ba1571c3049a9beb7bdb46f6bb4e18b14f187b16c869c8b69,2,473406,356447.0
earnings:32601,League of Legends,2016,total_mismatch,,sqlite_pipeline/html/32601.html,3cc5dd3c82b756aa61b071f0cd010d888e85f9b867e38950d0302938e15dea26,1,423504,301747.0
earnings:3272,League of Legends,2013,unavailable,missing_or_ambiguous_country_heading,sqlite_pipeline/html/3272.html,1cde69a6fb587161a6be2cb0b9880e6ef35fbd1efb3fc2f6b93e83f6cf842419,0,1547558,
earnings:3273,League of Legends,2013,total_mismatch,,sqlite_pipeline/html/3273.html,804b60d2bd327af766553aa3481f458b8ca30f4ef98a1db8408a180a1f475820,5,1897984,1888494.0
earnings:32846,League of Legends,2018,total_mismatch,,sqlite_pipeline/html/32846.html,02612ec84b6683719a4ee6871130d0acfc542df233d51130c000ccc64c38e8de,5,1500000,1400000.0
earnings:32848,League of Legends,2018,total_mismatch,,sqlite_pipeline/html/32848.html,2bc40d9cd9f84f23395335dc30de7b6c18bf4c2a2425fba8d504aadf99e1f727,5,2000000,1600000.0
earnings:32992,League of Legends,2019,total_mismatch,,sqlite_pipeline/html/32992.html,8c4b9c0664d036f1ec098b2c60a06b0cbb6bb67ba86a197a18895663f51d2521,1,488588,305368.0
earnings:33055,League of Legends,2019,total_mismatch,,sqlite_pipeline/html/33055.html,d0f5bc18efc4f88e02a366b537a329e74b4cf9d91feec87cf6a746ef4ae20520,8,2120000,1970000.0
earnings:33083,League of Legends,2018,total_mismatch,,sqlite_pipeline/html/33083.html,224693ca8b9925ea3ff26273254bc739ff6f9144dfcf77fbf2d4b41610cb3a8a,3,693600,624240.0
earnings:33217,League of Legends,2012,total_mismatch,,sqlite_pipeline/html/33217.html,aed44d64d86bad0ac3e61ff34af4cfc9cab4e0297127391583ecf02e7f28982f,1,79523,31809.0
earnings:3344,League of Legends,2013,total_mismatch,,sqlite_pipeline/html/3344.html,2bdbfc301139c3303379a57819c67f328dc9f0f370e75d5c7603fb7e35c38e23,6,1869780,1713966.0
earnings:34210,League of Legends,2017,unavailable,missing_or_ambiguous_country_heading,sqlite_pipeline/html/34210.html,364f22f5dece4101cbf2208a737109abe34d3ff99717852e11e29289bbe97307,0,1430000,
earnings:34216,League of Legends,2019,total_mismatch,,sqlite_pipeline/html/34216.html,34197112941815b1387680aa0220b44163fffe9032848fcebc2810d32798d267,2,1000000,940000.0
earnings:34217,League of Legends,2019,total_mismatch,,sqlite_pipeline/html/34217.html,3db267e1d641e4699d0ee9228415d0c428599fc2326c3a75d8940db0746324d0,1,1000000,500000.0
earnings:34218,League of Legends,2019,total_mismatch,,sqlite_pipeline/html/34218.html,fef013fa33c7d5fb37e6673c7aac903c5ac6df587070426aa26bd1c305c1c138,2,1000000,500000.0
earnings:34366,League of Legends,2019,total_mismatch,,sqlite_pipeline/html/34366.html,ef61fc38c4e95d93288165c136e39458b251f74d2a836e3d3ad0c098fd8796eb,1,1012000,834900.0
earnings:34367,League of Legends,2018,total_mismatch,,sqlite_pipeline/html/34367.html,0c9f434d24932682d3b16f1d3a408c393ebe2ad1a861b1e3cf7bbf1f2be64e23,3,1176372,970507.0
earnings:34368,League of Legends,2017,total_mismatch,,sqlite_pipeline/html/34368.html,622c7d03129a01dd81680e02f876de294939357f066eab0fdb68c078aae0986a,1,1246000,1027950.0
earnings:34370,League of Legends,2018,total_mismatch,,sqlite_pipeline/html/34370.html,33660a5d1f0d4f6702f266ffbae552c29235293c69d7ef0b43fe03ac05c4a792,1,565000,67800.0
earnings:34372,League of Legends,2019,total_mismatch,,sqlite_pipeline/html/34372.html,b9a6a890934b923c9913e784d7d03eb9ba82a7f4fb8ec27240d15263aa25c98c,3,1053040,763454.0
earnings:34507,League of Legends,2019,total_mismatch,,sqlite_pipeline/html/34507.html,ec468de127776c4f3033733f8b379eeb512f2376c2cd73da4d655afcf462db10,6,500000,450000.0
earnings:34546,League of Legends,2019,total_mismatch,,sqlite_pipeline/html/34546.html,342793dc08580be6d0088472d0730179f331be2e2dc4668448e336545d4c84a3,2,66598,39760.0
earnings:34553,League of Legends,2019,total_mismatch,,sqlite_pipeline/html/34553.html,2e124db56926e558af8f2420bc26fc9de7cecb9ca9d73cfe776d3cc0a9bb2baf,2,1136820,966297.0
earnings:34554,League of Legends,2019,total_mismatch,,sqlite_pipeline/html/34554.html,f694e90c83be8b87d7be354586b9fc440775e7c6db35c2aef21a11a43c004e91,2,1122220,1066109.0
earnings:34622,League of Legends,2019,total_mismatch,,sqlite_pipeline/html/34622.html,29b46f05f303c6287a83bb94bb16f67bc3f4c5b363fe188824b97a4106cce4bc,1,301213,286153.0
earnings:34623,League of Legends,2019,unavailable,missing_or_ambiguous_country_heading,sqlite_pipeline/html/34623.html,cf3495afc6563dc6c760b7e68e7543a8073f1aa49ce5886a66dfef06b489d24c,0,565235,
earnings:34626,League of Legends,2019,total_mismatch,,sqlite_pipeline/html/34626.html,bb5bc8064e126ef1940543a1298822dba56d422178969bbeb28ca0b0abdb07c0,3,457240,367780.0
earnings:34627,League of Legends,2019,total_mismatch,,sqlite_pipeline/html/34627.html,2dbdc38904a23e906b2e2eaf0256d42f8ef9b5fbe218c403d04b5383bdeb00a6,1,342000,285000.0
earnings:34628,League of Legends,2019,total_mismatch,,sqlite_pipeline/html/34628.html,ad0db443cf625a75ea36ac7061a26aab2514aa0307c4d19a49a506f2fc66f732,5,395700,197850.0
earnings:34670,League of Legends,2019,total_mismatch,,sqlite_pipeline/html/34670.html,983cb57d70934959cce0ad7eaedf7615a2e17d7ed47eeced55df8f07229abc17,1,1000000,500000.0
earnings:34677,League of Legends,2019,total_mismatch,,sqlite_pipeline/html/34677.html,38fdb69ff972399fd26e3d8df238cd31e3463165df334985b3764891a8b5a1d6,3,500000,300000.0
earnings:34810,League of Legends,2018,total_mismatch,,sqlite_pipeline/html/34810.html,aa1a76ce16220ca080025df8ec801bf85ac936519b1bc06ba8e541db66452047,4,464000,348000.0
earnings:34811,League of Legends,2018,total_mismatch,,sqlite_pipeline/html/34811.html,7723d29e31d365702b3f778754d2ef2ccdeb54ae7e94669c14f40c3710b9c191,2,760000,456000.0
earnings:34816,League of Legends,2012,total_mismatch,,sqlite_pipeline/html/34816.html,720acba10069d10cc7fcf3d1ff51ecbe376b869179ede6b54aa84e46f0f40725,2,229250,131000.0
earnings:34817,League of Legends,2012,total_mismatch,,sqlite_pipeline/html/34817.html,69c182992d7aced987e474eab421922c0f172abb05c931b58d7ba1ea141f8546,2,100000,60000.0
earnings:34833,League of Legends,2012,total_mismatch,,sqlite_pipeline/html/34833.html,5086c3b6549dd5dfd613df83fcd7dacc52440a88779a5b4327222b41b47b7aeb,1,281754,219142.0
earnings:34867,League of Legends,2013,total_mismatch,,sqlite_pipeline/html/34867.html,27845534a96819faf56fb37e5eab7d540fd7f668f0a277ee4598ccbd8beb47bb,1,1540000,840000.0
earnings:35030,League of Legends,2019,total_mismatch,,sqlite_pipeline/html/35030.html,0c48d1838720ec034fd38b30bed5bcfe43be291479ff1d37836ee153740c7cd2,3,472500,337500.0
earnings:35031,League of Legends,2019,total_mismatch,,sqlite_pipeline/html/35031.html,62aabf957639b94f4b20be3ffe1c9d9113d9cea2967765dd152122ef3c500a9b,3,1130000,1017000.0
earnings:35424,League of Legends,2013,total_mismatch,,sqlite_pipeline/html/35424.html,8cd79256752e93c9d739f6a8b340d8875072f6a50c52c392242aec1c24b9493d,2,103075,51537.0
earnings:35542,League of Legends,2016,total_mismatch,,sqlite_pipeline/html/35542.html,693676f7722c63d958418d66e1089f9e963274a733f5c0842a313747ca96da8d,3,423728,402542.0
earnings:3560,League of Legends,2013,total_mismatch,,sqlite_pipeline/html/3560.html,1463d1b8c88081a9bce7f4d1cf2891735add9738d0d91222fa4fec2151aea0e3,5,1000000,900000.0
earnings:35764,League of Legends,2019,total_mismatch,,sqlite_pipeline/html/35764.html,3cd93a68892dd8d3746238d7dc7b867f7d0a9499c525d3e05d75750e3fee6cc6,8,1151100,1128078.0
earnings:35765,League of Legends,2019,total_mismatch,,sqlite_pipeline/html/35765.html,260887b3e148b45b5d0f53be95bb1b324abab6cdc9e4cad89b0bc56e08b8e45e,3,306000,257040.0
earnings:36354,League of Legends,2019,total_mismatch,,sqlite_pipeline/html/36354.html,d0e74b53a045534bb17a1d682e05b0a37e9049b3f7a2fd87b9b9f40557a2b8ec,1,640000,384000.0
earnings:36356,League of Legends,2019,total_mismatch,,sqlite_pipeline/html/36356.html,47fcbec02afaecfcdabfc051f918e5a3d8532ff34112a4f13f5adb003bacf981,3,1122590,1066461.0
earnings:36674,League of Legends,2015,total_mismatch,,sqlite_pipeline/html/36674.html,ba40818cf0f701d28452404e82d5d0fc2cfa4006bbdd3b43c4451e7c47b7d708,2,204750,175500.0
earnings:36738,League of Legends,2019,total_mismatch,,sqlite_pipeline/html/36738.html,5d38b47784f0474bfcfcb3a9df924a3b3d92e2d2e49b32238e1d89d01472b6d1,3,1110890,1055346.0
earnings:36958,League of Legends,2017,total_mismatch,,sqlite_pipeline/html/36958.html,d2c3c678b875fa431eed6e8f7665471704aa120eda4dd82b455894d56b9abb95,7,337755,332126.0
earnings:37502,League of Legends,2019,total_mismatch,,sqlite_pipeline/html/37502.html,fb5e4c88f4ac07d43ecd65933aeec6fb2b5774cb3737d608ed3a956f5859651f,15,2332680,2332683.0
earnings:37541,League of Legends,2019,total_mismatch,,sqlite_pipeline/html/37541.html,789e1e8968aa82f61bd02f2b07735bc980ae6c2dcc4da0d85e9bfec7b24e40b9,5,1683600,1674400.0
earnings:37554,League of Legends,2019,total_mismatch,,sqlite_pipeline/html/37554.html,576c3a8b983583c751f967949dc0f8fc507d62b304441e11078533b896c49ded,1,269366,209507.0
earnings:37571,League of Legends,2019,total_mismatch,,sqlite_pipeline/html/37571.html,60fa2e7554cbcde493a468c8af528d07d09317b81cc822b8a12b251832cbe572,4,850000,765000.0
earnings:37684,League of Legends,2019,total_mismatch,,sqlite_pipeline/html/37684.html,287a9fd45a743f7e919c80fe467b68438e3f4631e97d0b788f091532ae49edd2,3,1000000,850000.0
earnings:37709,League of Legends,2019,total_mismatch,,sqlite_pipeline/html/37709.html,d0e249c5eb02417c8b8053669465a262e393ba511d95cbd60b42c1ec7126796a,1,481800,394200.0
earnings:37764,League of Legends,2019,total_mismatch,,sqlite_pipeline/html/37764.html,237a79602f1f28c89f0aed38296da85954dc96086d5274df15c7852b8490bd08,7,5100000,5042857.0
earnings:37798,League of Legends,2019,total_mismatch,,sqlite_pipeline/html/37798.html,a76809a00eb0b8c43fedd0b96cbe13ad419ba283ad51ed771abbd2a633829005,1,55815,44652.0
earnings:37799,League of Legends,2019,total_mismatch,,sqlite_pipeline/html/37799.html,caa907a38d6585ec5f273697bd4f1c4e6ce2e10b1363ca72d79377cd611c98b3,1,56015,8402.0
earnings:37800,League of Legends,2019,unavailable,missing_or_ambiguous_country_heading,sqlite_pipeline/html/37800.html,c2ba3e294c9e468c1cb1257b102f75b7c7dddb158a96c018d518bee710b8f578,0,55815,
earnings:37801,League of Legends,2019,total_mismatch,,sqlite_pipeline/html/37801.html,413a32ae11f4d608745b80042f3a95f19d19a3e9a2ab4008731dd71b582cc861,2,55815,11163.0
earnings:37802,League of Legends,2019,unavailable,missing_or_ambiguous_country_heading,sqlite_pipeline/html/37802.html,a76b028d9246f9be981c5bd732819f3c8fb77bb87f0b419f3328ddab1c84cdd7,0,55815,
earnings:37803,League of Legends,2019,total_mismatch,,sqlite_pipeline/html/37803.html,d00871e5846ae216c4b2c5dc0fc1ebb9f355f48f175c563b3f3fff2836c07c17,1,55815,11163.0
earnings:37804,League of Legends,2019,total_mismatch,,sqlite_pipeline/html/37804.html,a6e5b860cc0d72f78908f9f927e38dcdc7b6fe1820e4d853f58d8362ced0f1e0,2,54945,43956.0
earnings:37805,League of Legends,2019,total_mismatch,,sqlite_pipeline/html/37805.html,7591bba5c188bfaf56a3edaebd097ea9cd3b4af061a91a70bbc78f427dc74fb0,5,54945,46703.0
earnings:37806,League of Legends,2019,total_mismatch,,sqlite_pipeline/html/37806.html,b09529f28b72dcb04d71702183d172248f31e816bc7ed30f1b8ff2ebbc7216ed,4,55170,44135.0
earnings:37807,League of Legends,2019,total_mismatch,,sqlite_pipeline/html/37807.html,a59f4d8cfff0b3a77c1781adbcfc7b33684385577dc26cc02ee0abf5ad6ba24e,5,55170,44135.0
earnings:37808,League of Legends,2019,total_mismatch,,sqlite_pipeline/html/37808.html,d5aa1082931b42d566d76dfdca4c6da6f55fda21c4b5e7a5abc55c9b5e1e7e6c,4,55170,44136.0
earnings:37809,League of Legends,2019,total_mismatch,,sqlite_pipeline/html/37809.html,55232331133767a01f9c456ab85bace06915ebbdcc3d075a81dfe4779f5681c3,5,55571,52794.0
earnings:37810,League of Legends,2019,total_mismatch,,sqlite_pipeline/html/37810.html,5f8b5bbec7a9d8cd581d7669cd9e82afc6f5571278a6f441e7340d34071d7485,6,55571,52794.0
earnings:37811,League of Legends,2019,total_mismatch,,sqlite_pipeline/html/37811.html,317acb1d3f809ac6dd0fff02e94a799f4c84e6d3ab939434e9886cc952a89378,4,55571,47236.0
earnings:37813,League of Legends,2019,total_mismatch,,sqlite_pipeline/html/37813.html,4e990cfa27a38cb51f09860bfbc728679730048fcfa561489931e7b29900e683,5,56015,53214.0
earnings:37814,League of Legends,2019,total_mismatch,,sqlite_pipeline/html/37814.html,3f303de9c2fdbbab67f4b919de8b71e2b3a1be97cb5210302d7c272ea2532e42,1,56015,11203.0
earnings:37815,League of Legends,2019,total_mismatch,,sqlite_pipeline/html/37815.html,7e675a4552e52e08a242a4d23fc0b081723c9fa8882d9ac7d9c9b9cbc12bc693,4,55170,35861.0
earnings:37847,League of Legends,2019,total_mismatch,,sqlite_pipeline/html/37847.html,8b9a90faae4bbbfdc5821aa0dd0a52d6d00dd73c6f3cf57a642268e7468fad8a,1,194006,155205.0
earnings:38319,League of Legends,2019,total_mismatch,,sqlite_pipeline/html/38319.html,94af5d793b964ae1c72feeef962a6222c7f9a3e16a0c2296c8be5d0c314cc007,4,1110000,999000.0
earnings:38679,League of Legends,2019,total_mismatch,,sqlite_pipeline/html/38679.html,5fd68bafe0f43e208ea4fcea5df6c688a7920a500c84e31236342ae879219d35,6,5000000,4940000.0
earnings:3889,League of Legends,2013,unavailable,missing_or_ambiguous_country_heading,sqlite_pipeline/html/3889.html,ecd3cdc30a399600fc5313340bcf6ed9b46a5c81004c80cb0ee41d916c2ec212,0,1631135,
earnings:39145,League of Legends,2019,total_mismatch,,sqlite_pipeline/html/39145.html,47eecc9f2ca7393858bcc98e3a80ffe0a9244c8cabaff7d51f73e66afc666353,1,310000,186000.0
earnings:4079,League of Legends,2012,total_mismatch,,sqlite_pipeline/html/4079.html,1a628ce0db687ba470f94c842ffe472ec86cbbe4b0b66a2a5e76835506892423,2,1447845,1184600.0
earnings:40890,League of Legends,2020,total_mismatch,,sqlite_pipeline/html/40890.html,763d034cd9c595658e88ee305fcd854d054a0c5095ea37d0ceae970becfeaa95,6,7500000,5560000.0
earnings:4162,League of Legends,2013,total_mismatch,,sqlite_pipeline/html/4162.html,821bf82f31eae6b1a2dde3b124984a04cbff4624e5a0a76d970eafe3157fc4fa,1,606428,511674.0
earnings:41722,League of Legends,2019,total_mismatch,,sqlite_pipeline/html/41722.html,304f11d559c4ddc3b3040f73157d6dec25895da3503d998b1d2aab79c013b9f2,3,999240,824373.0
earnings:4176,League of Legends,2014,unavailable,missing_or_ambiguous_country_heading,sqlite_pipeline/html/4176.html,49daa6b8d0b2392f2dc44e08351ebf77b0df3bcc639cc89f7fa75df185a663ee,0,717591,
earnings:4211,League of Legends,2012,total_mismatch,,sqlite_pipeline/html/4211.html,3aba4e9a82e3057ab0840b2dd8038bae843bfd88cc591a1cb58bda2bdcaa8167,2,750000,600000.0
earnings:4254,League of Legends,2013,total_mismatch,,sqlite_pipeline/html/4254.html,9ee368dda404b02b008af008071d8296d8a5f446501bef39f84be465f095fb97,5,3500000,3225000.0
earnings:42727,League of Legends,2021,total_mismatch,,sqlite_pipeline/html/42727.html,4517795c4478f856ce6fdd6b92fca702b0f6a95b93081b15179e0ea2a9e53720,1,1033200,504000.0
earnings:43998,League of Legends,2020,total_mismatch,,sqlite_pipeline/html/43998.html,0219018f223d9060bd9f87a3c631b50d97ecff26d550022ce91c175d60a06be7,28,234000000,223200000.0
earnings:46206,League of Legends,2020,total_mismatch,,sqlite_pipeline/html/46206.html,898c2643b1c9e6d5ec9527151edf8194f87dd17c94f3f7b4d02d7912ab40d450,2,84846,72725.0
earnings:46250,League of Legends,2021,total_mismatch,,sqlite_pipeline/html/46250.html,ed327a1367ea602906ce63cf75a710f4ab33f65c01855f11964a906449b3f4a5,5,2562660,2511406.0
earnings:46389,League of Legends,2020,total_mismatch,,sqlite_pipeline/html/46389.html,647bfaa1d560b23b2ee6c68c44ef91bdc8a6fe3e8b68b30476a99176afdbc417,7,598220,544382.0
earnings:46469,League of Legends,2020,total_mismatch,,sqlite_pipeline/html/46469.html,6d9b5d1ed32272adfe9071b21578683e2857dad9c50aa9bbd52a80ae8589f1cc,3,162497,146247.0
earnings:46476,League of Legends,2020,total_mismatch,,sqlite_pipeline/html/46476.html,46997152d0e7be0b652e21f14a85fd539e22109fd608b847791ca55a6c59be36,4,169439,166050.0
earnings:4651,League of Legends,2013,unavailable,missing_or_ambiguous_country_heading,sqlite_pipeline/html/4651.html,b370ef92d7e0a7ea475f5666b3ce626991fe43372f6a4bb778e8091718d31cd9,0,180180,
earnings:46513,League of Legends,2018,total_mismatch,,sqlite_pipeline/html/46513.html,b3da18347b9e8d7d4bbc6a0d19a1ad697bfda0885ab39ca6dc9d2fdf564e0b68,1,225910,203319.0
earnings:46526,League of Legends,2019,total_mismatch,,sqlite_pipeline/html/46526.html,456eb2cabb6a6369fa13f2a36a7cd09c3659c1d5f372fa74b11336e0c40bcc0a,2,16349,10900.0
earnings:46527,League of Legends,2019,total_mismatch,,sqlite_pipeline/html/46527.html,201c1a95d0fa7ba320ec496a4a6d7fa994b8d9501757af0c4008248b712ef699,1,16439,10960.0
earnings:46528,League of Legends,2019,total_mismatch,,sqlite_pipeline/html/46528.html,a895f5ced77b83eba6d39c4f937ddcdf52e97e161e1bed4f90c0fbd5ab90ecea,1,16539,11026.0
earnings:46529,League of Legends,2019,total_mismatch,,sqlite_pipeline/html/46529.html,d91e35b43e1f5f0d867941e151aee48b2948b60b1378f8a443102a6fd2e66aeb,3,16727,5575.0
earnings:46530,League of Legends,2019,total_mismatch,,sqlite_pipeline/html/46530.html,3c88e0eeeb353c50eb582f8733bb1537860762a3ad38d2937f79fb70c1667920,2,16648,11099.0
earnings:46531,League of Legends,2019,total_mismatch,,sqlite_pipeline/html/46531.html,86a8f991975d08a00ee7b99fc616249a1b3cdba448aab554e3a736c3e65bcd80,1,16693,11128.0
earnings:4655,League of Legends,2012,total_mismatch,,sqlite_pipeline/html/4655.html,ec6865e64780076339afa8cc699f604edf29237f1baabaa24ee898895fd9a011,7,1925422,1829152.0
earnings:46569,League of Legends,2019,total_mismatch,,sqlite_pipeline/html/46569.html,0a4d6ad4fb73c2d0c58d7071430e2908ed055eaf705d7593bc6920614f0220e3,13,1288830,1234056.0
earnings:4657,League of Legends,2013,total_mismatch,,sqlite_pipeline/html/4657.html,8dd286074b5f8aaaf028de5e2f0338b48556ee800570ee78bb2bb0aa6c6687c9,1,925486,609081.0
earnings:4658,League of Legends,2013,total_mismatch,,sqlite_pipeline/html/4658.html,f3ea16912a44c6da4028be28f513dca9725727c06f472ea87d7132757d971a1e,1,936142,616094.0
earnings:4659,League of Legends,2013,total_mismatch,,sqlite_pipeline/html/4659.html,bd4f4d1850b5d1123951c86a0aced5c0028111e461ce08d2d97eb240b3bc7115,1,933939,529232.0
earnings:47123,League of Legends,2019,total_mismatch,,sqlite_pipeline/html/47123.html,22459dfd0629a892a8250b70236221e4253dafa2b8ce9894838cdc0179b7eeda,9,55083,46821.0
earnings:47124,League of Legends,2019,total_mismatch,,sqlite_pipeline/html/47124.html,756f7615fb2012e599a6202b0bea9ae8ad482a6e38658c4b68c849d0eff866f1,3,54686,41014.0
earnings:47200,League of Legends,2021,total_mismatch,,sqlite_pipeline/html/47200.html,8f4d6bbdc4aa7b7591517d9b36e70855f8fbff0a5f27545c500ea22e3957f86c,3,104710,99724.0
earnings:47988,League of Legends,2021,total_mismatch,,sqlite_pipeline/html/47988.html,98250b2dc2c72f17bf3b6b1da738c261466b1c4325c8f11eaf8f10f6bc48a19e,4,243314,206817.0
earnings:48162,League of Legends,2020,total_mismatch,,sqlite_pipeline/html/48162.html,20f3deabe4725852bc58690c981412e06753df96643e86758f88b5023d5b7d6c,11,7500000,3900000.0
earnings:4906,League of Legends,2012,unavailable,missing_or_ambiguous_country_heading,sqlite_pipeline/html/4906.html,75c969db56db47a3f08da0812b9aa857592df0b12e4115e966d6778eb4122474,0,0,
earnings:4916,League of Legends,2012,unavailable,missing_or_ambiguous_country_heading,sqlite_pipeline/html/4916.html,5fa52cee887c55176e115ca2f0de0cc5f5ef0fd58cfe9a9dc62fa566ee75fb43,0,138590,
earnings:4926,League of Legends,2012,total_mismatch,,sqlite_pipeline/html/4926.html,7dadcf5b92394b3555db6e307c4dd5007dcb03d0d86a00403440ce6b32537f40,3,284241,261104.0
earnings:4931,League of Legends,2014,unavailable,missing_or_ambiguous_country_heading,sqlite_pipeline/html/4931.html,ed7b1d6fc6ab94e5f1230bf1e8ed0c8f85672355626444b79c2b733449a23e28,0,0,
earnings:4934,League of Legends,2014,unavailable,missing_or_ambiguous_country_heading,sqlite_pipeline/html/4934.html,91e1f8e04e907038fe99aada6855fd78f7b9b5fcbce828590c79c5ede9649fe6,0,329042,
earnings:50165,League of Legends,2020,total_mismatch,,sqlite_pipeline/html/50165.html,558cdcddb513e8d2cf38a2c4b96ee40b0c39ef8f0f42a6b65e4bd91678996a0f,1,850000,382500.0
earnings:5043,League of Legends,2013,total_mismatch,,sqlite_pipeline/html/5043.html,b4cf4ffd84e525f7e8bdb127067a265f7d01657fa6e7a0a9510a4f4e07246fbf,2,130097,65049.0
earnings:50972,League of Legends,2021,total_mismatch,,sqlite_pipeline/html/50972.html,6b0bca39a5d59da1fd57e97cf4cf826810575730340ccee23daa72bbe504abf9,8,7000000,5800000.0
earnings:50973,League of Legends,2021,total_mismatch,,sqlite_pipeline/html/50973.html,36743778d87a1599001da53cce8413cc0ee084db867cf3be8f610a860ee8cfc6,6,1500000,1100000.0
earnings:50974,League of Legends,2021,total_mismatch,,sqlite_pipeline/html/50974.html,8d16d0bd2fb59ad1fa16dbec0ef8524cc37bcaf763fe17ad291d7929d44af989,6,1500000,1099999.0
earnings:50975,League of Legends,2021,total_mismatch,,sqlite_pipeline/html/50975.html,6a0eead9a9921843d693598769f3d355692f486b6e887e028ed31b9b7a415853,5,1500000,1100000.0
earnings:5101,League of Legends,2014,total_mismatch,,sqlite_pipeline/html/5101.html,eefd1d3decaca9805a93e28cd2a34419c4a5892c89c8875c9c05d253af599777,7,2000000,1750000.0
earnings:51284,League of Legends,2017,total_mismatch,,sqlite_pipeline/html/51284.html,e760e404260df20364c9a0db23783ab6d30db58d9362b4ce310c701e7e5f43eb,3,1500000,1275000.0
earnings:51293,League of Legends,2022,total_mismatch,,sqlite_pipeline/html/51293.html,206786f6d50ad73bb19279882f56a0afc639307c31007bbc7ae1a09d7962afbe,1,250200,200160.0
earnings:5142,League of Legends,2013,total_mismatch,,sqlite_pipeline/html/5142.html,8914bc5b492ec769cea46527411fd318ca5bb5bfcebd2185e260b96b51527452,3,500000,450000.0
earnings:5144,League of Legends,2013,total_mismatch,,sqlite_pipeline/html/5144.html,1aadaa27d48b6a07079fedbcefed158da952eade0ec4ae91a9b59b595ce11b1c,3,819800,655840.0
earnings:5155,League of Legends,2014,unavailable,missing_or_ambiguous_country_heading,sqlite_pipeline/html/5155.html,12ca7248b42a6556cc6d66fa1002b91285a870cfa9c41487f5d66ecabbfb50af,0,831662,
earnings:51978,League of Legends,2022,total_mismatch,,sqlite_pipeline/html/51978.html,d291679c10f061404172a1366d8d3444eb46a3fb89844051cce68e6f2a114876,14,1500000,1500003.0
earnings:5235,League of Legends,2014,total_mismatch,,sqlite_pipeline/html/5235.html,9bfa163e0cf05b25d332c29a2fa6e948f2f89faf7342ebc7af08a1bbb7d91f53,5,839575,713640.0
earnings:5246,League of Legends,2013,total_mismatch,,sqlite_pipeline/html/5246.html,b12fab70719ddc48f204b5a9603423e9d7e9dd52622ba765860129d65631ee6b,1,956787,410052.0
earnings:52479,League of Legends,2021,total_mismatch,,sqlite_pipeline/html/52479.html,f0f449b33575c5e68b55d859f2917cf62d16f83c541562b985aba753fd77f660,3,420000,210000.0
earnings:5312,League of Legends,2014,total_mismatch,,sqlite_pipeline/html/5312.html,2d826b4569d50b2bdf11221a2ba150d921a4c3b7771ceea79afc8f5944cc8739,6,1375298,1100239.0
earnings:5315,League of Legends,2014,unavailable,missing_or_ambiguous_country_heading,sqlite_pipeline/html/5315.html,781c5a5de93a86c1661157e645081b5d0904d0a30564e5c4bf1b24a0b8bf96ce,0,200000,
earnings:5321,League of Legends,2014,unavailable,missing_or_ambiguous_country_heading,sqlite_pipeline/html/5321.html,cba94b7bef0b4c64918119db55dc2739c111fc1726348dfcf30c20594561b921,0,858757,
earnings:5354,League of Legends,2012,unavailable,missing_or_ambiguous_country_heading,sqlite_pipeline/html/5354.html,72d452f433976ace264703b433e2ccf7dbc0951cbbecb594cb672fc4ea74b7ca,0,0,
earnings:5358,League of Legends,2013,unavailable,missing_or_ambiguous_country_heading,sqlite_pipeline/html/5358.html,ccd2369c597145c445cbfb5c23f5881011ee8c175e54ebc1f0849576fb7d35c7,0,0,
earnings:5362,League of Legends,2014,unavailable,missing_or_ambiguous_country_heading,sqlite_pipeline/html/5362.html,443714aa549e1d8bea7b067d80358d09392fb52da28a473720cbdf8ff6a86c84,0,343435,
earnings:5367,League of Legends,2014,unavailable,missing_or_ambiguous_country_heading,sqlite_pipeline/html/5367.html,71bb2cc0f68b1d833ac7c81003d1b9366cf18b88a5ef47af4175c1cf1fe807fe,0,689456,
earnings:53972,League of Legends,2013,total_mismatch,,sqlite_pipeline/html/53972.html,015367ff7962b9bb78fd05d752268e2809c5906dd02c057011f9d0be038794f7,1,102782,89292.0
earnings:53973,League of Legends,2013,total_mismatch,,sqlite_pipeline/html/53973.html,a30e2ff450fb098589199ec633a996a78195a350ed3d574b32b91f0e6985593f,1,105280,71613.0
earnings:53974,League of Legends,2013,total_mismatch,,sqlite_pipeline/html/53974.html,7b824a2c13404a1dd47067613e45d426c50f156254ec3a1bccf2bcb8c33e4d1b,3,204538,186003.0
earnings:53978,League of Legends,2019,total_mismatch,,sqlite_pipeline/html/53978.html,82455ada352eb87ee56932c9d30ec7703df7b6c8d28b6e9f0e43c3b3be07b2a7,4,5368315,5173104.0
earnings:53979,League of Legends,2018,total_mismatch,,sqlite_pipeline/html/53979.html,c9980af1720b1109fd8b95c90b26c40db40ae27a1a503e91ae7db7f32694df82,2,604061,304548.0
earnings:5448,League of Legends,2013,unavailable,missing_or_ambiguous_country_heading,sqlite_pipeline/html/5448.html,4fb4eaa07a304fbda7f4e4b1434476ef7b84c2426d18fc101258b0d8f4fcef41,0,0,
earnings:5452,League of Legends,2012,total_mismatch,,sqlite_pipeline/html/5452.html,16803f047539c1f2b4213636543fab697e9c46813ad93a83184b93cc51ff6723,1,260473,163230.0
earnings:5464,League of Legends,2014,unavailable,missing_or_ambiguous_country_heading,sqlite_pipeline/html/5464.html,95e789c0dfcfce8aedc7609759c16026c4d221c3e508e02e8b6c7febee5bc1b5,0,1095000,
earnings:5506,League of Legends,2014,unavailable,missing_or_ambiguous_country_heading,sqlite_pipeline/html/5506.html,82ddf17d8804cb8a54c5ef1de7ea5774e25b164489ddf73ddd1afa9a631f2a5d,0,319523,
earnings:55104,League of Legends,2017,total_mismatch,,sqlite_pipeline/html/55104.html,a49cca0d18d87a75ae7e1cc8a2778b9b93543321b28d17de52e7c2d62d1acede,2,141853,134761.0
earnings:5570,League of Legends,2014,total_mismatch,,sqlite_pipeline/html/5570.html,f032651641bdc9c63326263e7a833d5f8e960ec0e41ee7a16d5ddb1aca829dd4,1,1935300,1451475.0
earnings:5586,League of Legends,2014,total_mismatch,,sqlite_pipeline/html/5586.html,ec1bac91d05d57bd7dc551e86b568d11d35b1083b26a30c7e6b9e9b1c65520e1,3,100000,75000.0
earnings:5587,League of Legends,2014,unavailable,missing_or_ambiguous_country_heading,sqlite_pipeline/html/5587.html,2c4dc65b28f4170eae8355e54163e69bb4d7813c126a3e4303f85ae0d526d35f,0,180600,
earnings:5590,League of Legends,2014,total_mismatch,,sqlite_pipeline/html/5590.html,05e9c2124a0b1fc4dd370d74f0c8321e7fd284bd5f7a9ed9e37adbf709cd7251,4,1500000,1350000.0
earnings:5623,League of Legends,2014,unavailable,missing_or_ambiguous_country_heading,sqlite_pipeline/html/5623.html,875eec492967983c51cfea0af65008ee9286d118b09da967ec46381c1b0a7ca0,0,34050,
earnings:5624,League of Legends,2014,unavailable,missing_or_ambiguous_country_heading,sqlite_pipeline/html/5624.html,701f5df91c58886752805f964d175dea5f1ae49b0467c68a52ff7701250ac802,0,34050,
earnings:5626,League of Legends,2014,unavailable,missing_or_ambiguous_country_heading,sqlite_pipeline/html/5626.html,9468260d90bac384880ba462ec7c89c279321400720d78986924fa2ac809f82b,0,34050,
earnings:57667,League of Legends,2022,total_mismatch,,sqlite_pipeline/html/57667.html,6757ce47aab51abf773d31ca096e8ccc47e6bcf6580ba5cf6eedd72ca5deab69,2,156132,114496.0
earnings:57723,League of Legends,2022,total_mismatch,,sqlite_pipeline/html/57723.html,650dd0051b949f0dbfc07e5ab5371d18bf1b5903c0b13cf79ad5f13d948b8b8b,11,2500000,2200000.0
earnings:57724,League of Legends,2022,total_mismatch,,sqlite_pipeline/html/57724.html,f2cebef0fca9f6f194ce47c7ccf862d721a6b48c4790a24bb08657cfe68b7e89,11,2500000,2200000.0
earnings:5774,League of Legends,2014,total_mismatch,,sqlite_pipeline/html/5774.html,12891d0beb6558bd7dcfadfcf15305ea612922bb140affe3e3f2754fcc575645,3,4152798,3229953.0
earnings:5778,League of Legends,2014,unavailable,missing_or_ambiguous_country_heading,sqlite_pipeline/html/5778.html,337f4e5a17baf837c2184c1189f2ae4ad366df173892f53d98fcdb28b32c103b,0,1500000,
earnings:5791,League of Legends,2012,unavailable,missing_or_ambiguous_country_heading,sqlite_pipeline/html/5791.html,87fb4f2806b18a6fe88c863fec830103361b242138f0ee09f66d4b1725bd4394,0,700000,
earnings:5792,League of Legends,2012,total_mismatch,,sqlite_pipeline/html/5792.html,89a957b82e85d10f09ebb45243b76074a79f2319924c72396201bb2e0db376c0,3,550000,425000.0
earnings:5795,League of Legends,2014,total_mismatch,,sqlite_pipeline/html/5795.html,c8cc4c6a2c52b7f3f601af218c17aa9f13239e82caef3b3b2b85132a9cc09200,2,633300,542565.0
earnings:5797,League of Legends,2014,total_mismatch,,sqlite_pipeline/html/5797.html,dff4ec12629d6494e30d7eff5bc067a520f0cfe5d8d4fb9a6125234e3ff64e05,4,2000000,1750000.0
earnings:58778,League of Legends,2018,total_mismatch,,sqlite_pipeline/html/58778.html,a3a799e0e8eaea70942e87d43d5c8896f2c527c503bf6c83a3c802bd06ed9dbe,2,1818180,945453.0
earnings:58786,League of Legends,2022,total_mismatch,,sqlite_pipeline/html/58786.html,a6e33586be91fa2d4bd0fa272a8dec5cd5c43a8b1255026146fd74ac57bd9f96,14,2080120,2080124.0
earnings:5886,League of Legends,2014,total_mismatch,,sqlite_pipeline/html/5886.html,4479e36be8b954b3b1941242a3f1cda323e4dfe1b2ea791ece38a93c8a1cfeb0,4,769558,659621.0
earnings:5921,League of Legends,2012,unavailable,missing_or_ambiguous_country_heading,sqlite_pipeline/html/5921.html,e363c6e4efdd1fad193a3f69af8ebf13ef10518be85e6ae984dd57cd57ecebdf,0,26416,
earnings:5940,League of Legends,2012,unavailable,missing_or_ambiguous_country_heading,sqlite_pipeline/html/5940.html,5c5f15a6ac7df15f7f5cdb204d9075e5c0f558a8d35ecf22ab3af03349184e07,0,24581,
earnings:5955,League of Legends,2012,total_mismatch,,sqlite_pipeline/html/5955.html,6dad2d0a4bec0bc7763621dd8bed794176e6fb11950cf9318b2ff3ee2d2d4060,3,300000,270000.0
earnings:59567,League of Legends,2013,unavailable,missing_or_ambiguous_country_heading,sqlite_pipeline/html/59567.html,d6de9e241ac78c43fb63c081c3e99e8047a53c3f59a08e7beab31f704062009b,0,250000,
earnings:5963,League of Legends,2014,unavailable,missing_or_ambiguous_country_heading,sqlite_pipeline/html/5963.html,af5fd275a8322cc811b0d767a050293de75efc43f076955b2fd9f35526c4b8e0,0,25000,
earnings:59793,League of Legends,2022,total_mismatch,,sqlite_pipeline/html/59793.html,492e53c32d362d217aa0940c106546724a7299cb81efbcf8145293e55e1ad62f,4,1356950,977004.0
earnings:59794,League of Legends,2018,total_mismatch,,sqlite_pipeline/html/59794.html,7398f6dc87aca246e83f7bec703b2f035a87568afeb4afa2728698cbc8c91b9e,1,888000,488400.0
earnings:59806,League of Legends,2022,total_mismatch,,sqlite_pipeline/html/59806.html,e99d89b0b8712d34fe89171db5a642546bc3b68a3d1fea7c34eeff1e10fad3c2,1,936000,585000.0
earnings:59815,League of Legends,2023,total_mismatch,,sqlite_pipeline/html/59815.html,ca42dfdeaaaaa8f5598b3e795fb3869f2d3c5cac188fe26f4f36170f7540c664,9,539899,507506.0
earnings:5983,League of Legends,2012,total_mismatch,,sqlite_pipeline/html/5983.html,1012e6f9729e022b540ecc710125c9f5901bc46a7a97c72c0fa0fab1c67c51cd,1,852660,511596.0
earnings:5985,League of Legends,2012,total_mismatch,,sqlite_pipeline/html/5985.html,6e31a72597c74af1f60276986ce834740ed1eb149d671a6de88235ded93333b0,1,1099548,628313.0
earnings:5986,League of Legends,2012,total_mismatch,,sqlite_pipeline/html/5986.html,e7092489cda0277d3642a1df737468cca91215890e5413b258b2a5ff5e7f7f43,1,549774,471235.0
earnings:59874,League of Legends,2022,total_mismatch,,sqlite_pipeline/html/59874.html,b2f86a420d03373aef16e0d97fd3f0e610fe4cfbc0367a6b601355d354a46daa,1,243000,178200.0
earnings:6008,League of Legends,2012,total_mismatch,,sqlite_pipeline/html/6008.html,45dbd2148c47274f380a368a19fcea417188572c88448a273dc7795eae8840ed,2,738764,529982.0
earnings:6016,League of Legends,2013,unavailable,missing_or_ambiguous_country_heading,sqlite_pipeline/html/6016.html,44040f5520c7212f44785f2dc0b973a5a1a6b24e86d224715bd1fe70a99969f1,0,1000000,
earnings:6017,League of Legends,2013,total_mismatch,,sqlite_pipeline/html/6017.html,5affe2159ec29c21ecf3e2413fb665b365862a9186467fe494c646cbb8fa7f58,1,1200000,600000.0
earnings:6018,League of Legends,2014,total_mismatch,,sqlite_pipeline/html/6018.html,32dfdd89efceb7e218d70331f52f7d5e51788e49248742c7480e33d503df7523,3,4000000,2600000.0
earnings:6020,League of Legends,2014,unavailable,missing_or_ambiguous_country_heading,sqlite_pipeline/html/6020.html,bb1380d71e4426c6f152223199a2f8fc5de64ed9cebc750a75e31088afb65587,0,343552,
earnings:6021,League of Legends,2014,unavailable,missing_or_ambiguous_country_heading,sqlite_pipeline/html/6021.html,a2c9635a625c7c2bdaad01468fb1f6f1cb40198a75661c6be95712a98b5182f7,0,2748420,
earnings:6022,League of Legends,2014,total_mismatch,,sqlite_pipeline/html/6022.html,ef0e499d3b0abe5e1e1d4b12ef2b66629f46379c7e04f8dd57fd00f81206cd0f,2,1717762,1030657.0
earnings:6023,League of Legends,2013,unavailable,missing_or_ambiguous_country_heading,sqlite_pipeline/html/6023.html,3a5367fd1e9ef90804271e88aba81d984dcdeb29b33375664343e25e1d2f5e4e,0,652085,
earnings:60269,League of Legends,2023,total_mismatch,,sqlite_pipeline/html/60269.html,a94b5628c587141b1248ed54bfc73386917840005a5835c89e49f4946312e0d1,2,534460,320676.0
earnings:6035,League of Legends,2012,unavailable,missing_or_ambiguous_country_heading,sqlite_pipeline/html/6035.html,30af85c905530cf0af348d3a536ab5461f3221f2f9964764f516a0493f545bee,0,395408,
earnings:6036,League of Legends,2012,total_mismatch,,sqlite_pipeline/html/6036.html,37fac216d7e0aabea5d98e4aec88073b438d81a7659d099a5f518f66a9ab7c37,3,240218,204186.0
earnings:6037,League of Legends,2013,total_mismatch,,sqlite_pipeline/html/6037.html,3cf57353f3641d3a4eac75e2c5f5771bf8844b1295884378622376e7029c2946,1,380750,45690.0
earnings:6038,League of Legends,2013,total_mismatch,,sqlite_pipeline/html/6038.html,bd61d53191ed7d98a1d053363647aa4368cde3461741b5f08662d45936d560ed,1,491145,73672.0
earnings:6041,League of Legends,2013,unavailable,missing_or_ambiguous_country_heading,sqlite_pipeline/html/6041.html,eb480b07d56e3ea2c7c8a5f8df954aa701dbfa74e3fd24fd89b16bd09cfcff52,0,65416,
earnings:6042,League of Legends,2013,total_mismatch,,sqlite_pipeline/html/6042.html,21c6d201092dbf6843e3df6c0ce1a20ad7b2165913f560207b6497158f1b39f5,2,100000,90000.0
earnings:6043,League of Legends,2013,total_mismatch,,sqlite_pipeline/html/6043.html,49545e82d6b0c0a1bce7bc2e4bc32693a8b648bcd975422c4dc7a0cab6028e13,3,100000,90000.0
earnings:6053,League of Legends,2014,total_mismatch,,sqlite_pipeline/html/6053.html,9333db5bbef54567c4082d938618630df85a4eea8d62cf8394989d583938d326,1,1367700,1025775.0
earnings:6054,League of Legends,2014,total_mismatch,,sqlite_pipeline/html/6054.html,adf455717e0b1ca29d1345d93c405b5d9391aab963cb6626a839a6f862c0b840,5,902682,574435.0
earnings:6056,League of Legends,2014,unavailable,missing_or_ambiguous_country_heading,sqlite_pipeline/html/6056.html,f80d5abe57387ba674bd2a1063987fd9abbec8e7a9c6e6f1905d470148772781,0,34050,
earnings:6057,League of Legends,2014,unavailable,missing_or_ambiguous_country_heading,sqlite_pipeline/html/6057.html,f7f577710465db66f78f18e57cbf1befb2dd5722ce9ffd6a96dfdf6cfa411bcb,0,34050,
earnings:6059,League of Legends,2013,unavailable,missing_or_ambiguous_country_heading,sqlite_pipeline/html/6059.html,faf9310eee12dbcc660484471fec5a727de27499a369fa9ae531cb58f6934f67,0,1500000,
earnings:60610,League of Legends,2023,total_mismatch,,sqlite_pipeline/html/60610.html,ded824b88dca64d098f8b777f08148c47d52eac625e600d5c456b44cca41ec45,4,216798,169103.0
earnings:6064,League of Legends,2014,total_mismatch,,sqlite_pipeline/html/6064.html,11538a6b36015bfcac2a64777109241d5fa5a67a64ba69a7ed834de9292f773f,3,1410000,1270000.0
earnings:60646,League of Legends,2023,total_mismatch,,sqlite_pipeline/html/60646.html,2de32ec0124edf9e621d274894c6b87f54708380dae9fa063bde335c4d7ee45c,4,541995,243899.0
earnings:6065,League of Legends,2013,unavailable,missing_or_ambiguous_country_heading,sqlite_pipeline/html/6065.html,fa13b239459e5e51dabb6c83d490b16d04b9e9306585835d34ca729b0b509414,0,1500000,
earnings:6066,League of Legends,2014,unavailable,missing_or_ambiguous_country_heading,sqlite_pipeline/html/6066.html,3afb9e1998a57818f451a224c6d4705037a9500da87f550f63a4b7bc0a546bd7,0,80432,
earnings:6067,League of Legends,2014,unavailable,missing_or_ambiguous_country_heading,sqlite_pipeline/html/6067.html,e2428e1fce5fd2c21f904e8df3bed82e71c47b904400990e5bbd7d30e3a11ae5,0,80432,
earnings:6068,League of Legends,2014,unavailable,missing_or_ambiguous_country_heading,sqlite_pipeline/html/6068.html,acc3fca420b0f46113e77cf8d92ce3c006546bf0d406093558a26f777ab0c896,0,80432,
earnings:6069,League of Legends,2014,unavailable,missing_or_ambiguous_country_heading,sqlite_pipeline/html/6069.html,d6f1cd74ebbb2ac4b18743e701691e0d32422c14af01f2b487e696ea7237df5b,0,80432,
earnings:6070,League of Legends,2014,unavailable,missing_or_ambiguous_country_heading,sqlite_pipeline/html/6070.html,bc6a5319c91caa06108832a75181af9e66c5292c2fc1e0f87f1bbf4f2bac3fea,0,80432,
earnings:6071,League of Legends,2013,total_mismatch,,sqlite_pipeline/html/6071.html,4aa4b490edbd324fca49ec0428cf888dd4ddcdd5817eee1ec9bf1b7453234ee7,1,80432,40216.0
earnings:6072,League of Legends,2013,total_mismatch,,sqlite_pipeline/html/6072.html,106af358893b6ace3eca6229809bc4e6540a3f32dcfcf530507d3080d1b16026,1,80432,40216.0
earnings:6073,League of Legends,2013,total_mismatch,,sqlite_pipeline/html/6073.html,2156f875596748e5434ab0ad6c9bcd57dba481020260fd021cbf3bce57ea1483,2,80432,40216.0
earnings:6074,League of Legends,2013,total_mismatch,,sqlite_pipeline/html/6074.html,fc853570cffdcffff561ae78d0bf2bdb62b04c5db36cdd16ea8f0250839de26b,1,80432,40216.0
earnings:6075,League of Legends,2013,total_mismatch,,sqlite_pipeline/html/6075.html,d95223cb8b2e619a829d0e6e4f3da45a3a55082c1d00c047a2612f62f76c906f,1,80432,40216.0
earnings:6094,League of Legends,2014,unavailable,missing_or_ambiguous_country_heading,sqlite_pipeline/html/6094.html,b614cdb59ad6b2b592243517675d2711f61af50cb5c992804422e7e26f2780c2,0,61425,
earnings:6095,League of Legends,2014,total_mismatch,,sqlite_pipeline/html/6095.html,6001c4103bde545e57de670eb2029d4e4e4b97153691aad27bfea2f576766838,2,676289,631202.0
earnings:6096,League of Legends,2014,unavailable,missing_or_ambiguous_country_heading,sqlite_pipeline/html/6096.html,af12d6287715bc282c813ddf9d8d9e69682dcc74a0c8ae201a28a72134fc5c43,0,117420,
earnings:6097,League of Legends,2013,unavailable,missing_or_ambiguous_country_heading,sqlite_pipeline/html/6097.html,9132c37fe6e548bf8fa8e3b024aa285a39f4ba969cb039e146dc5db09af64ba6,0,100000,
earnings:6098,League of Legends,2013,unavailable,missing_or_ambiguous_country_heading,sqlite_pipeline/html/6098.html,df2ed72a6d947cdc8c54a2c5af780dabc21cf475eadda73fbca340706cf66c03,0,100000,
earnings:6099,League of Legends,2013,unavailable,missing_or_ambiguous_country_heading,sqlite_pipeline/html/6099.html,0c24e11618fdf49da750dc27a698da0da92513648903146639461264a52e4b4e,0,100000,
earnings:6100,League of Legends,2013,unavailable,missing_or_ambiguous_country_heading,sqlite_pipeline/html/6100.html,ffd25c8b968e8e359bcef35c1201a8b377cda25ec1f8c76d7138fcd888af8607,0,100000,
earnings:6101,League of Legends,2014,unavailable,missing_or_ambiguous_country_heading,sqlite_pipeline/html/6101.html,c564bb97c47a55c826bac7f77b3ad5bc5efffdabccf41aa767ff1b535aa1cc46,0,100000,
earnings:6102,League of Legends,2014,unavailable,missing_or_ambiguous_country_heading,sqlite_pipeline/html/6102.html,2a4d9bdecf8b2a59a3ab00dc9f58cd64856b9ec5688d656ef30c11fb5535c4c0,0,100000,
earnings:6103,League of Legends,2014,unavailable,missing_or_ambiguous_country_heading,sqlite_pipeline/html/6103.html,cf1a838cf9a874b98407374af495c0bbfe63bec3a49a2e17d1162f560477ce50,0,100000,
earnings:6104,League of Legends,2014,unavailable,missing_or_ambiguous_country_heading,sqlite_pipeline/html/6104.html,9e3c31cbe973531b2e5a7f918397279fb96d959334ba689983f05b31ccae79c8,0,100000,
earnings:6105,League of Legends,2014,unavailable,missing_or_ambiguous_country_heading,sqlite_pipeline/html/6105.html,40c23605b498bbfc391f10d0d81fef712a80fe02741148542e38a27c9457bab2,0,100000,
earnings:6106,League of Legends,2014,unavailable,missing_or_ambiguous_country_heading,sqlite_pipeline/html/6106.html,371d107e6f048c6e3d8e2e8637f7b56d54e7d8335df2a3078a1cece8c053b0d2,0,100000,
earnings:6107,League of Legends,2013,unavailable,missing_or_ambiguous_country_heading,sqlite_pipeline/html/6107.html,aae748947955c76c9b70818b2761288c0a29cabae5716c1dca6c7435b96f35e3,0,310000,
earnings:6108,League of Legends,2014,unavailable,missing_or_ambiguous_country_heading,sqlite_pipeline/html/6108.html,9b0e0a31aa10621bdb71b834b32c837874bf566cc2c3cd6a4867b1493eb4f18d,0,80092,
earnings:6109,League of Legends,2013,unavailable,missing_or_ambiguous_country_heading,sqlite_pipeline/html/6109.html,cea06559c4a2b61041a8dfdffae6ca1bf5347165a5ebbb543f3564625bb20672,0,1204560,
earnings:6110,League of Legends,2013,unavailable,missing_or_ambiguous_country_heading,sqlite_pipeline/html/6110.html,44657fba2354abc5961b0bd3feb458c7c47ad4d40f6aebea3d89167e61b94117,0,368060,
earnings:6111,League of Legends,2013,total_mismatch,,sqlite_pipeline/html/6111.html,7279b7633e81b0ef92dde3314f9eda0a8bfa5290657183a271aacf161da01346,1,189625,14587.0
earnings:6112,League of Legends,2013,unavailable,missing_or_ambiguous_country_heading,sqlite_pipeline/html/6112.html,c2c29834b08c0c081aafdfbbc3b6d8e5663cb66be675867bf6b10fc34cc4817d,0,401520,
earnings:6113,League of Legends,2013,unavailable,missing_or_ambiguous_country_heading,sqlite_pipeline/html/6113.html,1a2fac21c679c38dd0b58b860b648c2d0bc35115040c46903c1763a59dd15366,0,401520,
earnings:6114,League of Legends,2014,unavailable,missing_or_ambiguous_country_heading,sqlite_pipeline/html/6114.html,1b88f37afa762fa29ebdecdbc2b373eafd107529fa45f6403887ae3a2ea28246,0,100380,
earnings:6115,League of Legends,2013,unavailable,missing_or_ambiguous_country_heading,sqlite_pipeline/html/6115.html,713e6122620f5cbe97744813b00dda877529caf72849bafb6d98c8e642a82249,0,200760,
earnings:6116,League of Legends,2013,unavailable,missing_or_ambiguous_country_heading,sqlite_pipeline/html/6116.html,3957da90d6fb066323de227389c173e33f407dd4720a3eaee409b2d512dc1c6f,0,350000,
earnings:6117,League of Legends,2013,unavailable,missing_or_ambiguous_country_heading,sqlite_pipeline/html/6117.html,dd8a9ef9906f7df38405ce87323078346d878fd4eddfabd5666a9fc7cd8da8ac,0,954000,
earnings:6118,League of Legends,2014,unavailable,missing_or_ambiguous_country_heading,sqlite_pipeline/html/6118.html,d2f6e47154aacddfac75573596dab335cf610dfd7f4978bc313767268f443130,0,1431000,
earnings:6119,League of Legends,2013,unavailable,missing_or_ambiguous_country_heading,sqlite_pipeline/html/6119.html,e1ac9530eefc86b58c914553d0b8e63081b612ffc937fe3a0d84a0f2428834ed,0,200000,
earnings:6120,League of Legends,2013,unavailable,missing_or_ambiguous_country_heading,sqlite_pipeline/html/6120.html,449d231d3d185bd791aa0109162d497b8d1acc83b9230903a26b330e30ee378b,0,638081,
earnings:6121,League of Legends,2013,unavailable,missing_or_ambiguous_country_heading,sqlite_pipeline/html/6121.html,38e8a30e422d909651a28bf9d9a2bae15efa5ac88ecb84999c6c029706f93574,0,638081,
earnings:6122,League of Legends,2013,total_mismatch,,sqlite_pipeline/html/6122.html,2858045b850f0184e0dc465144e1058e6bc2c5fc54c9abeea56b17a2a060e55e,2,2897622,2414685.0
earnings:6123,League of Legends,2013,total_mismatch,,sqlite_pipeline/html/6123.html,668874826602cd05b85827fbd79fbd0efd2ae728f4a0fd0ea485262de133a782,1,300000,25000.0
earnings:6128,League of Legends,2013,total_mismatch,,sqlite_pipeline/html/6128.html,003d2be1e423e31d5010084cc111820f6cef378783824a5d7d1a4cfe5ce9ddba,2,925920,839501.0
earnings:6129,League of Legends,2013,unavailable,missing_or_ambiguous_country_heading,sqlite_pipeline/html/6129.html,780f3c2ad5e523bc1213bb7de304eadaef0f7a2c7697cd8be58bd046448ba98c,0,229987,
earnings:6130,League of Legends,2013,unavailable,missing_or_ambiguous_country_heading,sqlite_pipeline/html/6130.html,4cd16f303038ffb7fc7b19fc416895ce70bdc83619e8000cb770352504848d29,0,1119627,
earnings:6131,League of Legends,2013,unavailable,missing_or_ambiguous_country_heading,sqlite_pipeline/html/6131.html,b66c628678e7851fda6be4c4658d2e582190999002092e883c682ead5a188dc6,0,175000,
earnings:6135,League of Legends,2013,unavailable,missing_or_ambiguous_country_heading,sqlite_pipeline/html/6135.html,290ebd067be8753abf1650d1066fe69e54a803f76f0e23aa2fadba7f88168c41,0,544040,
earnings:6136,League of Legends,2013,unavailable,missing_or_ambiguous_country_heading,sqlite_pipeline/html/6136.html,5aab54bee592155e25dd663dc0bdfc99e0dd8e0802152a425d1b36f5391c4b47,0,100000,
earnings:6141,League of Legends,2013,unavailable,missing_or_ambiguous_country_heading,sqlite_pipeline/html/6141.html,837a7fddd1d4b8cb08e5a6369acb3d5680d5714a4ff8a243da0703102a58bcc3,0,1000000,
earnings:6143,League of Legends,2013,unavailable,missing_or_ambiguous_country_heading,sqlite_pipeline/html/6143.html,4922ff1febb845944979a88f0049cb6e6b691e33c365924f175ccf3e3816b753,0,200000,
earnings:6151,League of Legends,2014,unavailable,missing_or_ambiguous_country_heading,sqlite_pipeline/html/6151.html,c743428abff293959a77a28e340cdf273e640ab7b40595e47eb98be12e940b48,0,48470,
earnings:6186,League of Legends,2014,total_mismatch,,sqlite_pipeline/html/6186.html,0fd30da63a9fcad152e9ee90546bf911132401b282c58db90376d025a90f31a5,1,638081,319040.0
earnings:6196,League of Legends,2013,unavailable,missing_or_ambiguous_country_heading,sqlite_pipeline/html/6196.html,6c9868bbe74946dd9de2ce28bcc6c4adecbc21b12b4f1213ab4171353bfa7030,0,536589,
earnings:6197,League of Legends,2013,unavailable,missing_or_ambiguous_country_heading,sqlite_pipeline/html/6197.html,e935330fe33da10bea08c12901e9c341b36087936ae39f0e085f67016c2495ab,0,948316,
earnings:6198,League of Legends,2013,unavailable,missing_or_ambiguous_country_heading,sqlite_pipeline/html/6198.html,4a99d7173be6b09b7d02e95510651da519e174e06ade78f16ed3bf57b38c8584,0,304210,
earnings:6221,League of Legends,2012,unavailable,missing_or_ambiguous_country_heading,sqlite_pipeline/html/6221.html,676d67cee080c5d9a02d14eb02b49e98dabdd046b3da85a4f20c59ca49c7a0b2,0,290135,
earnings:6225,League of Legends,2014,unavailable,missing_or_ambiguous_country_heading,sqlite_pipeline/html/6225.html,190e6f293bc24d873d051834e0e3e3a3c089613e90a93f719c3a632e2999e689,0,34050,
earnings:62310,League of Legends,2018,total_mismatch,,sqlite_pipeline/html/62310.html,d986c6d9a8f5383032643365933fdac9d1c31af924a0e5cb8edcd506d9fba90b,5,34050,22700.0
earnings:62312,League of Legends,2023,total_mismatch,,sqlite_pipeline/html/62312.html,1d77c3d245384f52a9c76998e45edae50d0ebe17f9546379270fea639746207f,2,1234320,905168.0
earnings:6246,League of Legends,2014,total_mismatch,,sqlite_pipeline/html/6246.html,18a9692193219d6fe2eba74be731cc4f7923c8b92076c0a0e051b56fbcd12218,1,3011506,1505753.0
earnings:6253,League of Legends,2012,total_mismatch,,sqlite_pipeline/html/6253.html,d89e28a6d8058ded365113de33f5e0e902ac6d7500f14c92bb072e7f44ed2f81,1,368966,240630.0
earnings:6260,League of Legends,2012,unavailable,missing_or_ambiguous_country_heading,sqlite_pipeline/html/6260.html,56cbd63d3cd8a76fbd6a7c53b7e6318c5392815eee9a300fb5076c90752f09a4,0,79167,
earnings:6262,League of Legends,2013,unavailable,missing_or_ambiguous_country_heading,sqlite_pipeline/html/6262.html,7e4de66bb59dbfe2ca8f22fe53e45e3a8205f36c5672ab987473ee0de5161383,0,1769377,
earnings:6263,League of Legends,2013,unavailable,missing_or_ambiguous_country_heading,sqlite_pipeline/html/6263.html,85b536a833ec0c3d06184b29f6eb3c8e29db2fd974d195bdd40e1f4c1ce958bf,0,1000000,
earnings:6264,League of Legends,2013,total_mismatch,,sqlite_pipeline/html/6264.html,b3295a2eff02e7d768a91b05ca59eb497b83e068abd191f61c41c8970825ec18,1,1000000,900000.0
earnings:6265,League of Legends,2013,unavailable,missing_or_ambiguous_country_heading,sqlite_pipeline/html/6265.html,a9941740b88ac7d70d26bc5f36ea5fdfbeef578583560588fcca09207cc7b0c0,0,1000000,
earnings:6267,League of Legends,2013,total_mismatch,,sqlite_pipeline/html/6267.html,ae1c425c2b31b0de659fd912274e0ecdd4e37a71f20abb5a763bda96d9fc5d6a,3,1000000,800000.0
earnings:6295,League of Legends,2014,unavailable,missing_or_ambiguous_country_heading,sqlite_pipeline/html/6295.html,bbacd3546f4f8ac3e3d14fb512e479732b9fe358c138952f42f8e04d9067a2e6,0,81721,
earnings:6296,League of Legends,2014,unavailable,missing_or_ambiguous_country_heading,sqlite_pipeline/html/6296.html,94ed0aa82913dcf9eec3a9e313b8c0449058930abb70cdec447ce85683a48138,0,81721,
earnings:6297,League of Legends,2014,unavailable,missing_or_ambiguous_country_heading,sqlite_pipeline/html/6297.html,db5a6366977a01883bf1941477e2d364636d50da238e75b83f402e8afcefd381,0,81721,
earnings:6298,League of Legends,2014,unavailable,missing_or_ambiguous_country_heading,sqlite_pipeline/html/6298.html,0a01e897652d872042cf8e41df97141b710fa4e0f0f7af928bee7fbbab5eb57e,0,81721,
earnings:6310,League of Legends,2014,unavailable,missing_or_ambiguous_country_heading,sqlite_pipeline/html/6310.html,12135de848eab924a76a8f52f46bf543616273c03eff82eab069f65f320f2513,0,34050,
earnings:63161,League of Legends,2023,total_mismatch,,sqlite_pipeline/html/63161.html,78e38b8fda2b7bd7d335a80d54ca8421bacea923b6b38f075697e789fd380513,9,1099650,1099653.0
earnings:63162,League of Legends,2023,total_mismatch,,sqlite_pipeline/html/63162.html,e9bb9cdbd10ab04b5a6e79c707c5e8750ee3ae64966a548000788a66e3ba5930,13,1099650,1099655.0
earnings:63163,League of Legends,2023,total_mismatch,,sqlite_pipeline/html/63163.html,2dafc262865aff49f533d7851e86b4a032a314762166d53ad7476f860615ba91,12,1099650,1099653.0
earnings:63297,League of Legends,2023,total_mismatch,,sqlite_pipeline/html/63297.html,0e33f0a363a62b1d9042565b4a480f514dcac50f823fb30111f22159cd5f8ab3,13,1090850,1090853.0
earnings:63299,League of Legends,2023,total_mismatch,,sqlite_pipeline/html/63299.html,3a3024538b477a25f9ebeb9da879bdb16c49ba735387ecc20d4085cd5ff8772c,15,1091010,1091014.0
earnings:63302,League of Legends,2023,total_mismatch,,sqlite_pipeline/html/63302.html,2577f77f9b7cca844f2eb4d12c8822c597229dcb030f3a962c1778225dddd0cc,9,1099650,1099653.0
earnings:6331,League of Legends,2013,unavailable,missing_or_ambiguous_country_heading,sqlite_pipeline/html/6331.html,ed4beaf2d5fd4a8101c186640df6c6c6765db95d9b694ae0c210f67bb0e2a2cf,0,111691,
earnings:6332,League of Legends,2013,unavailable,missing_or_ambiguous_country_heading,sqlite_pipeline/html/6332.html,4a7b9ba31fdd2177124891b8209af750dd5b608a172c6a3f7b9db209c101c9b9,0,111691,
earnings:63331,League of Legends,2023,total_mismatch,,sqlite_pipeline/html/63331.html,91b9c692f39c80711d99bae15ae9dd1ae56f322ba0cbac671bcbeea5f7a4b1ae,3,109000,65400.0
earnings:6363,League of Legends,2014,unavailable,missing_or_ambiguous_country_heading,sqlite_pipeline/html/6363.html,1ca8916ebc175d0617a4b52ec0cf6f3de75708972bc5805ff5fd877b74354655,0,81721,
earnings:6370,League of Legends,2014,total_mismatch,,sqlite_pipeline/html/6370.html,f1de919e73ec8be0f37ac4e4d67d2ea553f7d17c8ec85633f28069b4b4a282e1,1,676100,540880.0
earnings:63924,League of Legends,2023,total_mismatch,,sqlite_pipeline/html/63924.html,12b9b2dd1b3a326d83ab169ce506adcee2aa42e1f00a92164691013d4093a1b7,15,17284320,17284324.0
earnings:63960,League of Legends,2023,total_mismatch,,sqlite_pipeline/html/63960.html,a75f74124fd8f55518cccf139b513f0a91e77339320c45c6453d0ca99d427304,26,16204050,16204053.0
earnings:63972,League of Legends,2023,total_mismatch,,sqlite_pipeline/html/63972.html,b6ee85a694bbbcf41f6ad45e79708a88fa3120265966d4417a10d9c6f2dea96c,3,375471,335421.0
earnings:64004,League of Legends,2023,unavailable,missing_or_ambiguous_country_heading,sqlite_pipeline/html/64004.html,b38ae4c8651c32be60ac283a9a9ae504a13cc49974dc18f7c2710ad6a8ff5fc8,0,817000,
earnings:6403,League of Legends,2014,unavailable,missing_or_ambiguous_country_heading,sqlite_pipeline/html/6403.html,35534cc2874de507b1ef2893ff5ff57109084be157902cfe57012bd694253f7a,0,324614,
earnings:64044,League of Legends,2023,total_mismatch,,sqlite_pipeline/html/64044.html,7599e1a1c4fd2750ca43caa69f887fefcbf7cb96a19e599e7166f3ba49749de1,2,80616,32246.0
earnings:6415,League of Legends,2012,unavailable,missing_or_ambiguous_country_heading,sqlite_pipeline/html/6415.html,7ef7b526d5f1b0f73aba4647717b0595cf8ee3cbc4a28b93c55be0a25ebdfd09,0,50000,
earnings:6423,League of Legends,2014,unavailable,missing_or_ambiguous_country_heading,sqlite_pipeline/html/6423.html,3a7d727095c5fee996616ba61898c9b660f1bcabee6e46011d7ba13b46891553,0,34050,
earnings:6462,League of Legends,2012,unavailable,missing_or_ambiguous_country_heading,sqlite_pipeline/html/6462.html,cf5d4a04aafe1d4460422e3e6d300ad6919b34d22ccd39096eca6fca6d0d27dd,0,50000,
earnings:6465,League of Legends,2012,unavailable,missing_or_ambiguous_country_heading,sqlite_pipeline/html/6465.html,2f4e451e66dc8516f437d58e21dca718727f9a5ac26681de708d2eae62a4031a,0,50000,
earnings:6468,League of Legends,2012,unavailable,missing_or_ambiguous_country_heading,sqlite_pipeline/html/6468.html,0c311c3197cc0366fdf2e465617e0ee7c6b702781eef0f2fa4f7955612ee2d49,0,50000,
earnings:64714,League of Legends,2023,total_mismatch,,sqlite_pipeline/html/64714.html,5b80f8f564f0e76b8f5c77ad599191067dc09f77e42fc5fcbd8839ee441f4a6f,2,1000000,700000.0
earnings:6485,League of Legends,2012,unavailable,missing_or_ambiguous_country_heading,sqlite_pipeline/html/6485.html,2e37512e05deeca5aae17fa478c00bdd11341b6271250e693a2e096d0f6fd51f,0,50000,
earnings:6493,League of Legends,2014,total_mismatch,,sqlite_pipeline/html/6493.html,26ba1be2414aefe84d9941221cead8032f9d7e3c309cb9b9cb0382a333c4e93a,2,628040,546544.0
earnings:6495,League of Legends,2013,unavailable,missing_or_ambiguous_country_heading,sqlite_pipeline/html/6495.html,52fd0e85dfad4765542a30c4ef9c38c904c78d8f5a219b67713be511977ef780,0,50000,
earnings:65001,League of Legends,2023,total_mismatch,,sqlite_pipeline/html/65001.html,c34637eb0b794fc598e7db526bb6172ae1e449edfbd71dae648eed5783818bdf,9,1057190,845752.0
earnings:6517,League of Legends,2014,unavailable,missing_or_ambiguous_country_heading,sqlite_pipeline/html/6517.html,054a06b03a7a891461f20a2cc8ce4d396e1e2dd9bfeefc4e74a99249411cd0a9,0,25000,
earnings:65235,League of Legends,2023,total_mismatch,,sqlite_pipeline/html/65235.html,6f67148448b1f0d038628385c025bb0bd12feb0f7331e96765af8a904718036a,1,1794000,897000.0
earnings:6526,League of Legends,2014,unavailable,missing_or_ambiguous_country_heading,sqlite_pipeline/html/6526.html,d7ce473348375fb24901e99947b0413d4d416cee1b0c49da40340c5c35e462be,0,180600,
earnings:65310,League of Legends,2023,total_mismatch,,sqlite_pipeline/html/65310.html,5e069117112ff97e165d385fd9ab5a3253b785652ee066cf090e2ccdf71ff742,4,4800000,4200001.0
earnings:65311,League of Legends,2023,total_mismatch,,sqlite_pipeline/html/65311.html,e14b533a3bb65a73bd43fe2210de1aed92c033d57b6f0977cceae16dd965394c,5,4800000,3600000.0
earnings:65313,League of Legends,2020,total_mismatch,,sqlite_pipeline/html/65313.html,2df4403ad1f06512cfab771e277e9aac1afdc5e2ebae33ec037ddcb5f563aff7,2,800000,455000.0
earnings:65314,League of Legends,2020,total_mismatch,,sqlite_pipeline/html/65314.html,40c7b013e8aa5c165939b3912de59b9d43eea17984f9d2a055c1b2c70fc4fd51,5,800000,465000.0
earnings:65315,League of Legends,2021,total_mismatch,,sqlite_pipeline/html/65315.html,a3aa1f1ccfae594114497a5efe55722b2a855d22e6ef5268ed271e57b94e8e59,5,2903390,1048174.0
earnings:65316,League of Legends,2021,total_mismatch,,sqlite_pipeline/html/65316.html,a7807ae799af9f65192237bf71d81d01f2f1704e1e61cf88a6cdc3d9a6e793ab,5,2967110,1639454.0
earnings:65381,League of Legends,2023,total_mismatch,,sqlite_pipeline/html/65381.html,618dae92ad90b85e7e37b53fa52c8ae32e655ecd0a4bbc6a2a36e1da9fdbb553,7,2226172,2093597.0
earnings:65545,League of Legends,2023,total_mismatch,,sqlite_pipeline/html/65545.html,59951ef1b84240eb61fff325fd7b103e4b08817cb88aadb2c9497baa1cbd75d8,2,1191360,873664.0
earnings:6581,League of Legends,2014,unavailable,missing_or_ambiguous_country_heading,sqlite_pipeline/html/6581.html,f2af23135703ffbbede104cab1076dcb63a403c248c0e020c38408048124bf2c,0,201413,
earnings:6583,League of Legends,2014,total_mismatch,,sqlite_pipeline/html/6583.html,1b04fa4df121e5e5ce635796e5846e9e3da93ed362cf6706d7e8687c10453ddc,5,2000000,1750000.0
earnings:66024,League of Legends,2023,total_mismatch,,sqlite_pipeline/html/66024.html,8c7f8ee0fe9ddb0dc91c994fab48f5cf18bcf8fbbbb77b3c62f8768b060d068a,4,1091200,982080.0
earnings:6605,League of Legends,2014,total_mismatch,,sqlite_pipeline/html/6605.html,18da0ec448fe21c9ea370447336cdfd7ea5db01eeadb115b6aaa85504633dbcb,1,1943020,1709858.0
earnings:6608,League of Legends,2012,total_mismatch,,sqlite_pipeline/html/6608.html,482ce5e7645bc2bbd9c648f523c2349820e58ceb6334c59fb8fac2b16a7625ee,1,100000,50000.0
earnings:6609,League of Legends,2012,unavailable,missing_or_ambiguous_country_heading,sqlite_pipeline/html/6609.html,b2e1838c10111834b1b54acf792cd96e3b710e4e321c329b9b489414858e05a2,0,1209106,
earnings:66155,League of Legends,2023,total_mismatch,,sqlite_pipeline/html/66155.html,94bace31ddb55c151a6b81ed547d3ade7b61440cb8d57080f99408057fb20615,2,716750,544730.0
earnings:6625,League of Legends,2012,unavailable,missing_or_ambiguous_country_heading,sqlite_pipeline/html/6625.html,07197526cf30d04cd591b381fde9a1c9beeb736b553762359b47a8ea23dba49d,0,87500,
earnings:6635,League of Legends,2012,unavailable,missing_or_ambiguous_country_heading,sqlite_pipeline/html/6635.html,9c94a59c139e94112c5a652b990fa1633dba8abc8a2ee86d9d060c2898e8387b,0,300000,
earnings:66965,League of Legends,2024,unavailable,missing_or_ambiguous_country_heading,sqlite_pipeline/html/66965.html,234d25d772e0a6e96137cd7bf00d707feedd278ac1961f4aebc6ea50f774bdf2,0,269466,
earnings:6722,League of Legends,2014,unavailable,missing_or_ambiguous_country_heading,sqlite_pipeline/html/6722.html,28fe61197e750ed79d464fded70c7c03d1779cb27c55e51b84cb77f704e0adea,0,516092,
earnings:6724,League of Legends,2014,unavailable,missing_or_ambiguous_country_heading,sqlite_pipeline/html/6724.html,2401ecf30774f6def73a114a4f06415ded173a829b44f8c7548b9514fe2b9ffe,0,195280,
earnings:6747,League of Legends,2014,unavailable,missing_or_ambiguous_country_heading,sqlite_pipeline/html/6747.html,2115ec50485b2cd58c8a8746f50b4638c8bac98653c91d3d9e671a0588f09324,0,34050,
earnings:6748,League of Legends,2014,unavailable,missing_or_ambiguous_country_heading,sqlite_pipeline/html/6748.html,5cab9dcc5c2de31f823ace877efa91e242067c6d4ef17e30403139239683e9a6,0,34050,
earnings:67532,League of Legends,2024,total_mismatch,,sqlite_pipeline/html/67532.html,e7e2474ab473b138f18e135d856398e1987d06681e92ac6ed79d68ec6fe81739,4,1087286,978558.0
earnings:67533,League of Legends,2024,total_mismatch,,sqlite_pipeline/html/67533.html,f630382ca4d82cb208551d4b08ee24e18f0987ac061f347af8c875b200d349fc,1,225000,150000.0
earnings:67534,League of Legends,2024,total_mismatch,,sqlite_pipeline/html/67534.html,a3ee38db1bd645dbca18f0a9221f9ab6bf10d12a56fd2ceb5720445b75f811be,1,225000,150000.0
earnings:67535,League of Legends,2024,total_mismatch,,sqlite_pipeline/html/67535.html,d22f22436b5b3566ceb79d2067203303d8a046d3699f28b27e562e5c7c0b9f20,12,1078570,1078567.0
earnings:6760,League of Legends,2014,total_mismatch,,sqlite_pipeline/html/6760.html,7d56da5789aa7f8388a7ee8e14dbea157259dceb9fd8f4f94c99e7934e92fd28,2,1240556,372167.0
earnings:6768,League of Legends,2014,unavailable,missing_or_ambiguous_country_heading,sqlite_pipeline/html/6768.html,fd9f17c2370beaa8192171bef56cff99a1bd081bee840933f44c22dbc84d9d52,0,50000,
earnings:6772,League of Legends,2012,unavailable,missing_or_ambiguous_country_heading,sqlite_pipeline/html/6772.html,7ccc4d19b0dc533ea74dcf1b8f5a3a50f75ecdbd9e9e45c4b07f94aa93c72944,0,24798,
earnings:6778,League of Legends,2012,unavailable,missing_or_ambiguous_country_heading,sqlite_pipeline/html/6778.html,5207c76ab62e23ac15db9db2680da32ebe3cabb96aab033e543ae90e76bf9dcf,0,25737,
earnings:6811,League of Legends,2013,unavailable,missing_or_ambiguous_country_heading,sqlite_pipeline/html/6811.html,0306fd83124f474a2e89d94f30e302ab21290e138fae79749c504cddd14080a2,0,38933,
earnings:6812,League of Legends,2013,unavailable,missing_or_ambiguous_country_heading,sqlite_pipeline/html/6812.html,23c2d430dfe040a0a225958a1a0715544de539e828f0c7d205f3530c69cb4ab5,0,50000,
earnings:6819,League of Legends,2013,unavailable,missing_or_ambiguous_country_heading,sqlite_pipeline/html/6819.html,92770872c54a53f46b2c78d7270c17be8246b803f951e709cd056f45dffb2c79,0,50000,
earnings:6820,League of Legends,2014,unavailable,missing_or_ambiguous_country_heading,sqlite_pipeline/html/6820.html,3a91c96ede9360803f45cbb794a1b8deb070db333b66d426e8fbfa84d2bfdbb0,0,50000,
earnings:6821,League of Legends,2014,unavailable,missing_or_ambiguous_country_heading,sqlite_pipeline/html/6821.html,2da6d4bbb5f5b4840aea12fb7fd8cce7e10da35f466fdfeead91cf0be9209846,0,50000,
earnings:6822,League of Legends,2014,unavailable,missing_or_ambiguous_country_heading,sqlite_pipeline/html/6822.html,36a00df31c8028d9ff312b4d280f3923125440f4740c2e1cc40a4a24af28a046,0,50000,
earnings:6825,League of Legends,2014,unavailable,missing_or_ambiguous_country_heading,sqlite_pipeline/html/6825.html,55ef377d6e0313bee2808fcadd8eb2102d5a09ff75714bb0723d059115d16c4a,0,50000,
earnings:6840,League of Legends,2014,unavailable,missing_or_ambiguous_country_heading,sqlite_pipeline/html/6840.html,d0331eaf36c494c82c9073035b0803e3a612af2639956fcaa5e3d8815ab39589,0,34050,
earnings:68553,League of Legends,2024,total_mismatch,,sqlite_pipeline/html/68553.html,9a37dae421afb4e694e675d273171ac8f5054846982aa0df888edc926ee86b13,3,1161180,851531.0
earnings:69551,League of Legends,2015,unavailable,missing_or_ambiguous_country_heading,sqlite_pipeline/html/69551.html,d94845349f57c8c10d79a957453780b62891830e96105e352d1fddc016f4b4d3,0,2787336,
earnings:69737,League of Legends,2024,total_mismatch,,sqlite_pipeline/html/69737.html,665e861e8ab77a9ac51346ba03224721bbbd151aebb0773413525fce1a06507c,23,16187400,16187403.0
earnings:6974,League of Legends,2013,total_mismatch,,sqlite_pipeline/html/6974.html,4dbd0e78a2da06bbcc76a5eef639ae2db42410081af65b90bde0b5570c3f87a7,1,300000,200000.0
earnings:7033,League of Legends,2014,total_mismatch,,sqlite_pipeline/html/7033.html,9f50b47a92384222f6c1c29a76bbf5ab3dba46d8532a909fd0945acf40a7044f,5,699455,621737.0
earnings:7038,League of Legends,2014,unavailable,missing_or_ambiguous_country_heading,sqlite_pipeline/html/7038.html,e680d07a645e8df18cd33c6a9522e7aa82fdc2e713781667c1934ef441be2d14,0,300000,
earnings:7039,League of Legends,2014,unavailable,missing_or_ambiguous_country_heading,sqlite_pipeline/html/7039.html,eade28f0bbcd0ea70955c22cf62b7255330284876424dd250cfcc69bff0ec632,0,300000,
earnings:7040,League of Legends,2014,unavailable,missing_or_ambiguous_country_heading,sqlite_pipeline/html/7040.html,1143e6d9cd324ecf1eb36836713124f1fd2f637d0099a99412b2b898569dd088,0,300000,
earnings:7041,League of Legends,2014,unavailable,missing_or_ambiguous_country_heading,sqlite_pipeline/html/7041.html,f362cd5163e8dca43cce3686caebcaeb2c6e98a7f5d012657c0d6ca8a344c5ad,0,300000,
earnings:7042,League of Legends,2014,unavailable,missing_or_ambiguous_country_heading,sqlite_pipeline/html/7042.html,cc62a40c6af7ede84de7e70f7a00f07dd2e574d19e7c08d1cef26c91f18f2e6e,0,34050,
earnings:7043,League of Legends,2014,unavailable,missing_or_ambiguous_country_heading,sqlite_pipeline/html/7043.html,525b9a6e7a6b69eccfa21bd679fa0eae6cff317d8dfa714cac29dbcfb57aa71f,0,34050,
earnings:7049,League of Legends,2013,unavailable,missing_or_ambiguous_country_heading,sqlite_pipeline/html/7049.html,57d3f4bf9e15eff78cd18fac1636535cfdef7e8e05a0e77dc1395c3c0c7290f5,0,40930,
earnings:7072,League of Legends,2014,unavailable,missing_or_ambiguous_country_heading,sqlite_pipeline/html/7072.html,bcd422714a860b71d043a28cb41ebb9f8935d44e9f67b1456d6a0cc1c24d0bc9,0,431896,
earnings:7073,League of Legends,2014,unavailable,missing_or_ambiguous_country_heading,sqlite_pipeline/html/7073.html,c801e988139cf60b3a16c5ab94f1f0ac474c7a62762da3a1cd41f279ef4f8bb7,0,412822,
earnings:7079,League of Legends,2014,unavailable,missing_or_ambiguous_country_heading,sqlite_pipeline/html/7079.html,9de371db8b0568e0ca21ede69f5d3518a686494e6ef45e16f7eb140aefd1d7f2,0,291552,
earnings:70950,League of Legends,2024,total_mismatch,,sqlite_pipeline/html/70950.html,3328fbaf5777bcbd4028d92a2279904a39a9749165b3218322b2e488efa18eeb,14,2108920,2108923.0
earnings:71002,League of Legends,2023,total_mismatch,,sqlite_pipeline/html/71002.html,7fdc2517a9f36bd042517153fe1fd4667c424f69fb5e5662c40b46e60b7d8ea1,4,500000,375000.0
earnings:71199,League of Legends,2024,total_mismatch,,sqlite_pipeline/html/71199.html,6df30eb5ad32af4756f06d9b5327973bc1635e1f4e6e08f5a615bd05b05e5e08,2,216000,201600.0
earnings:71201,League of Legends,2024,total_mismatch,,sqlite_pipeline/html/71201.html,5bc9c7efb5cbc18e61c8f5d842fe1c8681c3be158f09d3e03d7a132a316abe38,2,225000,195000.0
earnings:7189,League of Legends,2014,total_mismatch,,sqlite_pipeline/html/7189.html,2e5883ff62fc58511c0a86b14a542257a35e0de413f0a35c607b50e500f376df,1,640097,336051.0
earnings:7190,League of Legends,2014,total_mismatch,,sqlite_pipeline/html/7190.html,3cf78ca4d02301f1b89fbbbe48e7f2d6b22776c3376b990be3620002c3720648,2,625488,234558.0
earnings:7226,League of Legends,2014,total_mismatch,,sqlite_pipeline/html/7226.html,4e87284dac2435510626029352fbc03e064655a1a807c42cedac0938c2c1a7d4,1,826091,332089.0
earnings:7228,League of Legends,2014,unavailable,missing_or_ambiguous_country_heading,sqlite_pipeline/html/7228.html,b7494c5b81518206bb0a76a112f1f8e0b57a26acd4017f57fc1fe875b95cb246,0,330960,
earnings:7246,League of Legends,2014,unavailable,missing_or_ambiguous_country_heading,sqlite_pipeline/html/7246.html,44d2c51f07ef283b58ded910b21e444d948d867157bed97a88b878a091d4c6ad,0,100000,
earnings:7247,League of Legends,2014,unavailable,missing_or_ambiguous_country_heading,sqlite_pipeline/html/7247.html,0bd0360b952418f59f72837374a1845a8b8bca535d74388b5a128dc3fb5ad1ed,0,100000,
earnings:7248,League of Legends,2014,total_mismatch,,sqlite_pipeline/html/7248.html,f20150e525804638622380c2b1d0d3656af0f46a85bc46defd69cf93dd5e2e32,5,1290000,1150000.0
earnings:7274,League of Legends,2013,total_mismatch,,sqlite_pipeline/html/7274.html,49ce48c2071a845d754881acd3aeb3f42b0129811f261b4bcc7293bd3601093f,1,600400,400267.0
earnings:7340,League of Legends,2014,unavailable,missing_or_ambiguous_country_heading,sqlite_pipeline/html/7340.html,c3e9485d1f43fbd453c9eecd6a552cbbcb6d73021c130dd42828187caee042cd,0,39764,
earnings:7341,League of Legends,2014,unavailable,missing_or_ambiguous_country_heading,sqlite_pipeline/html/7341.html,b186a3790ed7421fb34dba5745143a530ac27d8ea069178bb9c3038e7f5b3457,0,39764,
earnings:7343,League of Legends,2014,unavailable,missing_or_ambiguous_country_heading,sqlite_pipeline/html/7343.html,2285140911d428f69edce57d665df90bb364f8a4143d975f4d95a6be224ffb53,0,1431000,
earnings:7353,League of Legends,2014,unavailable,missing_or_ambiguous_country_heading,sqlite_pipeline/html/7353.html,a58fec73d1df1558f259921fe83e14194dea8525f9103c48ced4bc9920724e9c,0,75708,
earnings:7354,League of Legends,2014,unavailable,missing_or_ambiguous_country_heading,sqlite_pipeline/html/7354.html,0287f447416962590825b379658e1092c65fcac6353f5855969ec8429805a6ea,0,75708,
earnings:7355,League of Legends,2014,unavailable,missing_or_ambiguous_country_heading,sqlite_pipeline/html/7355.html,bcf1a2d07cabbabb171823f4a953aeda7e890e014896f1968d6b47ee38bb154b,0,75708,
earnings:7371,League of Legends,2014,unavailable,missing_or_ambiguous_country_heading,sqlite_pipeline/html/7371.html,40176269a3b48d208257e4e8401aa2fb88477a45c999f508f03fd5e6241d8b50,0,766050,
earnings:7391,League of Legends,2014,total_mismatch,,sqlite_pipeline/html/7391.html,15bf3db62f12797e652d6c3496970d96d1ca7088421ad816e3c21761cdf741f3,4,483775,356234.0
earnings:7400,League of Legends,2014,unavailable,missing_or_ambiguous_country_heading,sqlite_pipeline/html/7400.html,274c690c8ffbeaa954b9a0074a80bd8afd916102cc69ccc53233f9ea6e5bc908,0,75708,
earnings:7437,League of Legends,2014,unavailable,missing_or_ambiguous_country_heading,sqlite_pipeline/html/7437.html,17407980e3421fa9b9d4b6dc683f834eff5f43cd73b0cfee192f7e2fc3e4aff0,0,0,
earnings:7438,League of Legends,2014,total_mismatch,,sqlite_pipeline/html/7438.html,92ed1f3752633c7575e6cc7cbf49c3150a793951d265d0fd42cb27d633629614,2,1848720,1695687.0
earnings:7439,League of Legends,2012,unavailable,missing_or_ambiguous_country_heading,sqlite_pipeline/html/7439.html,7285d2c0070b394ceafe6fbfc0d78678b7b785f03921ae2630688941a34ea9b0,0,287770,
earnings:7440,League of Legends,2014,total_mismatch,,sqlite_pipeline/html/7440.html,c0cfeb8dc0b70555bff3f5668b20f1b5d06d182fa8be334f6309c9e71d202663,1,634238,570814.0
earnings:7509,League of Legends,2014,unavailable,missing_or_ambiguous_country_heading,sqlite_pipeline/html/7509.html,511f93cac0d023b5ffad0b717e3fd8a7691bc063b3f9c710de7222165a0f0eff,0,75708,
earnings:7523,League of Legends,2014,unavailable,missing_or_ambiguous_country_heading,sqlite_pipeline/html/7523.html,55e22dc6472728286045cd725b415f49343dd869600da052e2efc927b3963d90,0,300000,
earnings:7524,League of Legends,2014,unavailable,missing_or_ambiguous_country_heading,sqlite_pipeline/html/7524.html,99d6c3bb360eaa80c10e203ade38b02bb4c9c6d9e64aee303bfe068399e36ffe,0,300000,
earnings:7525,League of Legends,2014,unavailable,missing_or_ambiguous_country_heading,sqlite_pipeline/html/7525.html,27eea7de99fbe3f116d9285bcce73920edbd1ad788358730845d921a6f2f6543,0,300000,
earnings:7526,League of Legends,2014,unavailable,missing_or_ambiguous_country_heading,sqlite_pipeline/html/7526.html,fdb45e5ae2a00082d501d14a07f16941d58882af06950475ef792cfb3eeedf0f,0,300000,
earnings:7527,League of Legends,2014,unavailable,missing_or_ambiguous_country_heading,sqlite_pipeline/html/7527.html,a49ed18eca10477ef53bf43a66311d94bbc05afd517d403924426c6c06b7a55f,0,300000,
earnings:7528,League of Legends,2014,unavailable,missing_or_ambiguous_country_heading,sqlite_pipeline/html/7528.html,fdd7047a67e55d51b58a455826d859d6c38d0f23514e3930242f6943b6ca843d,0,300000,
earnings:7529,League of Legends,2014,unavailable,missing_or_ambiguous_country_heading,sqlite_pipeline/html/7529.html,80316841de9e12708dae4292dc44361e591acdad09b268662e7ad6b0ea4b6bb8,0,300000,
earnings:7530,League of Legends,2014,unavailable,missing_or_ambiguous_country_heading,sqlite_pipeline/html/7530.html,3330fe6fe967179034fea4022ab8618353b65171e6a5e93aa8ce1af353cfb51d,0,300000,
earnings:7531,League of Legends,2014,unavailable,missing_or_ambiguous_country_heading,sqlite_pipeline/html/7531.html,b5927b18a704362099f5c707e42183215383d6d2e41cc9a5312b2f2d465d80bb,0,300000,
earnings:7532,League of Legends,2014,unavailable,missing_or_ambiguous_country_heading,sqlite_pipeline/html/7532.html,98f690441c4eb4b69a36ca13c4ef69d321830b93b2d4d8fe6aa917dc2d9fae74,0,300000,
earnings:7533,League of Legends,2014,unavailable,missing_or_ambiguous_country_heading,sqlite_pipeline/html/7533.html,ed55e68f208aedc43209ae4f589b401ac014c057c31aecacadef115296feff89,0,300000,
earnings:7534,League of Legends,2014,unavailable,missing_or_ambiguous_country_heading,sqlite_pipeline/html/7534.html,24882e2620c99aa58d1fe6d831dd7154ecba3bbf9d4c4c2bdc2113784f1ca3ee,0,300000,
earnings:7726,League of Legends,2014,total_mismatch,,sqlite_pipeline/html/7726.html,79cac0cad53c6a855030b41ab6e481aa3227eb0df6757a0cf7fd766876c66f82,4,1500000,1350000.0
earnings:7926,League of Legends,2014,unavailable,missing_or_ambiguous_country_heading,sqlite_pipeline/html/7926.html,35af182e752e3c8888205043eba7b9ac13ad1834660677b0760c13d86ab9f242,0,1002200,
earnings:7995,League of Legends,2014,unavailable,missing_or_ambiguous_country_heading,sqlite_pipeline/html/7995.html,b8d1f04cedfa78ab328b4ff8b66a56d202ca59a87a910e6b51207f8d16cb7cf3,0,641490,
earnings:8015,League of Legends,2013,unavailable,missing_or_ambiguous_country_heading,sqlite_pipeline/html/8015.html,ed78c5ced16171901a10d7535b8fc20e41658232a1f0f4e970be1ce6c85d1f24,0,35000,
earnings:8019,League of Legends,2014,unavailable,missing_or_ambiguous_country_heading,sqlite_pipeline/html/8019.html,6e8edfbccaa2a756c738af277b03a81954bbc51b062703c56c441e999691e4d4,0,35000,
earnings:8042,League of Legends,2014,unavailable,missing_or_ambiguous_country_heading,sqlite_pipeline/html/8042.html,35da3251f29c67550678edd67d0a508e8256998fade66788d1b9b452f84a06d8,0,150322,
earnings:8043,League of Legends,2014,unavailable,missing_or_ambiguous_country_heading,sqlite_pipeline/html/8043.html,0be13ea5ecd518a8ca8a3ce5ebefa39b0f5a52650b6c716ca5c1d1d3d29aca24,0,125268,
earnings:8047,League of Legends,2014,unavailable,missing_or_ambiguous_country_heading,sqlite_pipeline/html/8047.html,e35c13cb24d9a41f3c15eab18a6a842faac1d3f23f8351413fc6a88bbd8dc7ee,0,2889450,
earnings:8111,League of Legends,2014,total_mismatch,,sqlite_pipeline/html/8111.html,31354e681a520cf78e9cb0ec736961ac4443605a5c09aefebd7606f27910e01c,1,784870,430109.0
earnings:8112,League of Legends,2014,total_mismatch,,sqlite_pipeline/html/8112.html,d087e82ed47e53c2d69fe860e067f6e9ffae93d3ed63bb4afc4fc239fd80d2fd,1,1569740,784870.0
earnings:8166,League of Legends,2014,unavailable,missing_or_ambiguous_country_heading,sqlite_pipeline/html/8166.html,bff15d3e1558be454c017b6c79190af2fb93732995126a797713894e9817862f,0,47717,
earnings:8167,League of Legends,2014,unavailable,missing_or_ambiguous_country_heading,sqlite_pipeline/html/8167.html,62faecdeea233a86867d2468532f75957936e50a37de2f855edea9146a7d6509,0,47717,
earnings:8168,League of Legends,2014,unavailable,missing_or_ambiguous_country_heading,sqlite_pipeline/html/8168.html,c04155bac7d157a0abe8c871ad8d1f7f592bd455acb3e40a31746ce0f67ee39b,0,47062,
earnings:8169,League of Legends,2014,unavailable,missing_or_ambiguous_country_heading,sqlite_pipeline/html/8169.html,12b0fa7b00c54b8772f10b351143c626f30a618043bc85d899051c71e9fdb24d,0,47062,
earnings:8180,League of Legends,2014,unavailable,missing_or_ambiguous_country_heading,sqlite_pipeline/html/8180.html,96bae8123fb56d6747905b21f8a9d01331cf316ccd51de140455ad732cf1f766,0,34050,
earnings:8181,League of Legends,2014,unavailable,missing_or_ambiguous_country_heading,sqlite_pipeline/html/8181.html,0b44bd0d7f47e2a2b2b8834be178e19e74d30b7cc364f89685624e79abf195e8,0,34050,
earnings:8182,League of Legends,2014,unavailable,missing_or_ambiguous_country_heading,sqlite_pipeline/html/8182.html,9f416697016ce578ba3e3d626fa36010aba6421ef6a81f65800bdf0ff9434f70,0,34050,
earnings:8183,League of Legends,2014,unavailable,missing_or_ambiguous_country_heading,sqlite_pipeline/html/8183.html,2303a738b6ae9c4d4ae4b8dfa971d4ff97b255531d74f4532909a13f432a7227,0,34050,
earnings:8184,League of Legends,2014,total_mismatch,,sqlite_pipeline/html/8184.html,3039fff612508e3c3d196452949ca20c32d29a056d10bbfdc4ece88ecedebe3a,1,595186,297593.0
earnings:8187,League of Legends,2014,total_mismatch,,sqlite_pipeline/html/8187.html,830710b4b1bcb58be533e89da2d26034996cd21ff53e5135fba598ed904d4432,2,2682960,2347590.0
earnings:8207,League of Legends,2014,unavailable,missing_or_ambiguous_country_heading,sqlite_pipeline/html/8207.html,99d0dab37b15bc368eb952602955e25e02fce2a32acae775fd934902cf7f031f,0,781250,
earnings:8244,League of Legends,2014,unavailable,missing_or_ambiguous_country_heading,sqlite_pipeline/html/8244.html,1171ce4a04db70ea24dc0b3fc37d12d0f0a4718d80ba72cde64430c010b3965c,0,47072,
earnings:8275,League of Legends,2014,total_mismatch,,sqlite_pipeline/html/8275.html,62cd665071f90c1b1f98c513a9233726eebf6b862561b4b0b080ec2b1fdd266e,1,4227496,3739708.0
earnings:8284,League of Legends,2014,total_mismatch,,sqlite_pipeline/html/8284.html,ac7e59b39d9f672bd6649aeefb93e011a7298db0aec7ebf97f877112e0d0e7e2,2,798590,344008.0
earnings:8285,League of Legends,2014,total_mismatch,,sqlite_pipeline/html/8285.html,ee0db2e4e9bc4dfe91e21f6de7b298d91f0fabc002a56d042ee972720339b9b1,2,1228600,860020.0
earnings:8350,League of Legends,2014,total_mismatch,,sqlite_pipeline/html/8350.html,b1ea8e2c64d4e2aee78d21d521a5e58baa75f0bd052b883e59a3ab9f04ed8f78,6,697956,598249.0
earnings:8443,League of Legends,2014,total_mismatch,,sqlite_pipeline/html/8443.html,7c998d6e03f4d376c14631422b1ef69b7f4f2cba8ac4c630291275326ad5ed79,3,1500000,750000.0
earnings:8463,League of Legends,2014,unavailable,missing_or_ambiguous_country_heading,sqlite_pipeline/html/8463.html,46c8a7d128381dd87944d2346a94803287438fec7f84a2a438b75f8cd304a2f4,0,89923,
earnings:8476,League of Legends,2014,unavailable,missing_or_ambiguous_country_heading,sqlite_pipeline/html/8476.html,d5e15ca390f7361ceb7d31df389a7680c56a8e0e816af98c48ce5897ec83cf22,0,198805,
earnings:8553,League of Legends,2014,unavailable,missing_or_ambiguous_country_heading,sqlite_pipeline/html/8553.html,ce2f2c7f3db908fa4d88630db874a16f682f2318c44ed5f5a80fec9176ec10e0,0,376614,
earnings:8554,League of Legends,2014,unavailable,missing_or_ambiguous_country_heading,sqlite_pipeline/html/8554.html,3c7bbbae35db1b784fa88eb3ef0a8d39d253b6ac38857eabb2d98d4ebeedcf50,0,431896,
earnings:8813,League of Legends,2012,unavailable,missing_or_ambiguous_country_heading,sqlite_pipeline/html/8813.html,e6981c6f824f492e102a44e684c799a65a203eb2997a145cda0d36311b03f17b,0,376339,
earnings:8822,League of Legends,2012,unavailable,missing_or_ambiguous_country_heading,sqlite_pipeline/html/8822.html,cf8758d5dbe9122ff33a15a3101e4f511eebb0e9105b61b49c97e942afb36cf7,0,103158,
earnings:8823,League of Legends,2012,total_mismatch,,sqlite_pipeline/html/8823.html,d3e260c2778362506b970a4398ccd653f87507e01c542ebdccd379e7333a5dc5,6,105899,99279.0
earnings:8824,League of Legends,2012,total_mismatch,,sqlite_pipeline/html/8824.html,446491b407bf58579e9599b9a83ca1c24ff52dd4d610aaebfea43ff438d18b3b,6,105663,92454.0
earnings:8826,League of Legends,2012,unavailable,missing_or_ambiguous_country_heading,sqlite_pipeline/html/8826.html,a4ac1457ad0237e797b65345846b29fcccbbe3d7918ad5bdd9fec47a78105f04,0,127981,
earnings:8827,League of Legends,2012,total_mismatch,,sqlite_pipeline/html/8827.html,6f20931471814c2f573ee2d30b06d4a9831743ad42fed97857268dcc03ef17f0,3,125446,100357.0
earnings:8829,League of Legends,2012,total_mismatch,,sqlite_pipeline/html/8829.html,a1077b68c1fcf06259aa0621cf33ab4b96c1fe211ff1e833a6ba26ea8d859707,5,208939,184358.0
earnings:8830,League of Legends,2012,total_mismatch,,sqlite_pipeline/html/8830.html,ff39a7e974cec7c6c45206356a33a9f30e74bee8e2807b9d7af3e459ca460785,5,128685,102948.0
earnings:8834,League of Legends,2012,unavailable,missing_or_ambiguous_country_heading,sqlite_pipeline/html/8834.html,c41fbebe9cd97940dbce5ed20435582eb9a932afd4325237381b249b5814fbdc,0,26332,
earnings:8835,League of Legends,2012,unavailable,missing_or_ambiguous_country_heading,sqlite_pipeline/html/8835.html,8cff53a6fae1bfe2f0f420278404d26591e08f08d8923cba3515bc015230af96,0,26332,
earnings:8840,League of Legends,2012,unavailable,missing_or_ambiguous_country_heading,sqlite_pipeline/html/8840.html,d14608feb7e46605f27aa630f2b0167b10cc30f94a7ae497037a18b4b4fcf8d9,0,25089,
earnings:8842,League of Legends,2012,unavailable,missing_or_ambiguous_country_heading,sqlite_pipeline/html/8842.html,82dad74e6e20824d5c1cec575df6a50d50a12840e16154f060b73f3ea3f02c7d,0,25089,
earnings:8843,League of Legends,2012,unavailable,missing_or_ambiguous_country_heading,sqlite_pipeline/html/8843.html,45ea6e100d3e18deb793cdb4ab33403081c49dfde73c6fc7170eba6414c90147,0,25089,
earnings:8845,League of Legends,2012,unavailable,missing_or_ambiguous_country_heading,sqlite_pipeline/html/8845.html,96b0a53ba234c3e3c04997cbd26817a8192c1d972e9eab7b4c151526addaeb2f,0,24798,
earnings:8848,League of Legends,2012,unavailable,missing_or_ambiguous_country_heading,sqlite_pipeline/html/8848.html,f1f8527ea8e4d765fb14c486e0e00268b38b28b55fb69a6fbda7b14dbaf82371,0,24581,
earnings:8849,League of Legends,2012,unavailable,missing_or_ambiguous_country_heading,sqlite_pipeline/html/8849.html,d3045b6eccbd3b1cdd43a732084f440ba26d45ff70fa9ee7809be49d19ae127a,0,24581,
earnings:8852,League of Legends,2012,unavailable,missing_or_ambiguous_country_heading,sqlite_pipeline/html/8852.html,3c67e2d1f8f14200a3ce23cdd3a30e90e4baef164fafe483f0027429449a4742,0,25737,
earnings:8853,League of Legends,2012,unavailable,missing_or_ambiguous_country_heading,sqlite_pipeline/html/8853.html,da5efe637b493fac05e40f1e6dae012385a22494b6bc124b3f183c0b81e274ba,0,25737,
earnings:8854,League of Legends,2012,unavailable,missing_or_ambiguous_country_heading,sqlite_pipeline/html/8854.html,63a1828a9512d34c6793d910d6a6848adc01423adf0f513d5d6cb8016e47e92c,0,25737,
earnings:8855,League of Legends,2012,unavailable,missing_or_ambiguous_country_heading,sqlite_pipeline/html/8855.html,4be7c5164d21fe93a35b6742301ea2554ceaf2b370dbbff7cc34e7ad691d5bb7,0,25737,
earnings:8856,League of Legends,2012,unavailable,missing_or_ambiguous_country_heading,sqlite_pipeline/html/8856.html,3b8441bc574f3088db32b27e3992b3fe9373c91ca84fd626e831e6b41bc1942a,0,25737,
earnings:8857,League of Legends,2012,unavailable,missing_or_ambiguous_country_heading,sqlite_pipeline/html/8857.html,ca4db534ea9b08c63614ae7b2cde8381b454008da381818ddec071bdb3471c7f,0,25737,
earnings:8858,League of Legends,2012,unavailable,missing_or_ambiguous_country_heading,sqlite_pipeline/html/8858.html,70e98d5a266fb5d6b2f34960d761c35d34fe77c12a61d8a961ea64450ead9093,0,25737,
earnings:8859,League of Legends,2012,unavailable,missing_or_ambiguous_country_heading,sqlite_pipeline/html/8859.html,b0872bb4abd717f4a7c4cff0c6abcb3fc95198471db54fb417971d533110523a,0,25737,
earnings:8868,League of Legends,2014,unavailable,missing_or_ambiguous_country_heading,sqlite_pipeline/html/8868.html,4e84d3d64a968f3b11760cf1e8033f84f8eee7f02b465f728ed324903d609c73,0,1300000,
earnings:8869,League of Legends,2014,unavailable,missing_or_ambiguous_country_heading,sqlite_pipeline/html/8869.html,e493b935fc0fe6e7efeaa697d6d7f4b2842047b9000bf9ad80a477c08a461874,0,400939,
earnings:8870,League of Legends,2015,unavailable,missing_or_ambiguous_country_heading,sqlite_pipeline/html/8870.html,2d772ab614509b2945eeea56d4e36e5ccb846581d52cc4f3842dba28f5b9eac9,0,128940,
earnings:9037,League of Legends,2015,unavailable,missing_or_ambiguous_country_heading,sqlite_pipeline/html/9037.html,913d9e9d7def0aa264cf9c347c41b248cd5bf765fef5f98d5957230bae6bfb4a,0,53332,
earnings:9044,League of Legends,2014,unavailable,missing_or_ambiguous_country_heading,sqlite_pipeline/html/9044.html,4b28826e7dc30a82a5cf0e0db0f4156350b2034c8dc33e8ce9a0a586af058d05,0,50000,
earnings:9078,League of Legends,2014,total_mismatch,,sqlite_pipeline/html/9078.html,b8317ad95bf3bad12a09f84e94c8a39c7b7d5244f1a16d66edbff6d47a6292f1,3,57004,53205.0
earnings:9115,League of Legends,2015,unavailable,missing_or_ambiguous_country_heading,sqlite_pipeline/html/9115.html,c202675ae8385b2b36ebaef89750a1cb09c548415f5297fc26510e6819008d23,0,225700,
earnings:9198,League of Legends,2012,unavailable,missing_or_ambiguous_country_heading,sqlite_pipeline/html/9198.html,6d7318795a693c2c80a067aefe8b7a713ec606fb5685bc4502eb1c40f4426b31,0,211798,
earnings:9258,League of Legends,2012,total_mismatch,,sqlite_pipeline/html/9258.html,24a707edc0e5ac71b5f037d8e4afc96ee55f5e3b066a1d2933ddfd09260456a3,2,122905,86034.0
earnings:9266,League of Legends,2015,unavailable,missing_or_ambiguous_country_heading,sqlite_pipeline/html/9266.html,044d9e8e13b91ef14a00885755c5458435abf1155fabc6316c2cad317af1613b,0,2732100,
earnings:9316,League of Legends,2015,total_mismatch,,sqlite_pipeline/html/9316.html,664622e385ca43aadf622e04f22e89ce069378227481aaa71311ed9499c4974e,3,177000,155760.0
earnings:9421,League of Legends,2015,unavailable,missing_or_ambiguous_country_heading,sqlite_pipeline/html/9421.html,9a9d3212bc12b979521f5ffda1647a13d48c4b8c1d3971d72c483edc1b7806cb,0,197067,
earnings:9461,League of Legends,2014,total_mismatch,,sqlite_pipeline/html/9461.html,39910b7d4c736bb452d07bbbb4161d99f296bf715e8eabd8d510479ee62d05ba,1,798100,279335.0
earnings:9537,League of Legends,2013,unavailable,missing_or_ambiguous_country_heading,sqlite_pipeline/html/9537.html,f0b01ad2075119038752dd807e4b914943b1ee42c1619e7eb9dcb70e56dd06c5,0,164303,
earnings:9538,League of Legends,2014,total_mismatch,,sqlite_pipeline/html/9538.html,d8078759ecf81e4f8c6333413b6d0a178fc98d176cc300373b9d3f33c9ab725c,3,635050,444535.0
earnings:9584,League of Legends,2015,total_mismatch,,sqlite_pipeline/html/9584.html,06df1e3f8c6d34a138744559f616c829d97efc4270e69c22b9465be538bae90f,2,555646,460780.0
earnings:9596,League of Legends,2015,unavailable,missing_or_ambiguous_country_heading,sqlite_pipeline/html/9596.html,d74a1a03e85e2263264667623fbf47e510cc66d6fd7117f1db6284f5957df661,0,788358,
earnings:9809,League of Legends,2015,total_mismatch,,sqlite_pipeline/html/9809.html,72358543f6c896846ade1cea2010d6d484a704740b6661222f85d6f2c495ae3a,1,706169,532770.0
earnings:9866,League of Legends,2015,unavailable,missing_or_ambiguous_country_heading,sqlite_pipeline/html/9866.html,0b7aae4fc35df032e15a7f5929b6ea15e48c2c877b9bc2565fdbcc5c70ab0413,0,200790,
earnings:9915,League of Legends,2015,total_mismatch,,sqlite_pipeline/html/9915.html,5e4cb4f17ef295d494f087018d3197ad43516233bb291f807f5c18368a667988,3,746465,544920.0
earnings:9916,League of Legends,2014,total_mismatch,,sqlite_pipeline/html/9916.html,fe24f97ee98f64228fdaa8ccf1a368499fe08eeff2864baab9e39273a235c125,1,7003531,2690098.0
earnings:9919,League of Legends,2014,unavailable,missing_or_ambiguous_country_heading,sqlite_pipeline/html/9919.html,ac52be5ab6ce8d8591794925f94762e717ce78453bbb9f9f4738c2d55c88fa17,0,117420,
earnings:9920,League of Legends,2014,unavailable,missing_or_ambiguous_country_heading,sqlite_pipeline/html/9920.html,35bb8c3ca9256492a0a5ffe46e70bfe276bbb1045376099e466aa3c71b87ca8e,0,117420,
earnings:9921,League of Legends,2014,unavailable,missing_or_ambiguous_country_heading,sqlite_pipeline/html/9921.html,5b23476960d87c5d23ae4bb295b0334eb6ae4d09be971b435773a4cdd356dc64,0,117420,
earnings:9922,League of Legends,2015,unavailable,missing_or_ambiguous_country_heading,sqlite_pipeline/html/9922.html,9206f0c37274553ef21c68c20479f99779fc5975ad95427f0dda79bcb15f8b27,0,146775,
earnings:41114,Valorant,2020,total_mismatch,,sqlite_pipeline/html/41114.html,c7928e7f5bd9995f50733819a0be25f0703ab56cb5464dac399777459b70ce16,2,21824,20733.0
earnings:41150,Valorant,2020,unavailable,missing_or_ambiguous_country_heading,sqlite_pipeline/html/41150.html,62d281afe1828749de59df7e486081b8c38d67c5a365971c842587d5fe8da58c,0,7500,
earnings:41229,Valorant,2020,total_mismatch,,sqlite_pipeline/html/41229.html,a65575efdef7f749950d5be5a64a1e146740286fa1c679658d450b88adc02849,1,39651,33704.0
earnings:41332,Valorant,2020,total_mismatch,,sqlite_pipeline/html/41332.html,0083954504a099373d5e13cdffe537881d576e27ac3dc496d278092079c46e74,1,25000,24000.0
earnings:41346,Valorant,2020,total_mismatch,,sqlite_pipeline/html/41346.html,4d4754535cd245886b51318893c31521307bc6d31055a9f0cfdb9bd2e1a40a41,5,1097074,952259.0
earnings:41348,Valorant,2020,total_mismatch,,sqlite_pipeline/html/41348.html,fbdcfa1c478a577ab619802264ab47fc13b86920c0fcc41f578ca1b78d3a9d85,3,272976,248409.0
earnings:41387,Valorant,2020,total_mismatch,,sqlite_pipeline/html/41387.html,d78193c23c77386cb680d31d96c6c9f75876b8ae4aacd40186e9f76120256848,1,100000,76000.0
earnings:41425,Valorant,2020,total_mismatch,,sqlite_pipeline/html/41425.html,d9a784bd6f93f90b0a2c9e3c763b6a3f9c551af177c97af5010fed9cd2e1b9f7,2,180000,154000.0
earnings:41450,Valorant,2020,total_mismatch,,sqlite_pipeline/html/41450.html,5b3b412ce3548a76bc6ba6b0dadafa4daafde5a916c94f9ed4710a6b5a0c6833,11,164153,164156.0
earnings:41827,Valorant,2020,total_mismatch,,sqlite_pipeline/html/41827.html,7d22a04a1c0e12a605253acbd6bfd4431acb2b1e1f0cd9b6405e6877449d7c81,2,200000,140000.0
earnings:42331,Valorant,2020,total_mismatch,,sqlite_pipeline/html/42331.html,fc4b58ce2cb61db5cc43f108ae048d14f98dd76155ac7a001fc2318cf0791f52,2,83840,73360.0
earnings:42332,Valorant,2020,total_mismatch,,sqlite_pipeline/html/42332.html,b34499711ffedae7398218a33f12cb4baa19488a7d47e04a79edaaca72c9e24f,2,55892,45831.0
earnings:42371,Valorant,2020,unavailable,missing_or_ambiguous_country_heading,sqlite_pipeline/html/42371.html,2af072cc8969ee529067c1add63e0d150437cdb362a4d67345e53501edd6c204,0,1680,
earnings:43224,Valorant,2020,total_mismatch,,sqlite_pipeline/html/43224.html,2fd43ebff773705f8da65e9fe9f9d1bef84a5c848f7ab613de291c3ec7034cce,13,1785825,1785828.0
earnings:43584,Valorant,2020,total_mismatch,,sqlite_pipeline/html/43584.html,5b371fb36c94a1d17b7b7a55d8248f39c3027215569496bd1e2533d8b6a3a960,1,50000,35000.0
earnings:46041,Valorant,2021,total_mismatch,,sqlite_pipeline/html/46041.html,9b80070583ea5de6a4b8c2d7e1538f928a725e1f8c54e1b29caac2cb9931edbf,2,1000000,400000.0
earnings:46191,Valorant,2021,total_mismatch,,sqlite_pipeline/html/46191.html,f833714707fa04902f5fe70ba59cdd70dc063f734f2a934c280244d5d1addae6,12,4248650,4248655.0
earnings:46672,Valorant,2021,total_mismatch,,sqlite_pipeline/html/46672.html,9d3423f4b4018380748773fe487a8af2224ec55b54930d46650c2b53dfddfa3b,15,3289320,3289323.0
earnings:50188,Valorant,2021,total_mismatch,,sqlite_pipeline/html/50188.html,c47db7159d74dc0ec7daab1c677626dab6c6d7f432880f86089878ddca45e2b0,20,6939540,6939543.0
earnings:50217,Valorant,2020,total_mismatch,,sqlite_pipeline/html/50217.html,01e8cc2e007bcb37b55ff0db251ee234f227da4c931dba742020b8ab2f199a54,9,30000,28000.0
earnings:50558,Valorant,2020,total_mismatch,,sqlite_pipeline/html/50558.html,afd46aa926a51f94d5b31fdb3926941e80bfcdf855aaa89bd2506b548568c7e7,1,5000,1000.0
earnings:50957,Valorant,2021,total_mismatch,,sqlite_pipeline/html/50957.html,7fb2c6e5241fad6501ea3f369efaf5dbcfd06650efa2179a6f96c09ec6b69be4,6,112915,106141.0
earnings:51314,Valorant,2021,total_mismatch,,sqlite_pipeline/html/51314.html,3212794e4ad9d0e2f7d7a17ca84fe3b13d6b0190d1fbbdb2a437bbda958eb437,1,2850000,2280000.0
earnings:51329,Valorant,2021,total_mismatch,,sqlite_pipeline/html/51329.html,5fb470208fa6dd7dcff93570b74435dfcf840c6f26b1262bdbabaf1b1790ae3b,1,1017750,915975.0
earnings:51513,Valorant,2021,total_mismatch,,sqlite_pipeline/html/51513.html,ccd6e0ddc36dd2b18434129c36bd593b868bfa7fed14cd6b9887e78612d250aa,1,470250,276450.0
earnings:51514,Valorant,2021,total_mismatch,,sqlite_pipeline/html/51514.html,8c23d15444e764e03b5952c59765da18631387569b181d4b7b76815410624574,1,228000,171000.0
earnings:52491,Valorant,2022,total_mismatch,,sqlite_pipeline/html/52491.html,867d1e7f9e30d64ef12a62ff52a5a7e1bb735c8a9898a5b2de8429a91043055b,10,271782,271785.0
earnings:53706,Valorant,2022,total_mismatch,,sqlite_pipeline/html/53706.html,7e52c51a19432d7efb49ae7f723c44bf328b0ba7d64240613127552c29a65d27,5,2306641,2169613.0
earnings:53869,Valorant,2022,total_mismatch,,sqlite_pipeline/html/53869.html,105a812a6c93d8379d456a183d5a269457498ebddb525370a37e48615a20ffd1,3,2799040,2738540.0
earnings:53874,Valorant,2021,total_mismatch,,sqlite_pipeline/html/53874.html,42a92bd615de42f87559a14c2914575d787400e7ae4dbd4bb045d0b453c402d4,1,439286,430500.0
earnings:53875,Valorant,2021,total_mismatch,,sqlite_pipeline/html/53875.html,78b24d0c1b2f5db395d2e4cbe04bb0eff2f467625b64f42651deed66d0dfe62a,1,429582,395216.0
earnings:53876,Valorant,2021,total_mismatch,,sqlite_pipeline/html/53876.html,375b0956538c556f6fd78896a4f4cddf87fe9138e4b602d2cdefb2f235702d72,1,299535,260595.0
earnings:53877,Valorant,2021,total_mismatch,,sqlite_pipeline/html/53877.html,3db8fa3bfed01d20b33d9b76af6364a0b0e233d191c58f1598be713bee966d33,2,295238,283429.0
earnings:53894,Valorant,2020,total_mismatch,,sqlite_pipeline/html/53894.html,c29840c47206d6a46d85c73704ffc287c46f4a44e265e5084a71a6bdd8f2991d,2,191936,187138.0
earnings:53905,Valorant,2022,total_mismatch,,sqlite_pipeline/html/53905.html,57e26e564c6170a6cbe85dfc813d42727180c4aa5914a065f6ce59c9c708988c,1,464383,448903.0
earnings:53906,Valorant,2020,total_mismatch,,sqlite_pipeline/html/53906.html,23ad66135ddf1d881936904580cbdf5d612de4113e8d98a1d4e27f94bbdf0b98,1,143920,131128.0
earnings:53913,Valorant,2020,total_mismatch,,sqlite_pipeline/html/53913.html,c4c97c12248961e1611dd35b39442f1e12f10eb87c24aa9b7704be275f37d2e7,1,165504,158883.0
earnings:53915,Valorant,2021,total_mismatch,,sqlite_pipeline/html/53915.html,d93b5d7d749aa3d0240ba715981da7ee49bd1f4b2bec656d712843eca06a08e9,1,153578,122862.0
earnings:53916,Valorant,2020,total_mismatch,,sqlite_pipeline/html/53916.html,9c7a7d2bc99a460d3c8674c9d04eb426965c2de3833207b39701e6f102a6ea81,1,191253,184878.0
earnings:53917,Valorant,2020,total_mismatch,,sqlite_pipeline/html/53917.html,ac6279bb4844a5473d6d0bd02b70cc4d306b79988597c61f02d6f23216089b56,1,316203,298812.0
earnings:54142,Valorant,2020,total_mismatch,,sqlite_pipeline/html/54142.html,767460ab22ee860cea33aa090146c6f37620af23d04a4038b842707819089030,2,732091,697640.0
earnings:54752,Valorant,2021,total_mismatch,,sqlite_pipeline/html/54752.html,f0d52c9234836e8d4e96bc2cdc605a10e0d9fec83c657c3dc551d55751a7e3a7,5,500000,498000.0
earnings:54754,Valorant,2021,total_mismatch,,sqlite_pipeline/html/54754.html,8c4c6a2361c07590611685a37532324e017fcc3780f380e060fdc81d6cf56866,4,500000,490000.0
earnings:55501,Valorant,2022,total_mismatch,,sqlite_pipeline/html/55501.html,684ee5ca863dd1d3effab8e181cdadbe9cd19242185f6b1c4bbbf1f4b15728d0,2,352026,343225.0
earnings:55502,Valorant,2021,total_mismatch,,sqlite_pipeline/html/55502.html,36ad27857535e0d56499069c55aabfb24f9fdf0234f5a6812f81ba3c82d4bf70,1,150000,125000.0
earnings:57138,Valorant,2022,total_mismatch,,sqlite_pipeline/html/57138.html,bb9c92eb9a09f183c4373e52b2135f31b421c1dfb14115238f5d7a8d6f1083c4,1,1000000,940000.0
earnings:57692,Valorant,2022,total_mismatch,,sqlite_pipeline/html/57692.html,992588b498bfa07f110db7d0b2a0493450bc3b366349dc599d1a3a6b8496d128,1,128506,83957.0
earnings:58066,Valorant,2021,total_mismatch,,sqlite_pipeline/html/58066.html,160844f70a21c1d347d05100af75c8ffe014353cff49adb41ad634d197b2f513,3,75000,50000.0
earnings:58215,Valorant,2022,total_mismatch,,sqlite_pipeline/html/58215.html,6f777906dde97480cd2cb4d133974ab4affbf1ee98af15139cc23764e5e0cd2f,3,15823,10548.0
earnings:58541,Valorant,2021,total_mismatch,,sqlite_pipeline/html/58541.html,f06147fe75268065d1f84ddec55ca4edddaf35f7706b9aa1ec9cc22587a393ec,1,199099,119459.0
earnings:58571,Valorant,2021,total_mismatch,,sqlite_pipeline/html/58571.html,2a127492cba1689afa5c7a5c8dbc930692960daa3e39a2e8c6453713151c9b27,3,312683,303061.0
earnings:58576,Valorant,2021,total_mismatch,,sqlite_pipeline/html/58576.html,c610a1b4bced75d331b3b0086e4f5fd9f361b74ff3aefcc5ea2e21e369e39047,3,310373,300824.0
earnings:58577,Valorant,2021,total_mismatch,,sqlite_pipeline/html/58577.html,f6a6d8be86c04a2d6315da6d811d52fbb2618f266ab40623dfb068bde58ea7ff,3,335937,302345.0
earnings:59446,Valorant,2022,total_mismatch,,sqlite_pipeline/html/59446.html,cd4d62c093800f4fb262582cf55af095b1010001f536bf0cc37a4b09ef823d94,2,392373,313898.0
earnings:59448,Valorant,2022,total_mismatch,,sqlite_pipeline/html/59448.html,a375d6cfc066abd33b721df2fb3d6a5a8ade38d0a978fbce4b7f6cdf258f80a9,3,586685,469347.0
earnings:59453,Valorant,2021,total_mismatch,,sqlite_pipeline/html/59453.html,9f965f76e58c619c5c27620f5531a8c675659a68ffd5d933debf2c327b796a17,3,375876,314369.0
earnings:59454,Valorant,2022,total_mismatch,,sqlite_pipeline/html/59454.html,da45bb77c85004b3a39f3931a2338973934ed74d0fc2d976eeaa5a477d3fc6d8,3,234385,180811.0
earnings:59511,Valorant,2022,total_mismatch,,sqlite_pipeline/html/59511.html,83b5a737ae1b82260f2fd0b26069d5119f609de7b13b70b8f6f20d88c8c5f504,5,528510,486229.0
earnings:59514,Valorant,2022,total_mismatch,,sqlite_pipeline/html/59514.html,973901c108e2089ae32d339fa9f45939b2d5a5ecf17f6689b432037f51d4071c,5,447568,414000.0
earnings:60870,Valorant,2022,total_mismatch,,sqlite_pipeline/html/60870.html,bc7c8581b62906fd2a4b53d423ad7c90659fa00080b1060fabfb21e697fd681a,2,165000,110000.0
earnings:60874,Valorant,2022,total_mismatch,,sqlite_pipeline/html/60874.html,1675dd78a6ea71933c6616df31ae670edefa3f38e47f2590a8c1fd5cd0341537,2,220000,192500.0
earnings:61179,Valorant,2023,total_mismatch,,sqlite_pipeline/html/61179.html,7bc0f5967325badbf9d0b7bce366ec93345b32631ef56f8b91775dfec7844064,4,661620,595457.0
earnings:61580,Valorant,2021,total_mismatch,,sqlite_pipeline/html/61580.html,291caf6044d495f23c0e1a097742ccd6e355e64683d8518860ea96093e025ab2,2,500000,475000.0
earnings:61836,Valorant,2023,total_mismatch,,sqlite_pipeline/html/61836.html,e4162b5ced6241743da44df47a9aed3f6c50778154eeaf4a23fa7d297b7d553e,14,2151060,2151057.0
earnings:61840,Valorant,2022,total_mismatch,,sqlite_pipeline/html/61840.html,63f037df6a4641c96f4fca890b64f7eb93e0b8867d9709294b11840a797d39a4,19,2650550,2650554.0
earnings:62818,Valorant,2023,total_mismatch,,sqlite_pipeline/html/62818.html,f82447db8e13e8dc334778845ea51441e27c8ef089f9d17e36bfe4066415b18a,2,256000,211200.0
earnings:63170,Valorant,2023,total_mismatch,,sqlite_pipeline/html/63170.html,05d3fd221b262889adc991a7038016e8d6cb9e7ca036f847e2f5dd372d1eaceb,20,1102570,1102573.0
earnings:63749,Valorant,2023,total_mismatch,,sqlite_pipeline/html/63749.html,445d7dd6a2e90cea479dc19c013d78b21f9d6f6e39bbf2a9e819456e52439890,4,1350000,1280000.0
earnings:63992,Valorant,2023,total_mismatch,,sqlite_pipeline/html/63992.html,db407ef6e8a12f567a80ff3cdbb2b2bb5894962dc784afb813c2c23639407601,6,1229625,1135999.0
earnings:64822,Valorant,2023,total_mismatch,,sqlite_pipeline/html/64822.html,d8b1810086dfd12ab890865d3d38b64edce25557c2095081847499471a7f7f53,1,412732,353771.0
earnings:65281,Valorant,2021,total_mismatch,,sqlite_pipeline/html/65281.html,8a4a733bc9a62a082de3da31607b8b57d477026f135b8612521358e05a3f46ca,1,133500,128160.0
earnings:65720,Valorant,2023,total_mismatch,,sqlite_pipeline/html/65720.html,704f51ccf46fb4aab44d3fa313e835b432db59f87ebf632df05940b6591defcc,2,685796,489854.0
earnings:66339,Valorant,2023,total_mismatch,,sqlite_pipeline/html/66339.html,00efd2b82151477ee867b748bd2e93ec08fdca3e1141e417bee84a0748c5fac1,1,875694,839951.0
earnings:66342,Valorant,2023,total_mismatch,,sqlite_pipeline/html/66342.html,b6adf88335df06d669d35e52324d1df968d02751af2182ce45e36522651302ad,1,651717,505081.0
earnings:66954,Valorant,2022,total_mismatch,,sqlite_pipeline/html/66954.html,2958e0af40ae390f68c43296e49e65c6544d79b944d261b0e2947bee134dc139,1,376200,282150.0
earnings:67119,Valorant,2023,total_mismatch,,sqlite_pipeline/html/67119.html,f1d769efcda3ffbba751f4eee21b48ae911e289978c9fd718daf1de6664ca872,1,303418,279144.0
earnings:67531,Valorant,2024,total_mismatch,,sqlite_pipeline/html/67531.html,5cc04ed2b59bbb598fdc69703df245b9ad424c4099252c257f73c4fc79e1717a,3,898098,358805.0
earnings:67832,Valorant,2024,total_mismatch,,sqlite_pipeline/html/67832.html,a7ca91fef1396fd00e2d79d043fc390f4f8ecaa3e91c64947aa8103afa62e2ab,16,2172160,2172157.0
earnings:68342,Valorant,2024,total_mismatch,,sqlite_pipeline/html/68342.html,c8306e001ff442d2435b57c150d3bfada129492abe6e35dd4a355d14dd79e80a,18,1301736,1301739.0
earnings:68633,Valorant,2024,total_mismatch,,sqlite_pipeline/html/68633.html,7c1af5d3481682417dba180a827543d179335be8521cc5e8c1fe8ce7f2d30d40,11,5000000,4600000.0
earnings:69469,Valorant,2024,total_mismatch,,sqlite_pipeline/html/69469.html,dfb08c3a986fa2420ed5c55f22b60efd0717c09e82361bd94cc8cfb05056c0e4,3,350350,312130.0
