game_family,year,country_code,country_name,prize_cents,share_of_reconciled_country_prize_pct
Counter-Strike,2012,AT,Austria,15513,0.0660915498973308
Counter-Strike,2012,BE,Belgium,691791,2.9473048021030346
Counter-Strike,2012,CA,Canada,751556,3.2019274720968447
Counter-Strike,2012,CH,Switzerland,219398,0.9347227399197179
Counter-Strike,2012,CZ,Czech Republic,160000,0.6816636358907322
Counter-Strike,2012,DE,Germany,2009675,8.562014796616921
Counter-Strike,2012,DK,Denmark,883428,3.763754640797986
Counter-Strike,2012,ES,Spain,181100,0.7715580278738224
Counter-Strike,2012,FI,Finland,299379,1.275473610308322
Counter-Strike,2012,FR,France,3139237,13.374398170891965
Counter-Strike,2012,GB,United Kingdom,950291,4.048617613838998
Counter-Strike,2012,HU,Hungary,12927,0.05507416138224684
Counter-Strike,2012,IE,Ireland,98068,0.417808684028327
Counter-Strike,2012,KZ,Kazakhstan,460000,1.959782953185855
Counter-Strike,2012,NL,Netherlands,2632,0.011213366810402544
Counter-Strike,2012,NO,Norway,211284,0.9001538727846092
Counter-Strike,2012,PL,Poland,966913,4.119433944812597
Counter-Strike,2012,PT,Portugal,81100,0.3455182554421149
Counter-Strike,2012,RS,Serbia,15513,0.0660915498973308
Counter-Strike,2012,RU,Russian Federation,395407,1.6845910829790423
Counter-Strike,2012,SE,Sweden,8827804,37.60995607231719
Counter-Strike,2012,SK,Slovakia,240000,1.0224954538360984
Counter-Strike,2012,TR,Turkey,55638,0.2370400085855535
Counter-Strike,2012,UA,Ukraine,60000,0.2556238634590246
Counter-Strike,2012,US,United States,2743333,11.687689670243937
Counter-Strike,2013,AE,United Arab Emirates,120000,0.1034112430478668
Counter-Strike,2013,AT,Austria,84890,0.07315483685277845
Counter-Strike,2013,AU,Australia,200000,0.17235207174644468
Counter-Strike,2013,BA,Bosnia and Herzegovina,457525,0.3942769081289605
Counter-Strike,2013,BE,Belgium,4895864,4.219061516944178
Counter-Strike,2013,BG,Bulgaria,34234,0.029501504120838934
Counter-Strike,2013,BR,Brazil,75260,0.06485608459818713
Counter-Strike,2013,CA,Canada,1926212,1.6599331441143135
Counter-Strike,2013,CH,Switzerland,710434,0.6122238586955683
Counter-Strike,2013,CN,China,1908803,1.644930758029144
Counter-Strike,2013,CZ,Czech Republic,183612,0.158229542987541
Counter-Strike,2013,DE,Germany,5160270,4.44691612635513
Counter-Strike,2013,DK,Denmark,9371970,8.076392229227634
Counter-Strike,2013,EE,Estonia,50000,0.04308801793661117
Counter-Strike,2013,ES,Spain,1374551,1.1845335628557363
Counter-Strike,2013,FI,Finland,1950428,1.6808015329613728
Counter-Strike,2013,FO,Faroe Islands,4000,0.003447041434928893
Counter-Strike,2013,FR,France,14855165,12.80159231942637
Counter-Strike,2013,GB,United Kingdom,2922394,2.518403301796897
Counter-Strike,2013,GR,Greece,2000,0.0017235207174644464
Counter-Strike,2013,HK,Hong Kong,100000,0.08617603587322234
Counter-Strike,2013,HU,Hungary,229505,0.1977783111308389
Counter-Strike,2013,ID,Indonesia,300000,0.258528107619667
Counter-Strike,2013,IE,Ireland,242560,0.2090285926140881
Counter-Strike,2013,IT,Italy,123687,0.10658855349051251
Counter-Strike,2013,JO,Jordan,80000,0.06894082869857786
Counter-Strike,2013,KW,Kuwait,200000,0.17235207174644468
Counter-Strike,2013,KZ,Kazakhstan,1464054,1.2616637002433464
Counter-Strike,2013,MA,Morocco,20000,0.017235207174644464
Counter-Strike,2013,MK,North Macedonia,107039,0.09224196703833845
Counter-Strike,2013,MY,Malaysia,80000,0.06894082869857786
Counter-Strike,2013,NL,Netherlands,551347,0.4751289885059351
Counter-Strike,2013,NO,Norway,739030,0.6368667579138749
Counter-Strike,2013,PL,Poland,4489788,3.869121317511631
Counter-Strike,2013,PT,Portugal,312319,0.26914413347888927
Counter-Strike,2013,RS,Serbia,1050921,0.9056420579592269
Counter-Strike,2013,RU,Russian Federation,4249469,3.6620239298614625
Counter-Strike,2013,SE,Sweden,43658022,37.6227527002593
Counter-Strike,2013,SG,Singapore,20000,0.017235207174644464
Counter-Strike,2013,SK,Slovakia,740310,0.6379698111730522
Counter-Strike,2013,TR,Turkey,363176,0.31297068004293394
Counter-Strike,2013,UA,Ukraine,4611402,3.973923441778492
Counter-Strike,2013,US,United States,5768117,4.970734575129436
Counter-Strike,2013,VE,Venezuela,53183,0.04583100115845583
Counter-Strike,2013,VN,Viet Nam,200000,0.17235207174644468
Counter-Strike,2014,AF,Afghanistan,33054,0.01637356950215175
Counter-Strike,2014,AT,Austria,13545,0.006709626638429401
Counter-Strike,2014,AU,Australia,2343313,1.160779278477513
Counter-Strike,2014,BA,Bosnia and Herzegovina,247285,0.12249464919040343
Counter-Strike,2014,BE,Belgium,3240572,1.6052438696898073
Counter-Strike,2014,BG,Bulgaria,322150,0.15957963983536594
Counter-Strike,2014,BN,Brunei Darussalam,9162,0.004538471706259887
Counter-Strike,2014,BR,Brazil,254492,0.12606469564172573
Counter-Strike,2014,BY,Belarus,382852,0.18964887248253767
Counter-Strike,2014,CA,Canada,6630471,3.284458091320312
Counter-Strike,2014,CH,Switzerland,1783964,0.8837011721224857
Counter-Strike,2014,CN,China,2147215,1.0636405287881274
Counter-Strike,2014,CU,Cuba,40000,0.01981432746675349
Counter-Strike,2014,CZ,Czech Republic,220327,0.10914078319418491
Counter-Strike,2014,DE,Germany,7019788,3.4773094544796637
Counter-Strike,2014,DK,Denmark,15576373,7.715883884157437
Counter-Strike,2014,EE,Estonia,69292,0.034324359470657075
Counter-Strike,2014,ES,Spain,2299412,1.1390325587245644
Counter-Strike,2014,FI,Finland,2905664,1.4393444501089203
Counter-Strike,2014,FR,France,35805373,17.736484642281344
Counter-Strike,2014,GB,United Kingdom,2401686,1.189694821907933
Counter-Strike,2014,GR,Greece,114846,0.05688990630616928
Counter-Strike,2014,HK,Hong Kong,7000,0.0034675073066818608
Counter-Strike,2014,HU,Hungary,279955,0.13867800114887432
Counter-Strike,2014,ID,Indonesia,157226,0.0778831862571946
Counter-Strike,2014,IE,Ireland,290226,0.14376582508414995
Counter-Strike,2014,IN,India,200000,0.09907163733376746
Counter-Strike,2014,IS,Iceland,40000,0.01981432746675349
Counter-Strike,2014,IT,Italy,163665,0.08107279762115525
Counter-Strike,2014,KR,"Korea, Republic of",20000,0.009907163733376745
Counter-Strike,2014,KZ,Kazakhstan,829129,0.4107158379545463
Counter-Strike,2014,LT,Lithuania,87207,0.04319870138482929
Counter-Strike,2014,LV,Latvia,31153,0.015431893589294286
Counter-Strike,2014,MK,North Macedonia,16541,0.008193719765689236
Counter-Strike,2014,MT,Malta,117735,0.05832099610745556
Counter-Strike,2014,MY,Malaysia,106139,0.05257682257484372
Counter-Strike,2014,NL,Netherlands,942231,0.4667418395831652
Counter-Strike,2014,NO,Norway,1320110,0.6539272958033988
Counter-Strike,2014,NZ,New Zealand,25508,0.0126355966255487
Counter-Strike,2014,PE,Peru,40000,0.01981432746675349
Counter-Strike,2014,PL,Poland,24436962,12.105049184015284
Counter-Strike,2014,PT,Portugal,220572,0.10926214594991876
Counter-Strike,2014,RO,Romania,60461,0.02994985132418457
Counter-Strike,2014,RS,Serbia,610811,0.30257022935737915
Counter-Strike,2014,RU,Russian Federation,5013207,2.483333128915522
Counter-Strike,2014,SE,Sweden,53953432,26.726274240080418
Counter-Strike,2014,SG,Singapore,31069,0.015390283501614104
Counter-Strike,2014,SK,Slovakia,2528318,1.2524230198021813
Counter-Strike,2014,TR,Turkey,331984,0.16445099224306725
Counter-Strike,2014,TW,"Taiwan, Republic of China",9770,0.00483964948375454
Counter-Strike,2014,UA,Ukraine,9043343,4.479693989904323
Counter-Strike,2014,US,United States,16610051,8.227924743836908
Counter-Strike,2014,VE,Venezuela,82010,0.040624324888711344
Counter-Strike,2014,VN,Viet Nam,49000,0.024272551146773028
Counter-Strike,2014,ZA,South Africa,358473,0.1775725352497381
Counter-Strike,2015,AE,United Arab Emirates,383959,0.061603446983357214
Counter-Strike,2015,AR,Argentina,524360,0.08412977286687691
Counter-Strike,2015,AT,Austria,115389,0.018513331225371993
Counter-Strike,2015,AU,Australia,7692608,1.2342233652336565
Counter-Strike,2015,AZ,Azerbaijan,2978,0.0004777985803599806
Counter-Strike,2015,BA,Bosnia and Herzegovina,1899562,0.30477099627460225
Counter-Strike,2015,BE,Belgium,5658220,0.9078205115394389
Counter-Strike,2015,BG,Bulgaria,5748221,0.9222605216237165
Counter-Strike,2015,BN,Brunei Darussalam,49591,0.007956517595242376
Counter-Strike,2015,BR,Brazil,21564597,3.4598837584402604
Counter-Strike,2015,BY,Belarus,607358,0.09744620220627168
Counter-Strike,2015,CA,Canada,19317636,3.099375102992228
Counter-Strike,2015,CH,Switzerland,1863795,0.2990324395842948
Counter-Strike,2015,CL,Chile,100000,0.016044277379448642
Counter-Strike,2015,CN,China,2480566,0.397988889620294
Counter-Strike,2015,CU,Cuba,15000,0.0024066416069172965
Counter-Strike,2015,CZ,Czech Republic,2470965,0.39644847854909315
Counter-Strike,2015,DE,Germany,17980534,2.884846749266072
Counter-Strike,2015,DK,Denmark,72007060,11.553012439186011
Counter-Strike,2015,DZ,Algeria,570000,0.09145238106285726
Counter-Strike,2015,EE,Estonia,1582857,0.2539579676000194
Counter-Strike,2015,ES,Spain,6609988,1.0605248094682698
Counter-Strike,2015,FI,Finland,11716709,1.8798612917028235
Counter-Strike,2015,FO,Faroe Islands,5401,0.0008665514212640212
Counter-Strike,2015,FR,France,75350616,12.08946183816321
Counter-Strike,2015,GB,United Kingdom,6097825,0.9783519571133641
Counter-Strike,2015,GE,Georgia,3028,0.00048582071904970485
Counter-Strike,2015,GR,Greece,219746,0.03525665777024321
Counter-Strike,2015,HK,Hong Kong,157500,0.02526973687263161
Counter-Strike,2015,HR,Croatia,104276,0.016730330680193868
Counter-Strike,2015,HU,Hungary,1331212,0.21358334578850585
Counter-Strike,2015,ID,Indonesia,537819,0.0862891721593769
Counter-Strike,2015,IE,Ireland,384495,0.06168944431011106
Counter-Strike,2015,IL,Israel,236828,0.03799734123220063
Counter-Strike,2015,IN,India,529685,0.08498413063733254
Counter-Strike,2015,IQ,Iraq,67228,0.010786246796655732
Counter-Strike,2015,IS,Iceland,122033,0.01957931301446256
Counter-Strike,2015,IT,Italy,436241,0.06999171608288056
Counter-Strike,2015,JO,Jordan,170000,0.027275271545062693
Counter-Strike,2015,JP,Japan,302050,0.04846173982462463
Counter-Strike,2015,KG,Kyrgyzstan,250000,0.04011069344862161
Counter-Strike,2015,KR,"Korea, Republic of",74000,0.011872765260791994
Counter-Strike,2015,KW,Kuwait,768414,0.12328647358251649
Counter-Strike,2015,KZ,Kazakhstan,3042771,0.48819061926142326
Counter-Strike,2015,LT,Lithuania,543553,0.08720915102431448
Counter-Strike,2015,LV,Latvia,90214,0.0144741843950958
Counter-Strike,2015,MA,Morocco,40000,0.0064177109517794565
Counter-Strike,2015,MK,North Macedonia,102092,0.01637992366222671
Counter-Strike,2015,MN,Mongolia,283754,0.0455262788352807
Counter-Strike,2015,MT,Malta,208834,0.03350590622259778
Counter-Strike,2015,MX,Mexico,130000,0.020857560593283236
Counter-Strike,2015,MY,Malaysia,422612,0.0678050415188355
Counter-Strike,2015,NL,Netherlands,2748818,0.44102798457621256
Counter-Strike,2015,NO,Norway,7231509,1.1602433626797926
Counter-Strike,2015,NZ,New Zealand,684475,0.1098190675929811
Counter-Strike,2015,PE,Peru,11086,0.0017786685902856764
Counter-Strike,2015,PH,Philippines,279147,0.0447871189764095
Counter-Strike,2015,PL,Poland,66351369,10.645597687421498
Counter-Strike,2015,PT,Portugal,3737792,0.599701716346841
Counter-Strike,2015,RO,Romania,190742,0.03060317555910793
Counter-Strike,2015,RS,Serbia,932773,0.14965668744060448
Counter-Strike,2015,RU,Russian Federation,26796035,4.299230182094141
Counter-Strike,2015,SA,Saudi Arabia,412276,0.06614670500889569
Counter-Strike,2015,SE,Sweden,133449121,21.410947133676046
Counter-Strike,2015,SG,Singapore,531785,0.08532106046230097
Counter-Strike,2015,SI,Slovenia,19773,0.00317243496623838
Counter-Strike,2015,SK,Slovakia,10453937,1.677258649352812
Counter-Strike,2015,TH,Thailand,626074,0.10044904916060929
Counter-Strike,2015,TN,Tunisia,60000,0.009626566427669186
Counter-Strike,2015,TR,Turkey,1794507,0.28791568067362244
Counter-Strike,2015,UA,Ukraine,22784493,3.6556072564210598
Counter-Strike,2015,US,United States,68917467,11.057309568369982
Counter-Strike,2015,UZ,Uzbekistan,3000,0.0004813283213834593
Counter-Strike,2015,VE,Venezuela,85393,0.01370068978263258
Counter-Strike,2015,VN,Viet Nam,797866,0.1280118341563117
Counter-Strike,2015,ZA,South Africa,1401570,0.22487177846713832
Counter-Strike,2016,AE,United Arab Emirates,2512703,0.14661954832217752
Counter-Strike,2016,AR,Argentina,3157202,0.18422691866164667
Counter-Strike,2016,AT,Austria,778613,0.04543309988397977
Counter-Strike,2016,AU,Australia,26154053,1.526123635644281
Counter-Strike,2016,AZ,Azerbaijan,2910,0.0001698023545232113
Counter-Strike,2016,BA,Bosnia and Herzegovina,8107783,0.4730998774444212
Counter-Strike,2016,BD,Bangladesh,92561,0.005401056954303423
Counter-Strike,2016,BE,Belgium,16011486,0.9342914165688779
Counter-Strike,2016,BG,Bulgaria,11809971,0.6891274510827644
Counter-Strike,2016,BR,Brazil,237959677,13.885262349203732
Counter-Strike,2016,BY,Belarus,3063705,0.17877124486753784
Counter-Strike,2016,CA,Canada,75343083,4.396368690872074
Counter-Strike,2016,CH,Switzerland,595230,0.0347324589288148
Counter-Strike,2016,CL,Chile,529107,0.03087409429371573
Counter-Strike,2016,CN,China,99036228,5.778895085050717
Counter-Strike,2016,CO,Colombia,367356,0.021435709191831208
Counter-Strike,2016,CU,Cuba,55357,0.0032301542746877693
Counter-Strike,2016,CY,Cyprus,9000,0.0005251619212058082
Counter-Strike,2016,CZ,Czech Republic,5023288,0.29311550853889795
Counter-Strike,2016,DE,Germany,39387642,2.298321082720731
Counter-Strike,2016,DK,Denmark,181421298,10.586173045036826
Counter-Strike,2016,DO,Dominican Republic,1400,8.169185440979239e-05
Counter-Strike,2016,DZ,Algeria,389239,0.02271261122758084
Counter-Strike,2016,EC,Ecuador,22400,0.0013070696705566782
Counter-Strike,2016,EE,Estonia,1800544,0.10506412736173229
Counter-Strike,2016,ES,Spain,28165107,1.6434713003430172
Counter-Strike,2016,FI,Finland,25669964,1.4978764012804369
Counter-Strike,2016,FO,Faroe Islands,8500,0.0004959862589165966
Counter-Strike,2016,FR,France,113426748,6.618600988423006
Counter-Strike,2016,GB,United Kingdom,12211987,0.7125856171844838
Counter-Strike,2016,GE,Georgia,24398,0.0014236556170643675
Counter-Strike,2016,GR,Greece,294638,0.017192517571137433
Counter-Strike,2016,GT,Guatemala,22400,0.0013070696705566782
Counter-Strike,2016,HK,Hong Kong,1011011,0.058993831013356146
Counter-Strike,2016,HR,Croatia,75492,0.004405058195074319
Counter-Strike,2016,HU,Hungary,3729543,0.21762377412218592
Counter-Strike,2016,ID,Indonesia,965184,0.056319764861900753
Counter-Strike,2016,IE,Ireland,410471,0.02395152655102992
Counter-Strike,2016,IL,Israel,115054,0.006713553298045895
Counter-Strike,2016,IN,India,2667135,0.15563086007947258
Counter-Strike,2016,IS,Iceland,1071207,0.0625063473476789
Counter-Strike,2016,IT,Italy,708746,0.041356267889659085
Counter-Strike,2016,JO,Jordan,874300,0.05101656307891535
Counter-Strike,2016,JP,Japan,686490,0.04005760080984169
Counter-Strike,2016,KG,Kyrgyzstan,4638,0.0002706334433947265
Counter-Strike,2016,KR,"Korea, Republic of",8347726,0.48710086931774177
Counter-Strike,2016,KW,Kuwait,73575,0.0042931987058574825
Counter-Strike,2016,KZ,Kazakhstan,17002827,0.9921374770277763
Counter-Strike,2016,LB,Lebanon,312500,0.01823478893075723
Counter-Strike,2016,LT,Lithuania,2785619,0.16254455842082247
Counter-Strike,2016,LV,Latvia,664773,0.03879038509397208
Counter-Strike,2016,MD,"Moldova, Republic of",4446,0.0002594299890756692
Counter-Strike,2016,ME,Montenegro,1190000,0.06943807624832353
Counter-Strike,2016,MF,Saint Martin,5000,0.00029175662289211566
Counter-Strike,2016,MN,Mongolia,9118843,0.5320965676726818
Counter-Strike,2016,MT,Malta,86563,0.005051065709482041
Counter-Strike,2016,MU,Mauritius,1071,6.249426862349118e-05
Counter-Strike,2016,MX,Mexico,1877250,0.10954002406484482
Counter-Strike,2016,MY,Malaysia,6326119,0.36913742309072956
Counter-Strike,2016,NL,Netherlands,8096461,0.4724392237475443
Counter-Strike,2016,NO,Norway,35002131,2.0424207069174862
Counter-Strike,2016,NZ,New Zealand,1773873,0.10350783918390118
Counter-Strike,2016,PE,Peru,43400,0.002532447486703564
Counter-Strike,2016,PH,Philippines,886090,0.05170452519569495
Counter-Strike,2016,PL,Poland,116161118,6.778155099810509
Counter-Strike,2016,PT,Portugal,7402560,0.431949181271252
Counter-Strike,2016,RO,Romania,2730866,0.15934964834618007
Counter-Strike,2016,RS,Serbia,3189465,0.18610950744652036
Counter-Strike,2016,RU,Russian Federation,65709739,3.834250308352469
Counter-Strike,2016,SA,Saudi Arabia,49050,0.002862132470571655
Counter-Strike,2016,SE,Sweden,205940004,12.016872017085758
Counter-Strike,2016,SG,Singapore,3621953,0.2113457551107934
Counter-Strike,2016,SI,Slovenia,232361,0.013558572130366979
Counter-Strike,2016,SK,Slovakia,21516376,1.2555090397273936
Counter-Strike,2016,TH,Thailand,3993492,0.23302554789333615
Counter-Strike,2016,TN,Tunisia,233494,0.01362468418111433
Counter-Strike,2016,TR,Turkey,15748746,0.9189601895491429
Counter-Strike,2016,TW,"Taiwan, Republic of China",1128410,0.06584421816753845
Counter-Strike,2016,UA,Ukraine,55410542,3.233278521308347
Counter-Strike,2016,US,United States,200987282,11.72787412811706
Counter-Strike,2016,UY,Uruguay,27500,0.001604661425906636
Counter-Strike,2016,VE,Venezuela,67400,0.003932879276585719
Counter-Strike,2016,VN,Viet Nam,1828163,0.10667573259526376
Counter-Strike,2016,ZA,South Africa,8405518,0.490473109067778
Counter-Strike,2017,AE,United Arab Emirates,1936480,0.09731244267903752
Counter-Strike,2017,AM,Armenia,73000,0.003668412953177796
Counter-Strike,2017,AR,Argentina,3448165,0.17327798836567554
Counter-Strike,2017,AT,Austria,261215,0.013126636843347096
Counter-Strike,2017,AU,Australia,40795590,2.050069462856583
Counter-Strike,2017,BA,Bosnia and Herzegovina,31540323,1.5849716361727613
Counter-Strike,2017,BD,Bangladesh,15594,0.0007836333094774597
Counter-Strike,2017,BE,Belgium,13963517,0.701697899105731
Counter-Strike,2017,BG,Bulgaria,12336041,0.6199135971963339
Counter-Strike,2017,BR,Brazil,217598577,10.934814225477481
Counter-Strike,2017,BY,Belarus,1931500,0.09706218656250566
Counter-Strike,2017,CA,Canada,52302279,2.6283062707440963
Counter-Strike,2017,CH,Switzerland,2148714,0.10797767493526678
Counter-Strike,2017,CL,Chile,1235189,0.06207100448250314
Counter-Strike,2017,CN,China,45468105,2.2848737717595635
Counter-Strike,2017,CO,Colombia,1003847,0.05044555257272153
Counter-Strike,2017,CU,Cuba,33000,0.0016583236637653053
Counter-Strike,2017,CY,Cyprus,3333,0.00016749069004029583
Counter-Strike,2017,CZ,Czech Republic,12424830,0.624375442644275
Counter-Strike,2017,DE,Germany,33761440,1.6965877234785611
Counter-Strike,2017,DK,Denmark,368773551,18.531694127092777
Counter-Strike,2017,DO,Dominican Republic,13667,0.0006867972579600129
Counter-Strike,2017,DZ,Algeria,637390,0.03203027030446569
Counter-Strike,2017,EC,Ecuador,21549,0.0010828853524387442
Counter-Strike,2017,EE,Estonia,17952769,0.902166717054915
Counter-Strike,2017,EG,Egypt,10892,0.0005473473135070213
Counter-Strike,2017,ES,Spain,18432772,0.9262879392845615
Counter-Strike,2017,FI,Finland,39061444,1.9629247553346454
Counter-Strike,2017,FR,France,206278532,10.365956695223295
Counter-Strike,2017,GB,United Kingdom,12259909,0.6160877942517952
Counter-Strike,2017,GE,Georgia,62523,0.00314192031604843
Counter-Strike,2017,GR,Greece,338537,0.017012239944245913
Counter-Strike,2017,GT,Guatemala,38454,0.0019323993383766984
Counter-Strike,2017,HK,Hong Kong,2637781,0.13255438339789424
Counter-Strike,2017,HR,Croatia,255859,0.012857485887494765
Counter-Strike,2017,HU,Hungary,4308294,0.2165013906260025
Counter-Strike,2017,ID,Indonesia,7639962,0.38392514469296085
Counter-Strike,2017,IE,Ireland,171355,0.008610971254681936
Counter-Strike,2017,IL,Israel,699584,0.03515565763610871
Counter-Strike,2017,IN,India,5943712,0.2986847957638124
Counter-Strike,2017,IQ,Iraq,2240227,0.11257640746381692
Counter-Strike,2017,IR,"Iran, Islamic Republic of",35000,0.0017588281282359297
Counter-Strike,2017,IS,Iceland,858900,0.04316164226690972
Counter-Strike,2017,IT,Italy,555342,0.027907175154022794
Counter-Strike,2017,JO,Jordan,3650882,0.18346497012772137
Counter-Strike,2017,JP,Japan,2278702,0.11450986209907055
Counter-Strike,2017,KG,Kyrgyzstan,752333,0.037806412634289195
Counter-Strike,2017,KH,Cambodia,5357,0.00026920120808456786
Counter-Strike,2017,KR,"Korea, Republic of",3989164,0.20046439575274727
Counter-Strike,2017,KW,Kuwait,217784,0.010944132145135248
Counter-Strike,2017,KZ,Kazakhstan,58322912,2.9308565184636812
Counter-Strike,2017,LB,Lebanon,329760,0.016571176101916576
Counter-Strike,2017,LK,Sri Lanka,350744,0.01762566894314237
Counter-Strike,2017,LT,Lithuania,7485284,0.3761522299152672
Counter-Strike,2017,LU,Luxembourg,3200,0.00016080714315299928
Counter-Strike,2017,LV,Latvia,1411559,0.07093399068184517
Counter-Strike,2017,MA,Morocco,419500,0.0210808114227135
Counter-Strike,2017,MD,"Moldova, Republic of",2352,0.00011819325021745447
Counter-Strike,2017,ME,Montenegro,2905000,0.14598273464358216
Counter-Strike,2017,MK,North Macedonia,881993,0.04432211706591978
Counter-Strike,2017,MN,Mongolia,2804689,0.14094188297582574
Counter-Strike,2017,MX,Mexico,1663571,0.08359815623193068
Counter-Strike,2017,MY,Malaysia,2269469,0.11404588323884193
Counter-Strike,2017,NC,New Caledonia,11297,0.0005676994675623228
Counter-Strike,2017,NL,Netherlands,10699638,0.5376806936097721
Counter-Strike,2017,NO,Norway,38185266,1.918894854999174
Counter-Strike,2017,NZ,New Zealand,2792125,0.14031051393002128
Counter-Strike,2017,PA,Panama,5714,0.00028714125499257435
Counter-Strike,2017,PE,Peru,226988,0.011406653690629064
Counter-Strike,2017,PH,Philippines,1282923,0.06446974453602353
Counter-Strike,2017,PK,Pakistan,142320,0.007151897691729644
Counter-Strike,2017,PL,Poland,165406460,8.312043841140891
Counter-Strike,2017,PS,"Palestine, State of",26132,0.0013131913327731803
Counter-Strike,2017,PT,Portugal,5878481,0.29540679240287077
Counter-Strike,2017,RO,Romania,3368375,0.16926836275562
Counter-Strike,2017,RS,Serbia,10237793,0.5144719514130544
Counter-Strike,2017,RU,Russian Federation,58316564,2.9305375172934514
Counter-Strike,2017,SE,Sweden,147017055,7.387935190411678
Counter-Strike,2017,SG,Singapore,6289728,0.3160728721529462
Counter-Strike,2017,SI,Slovenia,336328,0.016901232763238107
Counter-Strike,2017,SK,Slovakia,39472628,1.98358766919409
Counter-Strike,2017,SY,Syrian Arab Republic,119798,0.00602011691732594
Counter-Strike,2017,TH,Thailand,3591579,0.18048486199947064
Counter-Strike,2017,TN,Tunisia,449140,0.022570287586168157
Counter-Strike,2017,TR,Turkey,24714349,1.2419512054925577
Counter-Strike,2017,TW,"Taiwan, Republic of China",2036114,0.10231927358557062
Counter-Strike,2017,UA,Ukraine,47972074,2.410703803457586
Counter-Strike,2017,US,United States,149622069,7.5188429589159185
Counter-Strike,2017,UY,Uruguay,100000,0.005025223223531228
Counter-Strike,2017,VE,Venezuela,103049,0.005178442279616695
Counter-Strike,2017,VN,Viet Nam,1135586,0.05706573139516932
Counter-Strike,2017,ZA,South Africa,19168780,0.9632739842276092
Counter-Strike,2018,AE,United Arab Emirates,3084409,0.139376073737482
Counter-Strike,2018,AR,Argentina,4576695,0.2068084290358267
Counter-Strike,2018,AT,Austria,926189,0.04185196786770001
Counter-Strike,2018,AU,Australia,49542855,2.238707192089434
Counter-Strike,2018,AZ,Azerbaijan,300917,0.013597622747457253
Counter-Strike,2018,BA,Bosnia and Herzegovina,21353098,0.964888560943662
Counter-Strike,2018,BE,Belgium,13358233,0.6036223041790065
Counter-Strike,2018,BG,Bulgaria,33121580,1.4966743309275488
Counter-Strike,2018,BH,Bahrain,16667,0.0007531365071826118
Counter-Strike,2018,BN,Brunei Darussalam,187200,0.008459060067473746
Counter-Strike,2018,BR,Brazil,128008511,5.784357284705523
Counter-Strike,2018,BY,Belarus,1816327,0.08207488886311105
Counter-Strike,2018,CA,Canada,88729361,4.009439072903645
Counter-Strike,2018,CH,Switzerland,1487010,0.06719394717379346
Counter-Strike,2018,CL,Chile,743408,0.03359259042008827
Counter-Strike,2018,CN,China,42532840,1.9219436346167205
Counter-Strike,2018,CO,Colombia,866733,0.03916531255054339
Counter-Strike,2018,CZ,Czech Republic,25587634,1.1562357531545595
Counter-Strike,2018,DE,Germany,52420367,2.3687341517736034
Counter-Strike,2018,DK,Denmark,385442447,17.417098353242874
Counter-Strike,2018,DZ,Algeria,794575,0.03590468831791107
Counter-Strike,2018,EC,Ecuador,16000,0.0007229965869635681
Counter-Strike,2018,EE,Estonia,20186942,0.9121931354519691
Counter-Strike,2018,ES,Spain,9142100,0.41310669360497726
Counter-Strike,2018,FI,Finland,57301188,2.5892852095598604
Counter-Strike,2018,FO,Faroe Islands,881706,0.03984190179408124
Counter-Strike,2018,FR,France,59036277,2.6676891736272372
Counter-Strike,2018,GB,United Kingdom,21334435,0.9640452306122557
Counter-Strike,2018,GE,Georgia,12000,0.0005422474402226761
Counter-Strike,2018,GR,Greece,495103,0.022372361199713964
Counter-Strike,2018,GT,Guatemala,129333,0.005844207348859947
Counter-Strike,2018,HK,Hong Kong,5052274,0.22829855365029839
Counter-Strike,2018,HR,Croatia,434578,0.019637400673090846
Counter-Strike,2018,HU,Hungary,9519665,0.4301678315022835
Counter-Strike,2018,ID,Indonesia,13166153,0.594942730152509
Counter-Strike,2018,IE,Ireland,146595,0.006624230291620267
Counter-Strike,2018,IL,Israel,2389366,0.10796896643792456
Counter-Strike,2018,IN,India,5784490,0.2613854079578056
Counter-Strike,2018,IQ,Iraq,497667,0.02248822140277488
Counter-Strike,2018,IR,"Iran, Islamic Republic of",50000,0.0022593643342611503
Counter-Strike,2018,IS,Iceland,53466,0.002415983469912133
Counter-Strike,2018,IT,Italy,1012799,0.04576563876750717
Counter-Strike,2018,JO,Jordan,6213407,0.28076700340097144
Counter-Strike,2018,JP,Japan,2874397,0.12988620128614495
Counter-Strike,2018,KG,Kyrgyzstan,77440,0.00349930348090367
Counter-Strike,2018,KH,Cambodia,150000,0.006778093002783451
Counter-Strike,2018,KR,"Korea, Republic of",22659768,1.0239334328366423
Counter-Strike,2018,KW,Kuwait,688334,0.031103945793186295
Counter-Strike,2018,KZ,Kazakhstan,28506351,1.2881246549865935
Counter-Strike,2018,LB,Lebanon,1889405,0.08537708539949378
Counter-Strike,2018,LT,Lithuania,13368468,0.6040847960582298
Counter-Strike,2018,LU,Luxembourg,2700,0.00012200567405010212
Counter-Strike,2018,LV,Latvia,4597231,0.20773639515519446
Counter-Strike,2018,MA,Morocco,456592,0.02063215360217934
Counter-Strike,2018,MD,"Moldova, Republic of",30300,0.001369174786562257
Counter-Strike,2018,ME,Montenegro,2554298,0.11542179600549177
Counter-Strike,2018,MK,North Macedonia,768824,0.034741070498479895
Counter-Strike,2018,MM,Myanmar,150000,0.006778093002783451
Counter-Strike,2018,MN,Mongolia,4886737,0.2208183857742866
Counter-Strike,2018,MT,Malta,80987,0.0036595827867761557
Counter-Strike,2018,MU,Mauritius,500000,0.0225936433426115
Counter-Strike,2018,MV,Maldives,10154,0.0004588317090017544
Counter-Strike,2018,MX,Mexico,2493667,0.11268204562648
Counter-Strike,2018,MY,Malaysia,3248364,0.14678475532595775
Counter-Strike,2018,NL,Netherlands,24559908,1.109795603758702
Counter-Strike,2018,NO,Norway,34606126,1.5637569366269497
Counter-Strike,2018,NZ,New Zealand,7071600,0.319546416523223
Counter-Strike,2018,PA,Panama,6000,0.00027112372011133803
Counter-Strike,2018,PE,Peru,604600,0.02732023352988583
Counter-Strike,2018,PH,Philippines,2486641,0.11236455975022963
Counter-Strike,2018,PK,Pakistan,1082152,0.04889951266098745
Counter-Strike,2018,PL,Poland,110799140,5.00671250365616
Counter-Strike,2018,PS,"Palestine, State of",6000,0.00027112372011133803
Counter-Strike,2018,PT,Portugal,7528844,0.3402080322363211
Counter-Strike,2018,RO,Romania,4247636,0.1919391456664739
Counter-Strike,2018,RS,Serbia,8350316,0.37732812300420465
Counter-Strike,2018,RU,Russian Federation,113850938,5.14461497478755
Counter-Strike,2018,SA,Saudi Arabia,308333,0.013932731665514866
Counter-Strike,2018,SE,Sweden,240235635,10.855596510751594
Counter-Strike,2018,SG,Singapore,7696675,0.3477918597479888
Counter-Strike,2018,SI,Slovenia,346902,0.01567556012567723
Counter-Strike,2018,SK,Slovakia,39907805,1.803325425512976
Counter-Strike,2018,SY,Syrian Arab Republic,557024,0.02517040317854966
Counter-Strike,2018,TH,Thailand,7134804,0.32240243379087585
Counter-Strike,2018,TN,Tunisia,918059,0.04148459522694915
Counter-Strike,2018,TR,Turkey,59158960,2.6732328855196403
Counter-Strike,2018,TW,"Taiwan, Republic of China",258245,0.011669390850025416
Counter-Strike,2018,UA,Ukraine,91556215,4.137176935018915
Counter-Strike,2018,US,United States,275090673,12.430601105281935
Counter-Strike,2018,UY,Uruguay,414928,0.01874947048972621
Counter-Strike,2018,UZ,Uzbekistan,1142933,0.05164604113300199
Counter-Strike,2018,VE,Venezuela,203592,0.009199770070817922
Counter-Strike,2018,VN,Viet Nam,1147546,0.05185449008648092
Counter-Strike,2018,XK,"Kosovo, Republic of",326682,0.014761873188902023
Counter-Strike,2018,ZA,South Africa,13660301,0.6172719374934384
Counter-Strike,2019,AE,United Arab Emirates,1392000,0.06101825421567096
Counter-Strike,2019,AL,Albania,6807,0.00029838452330896
Counter-Strike,2019,AR,Argentina,6523476,0.28595626216798015
Counter-Strike,2019,AT,Austria,1701827,0.07459950611860107
Counter-Strike,2019,AU,Australia,36564286,1.6027937488236343
Counter-Strike,2019,AZ,Azerbaijan,2987259,0.1309463570905539
Counter-Strike,2019,BA,Bosnia and Herzegovina,20172818,0.8842745236856775
Counter-Strike,2019,BE,Belgium,9904344,0.4341564511720226
Counter-Strike,2019,BG,Bulgaria,90134410,3.951037602700801
Counter-Strike,2019,BN,Brunei Darussalam,150000,0.00657524291117144
Counter-Strike,2019,BO,Bolivia,2000,8.766990548228588e-05
Counter-Strike,2019,BR,Brazil,131136133,5.748346192711234
Counter-Strike,2019,BY,Belarus,5761270,0.2525449981789646
Counter-Strike,2019,CA,Canada,147750021,6.476615188037877
Counter-Strike,2019,CH,Switzerland,2766602,0.12127386792355153
Counter-Strike,2019,CL,Chile,901631,0.039522952274949445
Counter-Strike,2019,CN,China,30189887,1.3233722699054455
Counter-Strike,2019,CO,Colombia,1377387,0.06037769405126465
Counter-Strike,2019,CZ,Czech Republic,3774353,0.16544858538339105
Counter-Strike,2019,DE,Germany,44882238,1.9674107816467297
Counter-Strike,2019,DK,Denmark,317840160,13.93250839283731
Counter-Strike,2019,DO,Dominican Republic,10000,0.00043834952741142935
Counter-Strike,2019,DZ,Algeria,203185,0.008906604872709127
Counter-Strike,2019,EE,Estonia,21368095,0.9366694344932527
Counter-Strike,2019,ES,Spain,9488617,0.41593307777380545
Counter-Strike,2019,FI,Finland,107374705,4.706765119269164
Counter-Strike,2019,FO,Faroe Islands,10000,0.00043834952741142935
Counter-Strike,2019,FR,France,140029769,6.138198306468162
Counter-Strike,2019,GB,United Kingdom,34549896,1.5144930583714034
Counter-Strike,2019,GE,Georgia,112135,0.004915432425628063
Counter-Strike,2019,GR,Greece,223140,0.009781331354658633
Counter-Strike,2019,GT,Guatemala,689493,0.030223893070348864
Counter-Strike,2019,HK,Hong Kong,3993134,0.17503884017905105
Counter-Strike,2019,HR,Croatia,702071,0.030775249105926963
Counter-Strike,2019,HU,Hungary,1987150,0.08710662633956218
Counter-Strike,2019,ID,Indonesia,6113011,0.26796354829108693
Counter-Strike,2019,IE,Ireland,272290,0.01193581928188581
Counter-Strike,2019,IL,Israel,2417000,0.10594908077534246
Counter-Strike,2019,IN,India,4174944,0.18300847293691824
Counter-Strike,2019,IQ,Iraq,483766,0.02120585974777175
Counter-Strike,2019,IR,"Iran, Islamic Republic of",1393546,0.061086023052608775
Counter-Strike,2019,IS,Iceland,1127663,0.049431054312935464
Counter-Strike,2019,IT,Italy,399521,0.017512984154094167
Counter-Strike,2019,JE,Jersey,6000,0.0002630097164468576
Counter-Strike,2019,JO,Jordan,1741409,0.07633458121800098
Counter-Strike,2019,JP,Japan,5837800,0.25589968711224426
Counter-Strike,2019,KG,Kyrgyzstan,4900,0.0002147912684316004
Counter-Strike,2019,KH,Cambodia,200000,0.008766990548228588
Counter-Strike,2019,KR,"Korea, Republic of",8783355,0.3850179513336815
Counter-Strike,2019,KW,Kuwait,55000,0.0024109224007628615
Counter-Strike,2019,KZ,Kazakhstan,43919817,1.9252231025946462
Counter-Strike,2019,LA,Lao People's Democratic Republic,120000,0.005260194328937152
Counter-Strike,2019,LB,Lebanon,339482,0.014881177426468686
Counter-Strike,2019,LT,Lithuania,15902964,0.6971056753840974
Counter-Strike,2019,LU,Luxembourg,65088,0.0028531294040155114
Counter-Strike,2019,LV,Latvia,11728803,0.5141315252151755
Counter-Strike,2019,MA,Morocco,280000,0.012273786767520023
Counter-Strike,2019,MD,"Moldova, Republic of",99360,0.004355440904359962
Counter-Strike,2019,ME,Montenegro,3794758,0.1663430375940741
Counter-Strike,2019,MK,North Macedonia,243415,0.010670085021485308
Counter-Strike,2019,MM,Myanmar,367403,0.01610509314195414
Counter-Strike,2019,MN,Mongolia,5213985,0.22855478606802815
Counter-Strike,2019,MT,Malta,219947,0.009641366350556166
Counter-Strike,2019,MX,Mexico,3518581,0.15423683185088344
Counter-Strike,2019,MY,Malaysia,4550895,0.19948826725490368
Counter-Strike,2019,NL,Netherlands,23688207,1.0383714343674113
Counter-Strike,2019,NO,Norway,24154181,1.0587973826360126
Counter-Strike,2019,NZ,New Zealand,9390911,0.41165013988127935
Counter-Strike,2019,PA,Panama,5600,0.00024547573535040046
Counter-Strike,2019,PE,Peru,377457,0.01654580975681359
Counter-Strike,2019,PH,Philippines,2504122,0.10976806952805633
Counter-Strike,2019,PK,Pakistan,1277350,0.05599257688389893
Counter-Strike,2019,PL,Poland,80018136,3.5075912099943487
Counter-Strike,2019,PT,Portugal,11495873,0.5039210496731811
Counter-Strike,2019,RO,Romania,714886,0.03133699402530471
Counter-Strike,2019,RS,Serbia,17908215,0.785005758203227
Counter-Strike,2019,RU,Russian Federation,183203407,8.030712687861374
Counter-Strike,2019,SE,Sweden,140837552,6.17360743609826
Counter-Strike,2019,SG,Singapore,3694038,0.16192798115398618
Counter-Strike,2019,SI,Slovenia,508400,0.02228568997359707
Counter-Strike,2019,SK,Slovakia,31072292,1.3620524513789936
Counter-Strike,2019,SY,Syrian Arab Republic,1051500,0.0460924528073118
Counter-Strike,2019,TH,Thailand,12123395,0.5314284468872086
Counter-Strike,2019,TN,Tunisia,234517,0.010280041611994618
Counter-Strike,2019,TR,Turkey,26552550,1.1639297744068349
Counter-Strike,2019,TW,"Taiwan, Republic of China",405332,0.017767709064472947
Counter-Strike,2019,UA,Ukraine,75547504,3.311621267551307
Counter-Strike,2019,US,United States,309139567,13.551118309862389
Counter-Strike,2019,UY,Uruguay,708231,0.031045272414812402
Counter-Strike,2019,UZ,Uzbekistan,9779100,0.42866638635091087
Counter-Strike,2019,VE,Venezuela,128964,0.005653130845308757
Counter-Strike,2019,VN,Viet Nam,1729670,0.0758200027077727
Counter-Strike,2019,XK,"Kosovo, Republic of",3436680,0.1506467053864311
Counter-Strike,2019,ZA,South Africa,9561901,0.4191454784504874
Counter-Strike,2020,AE,United Arab Emirates,299895,0.01935235679395358
Counter-Strike,2020,AL,Albania,430762,0.02779726209932487
Counter-Strike,2020,AR,Argentina,15236250,0.9832019413523909
Counter-Strike,2020,AT,Austria,1635660,0.10554986216375103
Counter-Strike,2020,AU,Australia,33714957,2.1756410648953897
Counter-Strike,2020,AZ,Azerbaijan,159737,0.010307899155356919
Counter-Strike,2020,BA,Bosnia and Herzegovina,13771848,0.8887034335620668
Counter-Strike,2020,BE,Belgium,11280081,0.7279086086019997
Counter-Strike,2020,BG,Bulgaria,31604109,2.0394271112322633
Counter-Strike,2020,BR,Brazil,126929406,8.19081062557426
Counter-Strike,2020,BY,Belarus,5636555,0.36372938344668315
Counter-Strike,2020,CA,Canada,44833666,2.89313626706996
Counter-Strike,2020,CH,Switzerland,3192471,0.2060115635350699
Counter-Strike,2020,CL,Chile,422562,0.027268112477922653
Counter-Strike,2020,CN,China,46321179,2.989126137896897
Counter-Strike,2020,CO,Colombia,617000,0.03981528248843549
Counter-Strike,2020,CR,Costa Rica,15000,0.0009679566245162598
Counter-Strike,2020,CZ,Czech Republic,10014033,0.646209972031629
Counter-Strike,2020,DE,Germany,76571386,4.94118535513944
Counter-Strike,2020,DK,Denmark,237225225,15.308248536074018
Counter-Strike,2020,DZ,Algeria,68254,0.00440446076331552
Counter-Strike,2020,EC,Ecuador,9000,0.0005807739747097559
Counter-Strike,2020,EE,Estonia,14939989,0.9640840881833368
Counter-Strike,2020,ES,Spain,5883912,0.3796914398980477
Counter-Strike,2020,FI,Finland,54382478,3.509325322513984
Counter-Strike,2020,FO,Faroe Islands,20000,0.0012906088326883464
Counter-Strike,2020,FR,France,95204296,6.14357526637379
Counter-Strike,2020,GB,United Kingdom,13344202,0.8611072483188749
Counter-Strike,2020,GR,Greece,147629,0.009526564568047395
Counter-Strike,2020,GT,Guatemala,1264250,0.0815826108363121
Counter-Strike,2020,HK,Hong Kong,161355,0.010412309409921406
Counter-Strike,2020,HR,Croatia,495079,0.03194766651392569
Counter-Strike,2020,HU,Hungary,1976276,0.12752996307149972
Counter-Strike,2020,ID,Indonesia,3944593,0.2545463283580311
Counter-Strike,2020,IE,Ireland,394243,0.02544067490127759
Counter-Strike,2020,IL,Israel,2739767,0.17679837448540264
Counter-Strike,2020,IN,India,4806340,0.3101552428451654
Counter-Strike,2020,IQ,Iraq,253855,0.01638137526110501
Counter-Strike,2020,IS,Iceland,240399,0.01551305363847229
Counter-Strike,2020,IT,Italy,70000,0.004517130914409213
Counter-Strike,2020,JO,Jordan,9429000,0.6084575341709209
Counter-Strike,2020,JP,Japan,411090,0.02652781925149262
Counter-Strike,2020,KG,Kyrgyzstan,82210,0.005305047606765448
Counter-Strike,2020,KH,Cambodia,50000,0.0032265220817208656
Counter-Strike,2020,KR,"Korea, Republic of",769124,0.049631911391629584
Counter-Strike,2020,KZ,Kazakhstan,36348879,2.3456092147859975
Counter-Strike,2020,LA,Lao People's Democratic Republic,19248,0.0012420819405792646
Counter-Strike,2020,LB,Lebanon,143897,0.009285736959867749
Counter-Strike,2020,LT,Lithuania,7805180,0.5036717124361214
Counter-Strike,2020,LU,Luxembourg,110371,0.007122289373632275
Counter-Strike,2020,LV,Latvia,21032604,1.3572432248418123
Counter-Strike,2020,MD,"Moldova, Republic of",90000,0.005807739747097558
Counter-Strike,2020,ME,Montenegro,3765000,0.2429571127535812
Counter-Strike,2020,MK,North Macedonia,1063179,0.06860741040643817
Counter-Strike,2020,MM,Myanmar,50000,0.0032265220817208656
Counter-Strike,2020,MN,Mongolia,12082940,0.7797174544421664
Counter-Strike,2020,MT,Malta,107680,0.006948637955194057
Counter-Strike,2020,MX,Mexico,3959867,0.25553196632355524
Counter-Strike,2020,MY,Malaysia,2077105,0.1340365029710564
Counter-Strike,2020,NL,Netherlands,11321051,0.7305524207957618
Counter-Strike,2020,NO,Norway,14765663,0.9528347544149754
Counter-Strike,2020,NZ,New Zealand,7699705,0.49686536410473126
Counter-Strike,2020,PE,Peru,852250,0.05499606888293217
Counter-Strike,2020,PH,Philippines,2449864,0.15809080586426016
Counter-Strike,2020,PK,Pakistan,142780,0.009213656456562105
Counter-Strike,2020,PL,Poland,45358912,2.9270306234166714
Counter-Strike,2020,PT,Portugal,12326787,0.7954530090433941
Counter-Strike,2020,RO,Romania,5986520,0.38631277945327197
Counter-Strike,2020,RS,Serbia,9488637,0.6123059361186727
Counter-Strike,2020,RU,Russian Federation,156551580,10.102342595965814
Counter-Strike,2020,SE,Sweden,79046320,5.100893939175474
Counter-Strike,2020,SG,Singapore,3535354,0.2281379549540038
Counter-Strike,2020,SI,Slovenia,7879,0.000508435349637574
Counter-Strike,2020,SK,Slovakia,10664195,0.688165213025545
Counter-Strike,2020,SY,Syrian Arab Republic,1272560,0.0821188588062941
Counter-Strike,2020,TH,Thailand,8189937,0.5285002515680549
Counter-Strike,2020,TN,Tunisia,45000,0.002903869873548779
Counter-Strike,2020,TR,Turkey,21316810,1.3755831635369635
Counter-Strike,2020,TW,"Taiwan, Republic of China",362726,0.02340686897228566
Counter-Strike,2020,UA,Ukraine,25342032,1.635332516873536
Counter-Strike,2020,US,United States,145855354,9.412110408364278
Counter-Strike,2020,UY,Uruguay,779277,0.050287088965543826
Counter-Strike,2020,UZ,Uzbekistan,12810000,0.8266349573368859
Counter-Strike,2020,VE,Venezuela,33727,0.002176418205003993
Counter-Strike,2020,VN,Viet Nam,621564,0.04010979942405497
Counter-Strike,2020,XK,"Kosovo, Republic of",3143849,0.20287396440192124
Counter-Strike,2020,ZA,South Africa,10030810,0.6472925992509296
Counter-Strike,2021,AE,United Arab Emirates,286313,0.014274027414239995
Counter-Strike,2021,AL,Albania,380279,0.018958667161671917
Counter-Strike,2021,AR,Argentina,12002959,0.5984030268202934
Counter-Strike,2021,AT,Austria,1036274,0.05166305227029208
Counter-Strike,2021,AU,Australia,21745082,1.0840929213584316
Counter-Strike,2021,AZ,Azerbaijan,662504,0.03302888886653297
Counter-Strike,2021,BA,Bosnia and Herzegovina,30654353,1.5282612912714058
Counter-Strike,2021,BE,Belgium,6115716,0.3048967313454372
Counter-Strike,2021,BG,Bulgaria,50299406,2.5076580531236363
Counter-Strike,2021,BR,Brazil,107535870,5.361160535477426
Counter-Strike,2021,BY,Belarus,5085206,0.2535210411369994
Counter-Strike,2021,CA,Canada,49661953,2.475878072482556
Counter-Strike,2021,CH,Switzerland,4103392,0.20457307177589937
Counter-Strike,2021,CL,Chile,661704,0.032989005166067426
Counter-Strike,2021,CN,China,30971943,1.544094621809972
Counter-Strike,2021,CO,Colombia,78000,0.003888660795390777
Counter-Strike,2021,CZ,Czech Republic,22168375,1.1051960353848849
Counter-Strike,2021,DE,Germany,59928811,2.98772843397543
Counter-Strike,2021,DK,Denmark,204964885,10.218447599118964
Counter-Strike,2021,DZ,Algeria,137050,0.006832576436003923
Counter-Strike,2021,EE,Estonia,27155475,1.353826038624543
Counter-Strike,2021,ES,Spain,7654406,0.38160754518210177
Counter-Strike,2021,FI,Finland,32549319,1.6227341116918992
Counter-Strike,2021,FR,France,106885728,5.328747949492336
Counter-Strike,2021,GB,United Kingdom,20391582,1.0166146856332854
Counter-Strike,2021,GE,Georgia,430000,0.021437489000231204
Counter-Strike,2021,GR,Greece,215026,0.010720040720380734
Counter-Strike,2021,GT,Guatemala,1030000,0.05135026434939103
Counter-Strike,2021,HK,Hong Kong,636272,0.0317211023282677
Counter-Strike,2021,HR,Croatia,685412,0.03417095862936389
Counter-Strike,2021,HU,Hungary,5824452,0.29037587367994105
Counter-Strike,2021,ID,Indonesia,1029167,0.05130873544628128
Counter-Strike,2021,IE,Ireland,381219,0.019005530509718933
Counter-Strike,2021,IL,Israel,13948672,0.6954058199251931
Counter-Strike,2021,IN,India,61219,0.0030520503235003586
Counter-Strike,2021,IQ,Iraq,1039883,0.05184297761401728
Counter-Strike,2021,IS,Iceland,237000,0.011815546262918131
Counter-Strike,2021,IT,Italy,241541,0.012041936117685689
Counter-Strike,2021,JO,Jordan,3838444,0.1913641884372174
Counter-Strike,2021,KG,Kyrgyzstan,19211,0.0009577572120545156
Counter-Strike,2021,KR,"Korea, Republic of",947922,0.04725829639087713
Counter-Strike,2021,KZ,Kazakhstan,71504135,3.5648118779849933
Counter-Strike,2021,LB,Lebanon,260134,0.012968883171130569
Counter-Strike,2021,LT,Lithuania,5999505,0.2991030754519352
Counter-Strike,2021,LU,Luxembourg,348880,0.017393281773024797
Counter-Strike,2021,LV,Latvia,38249237,1.9069013894296198
Counter-Strike,2021,MD,"Moldova, Republic of",56186,0.00280113199294649
Counter-Strike,2021,ME,Montenegro,2495000,0.12438729082692294
Counter-Strike,2021,MK,North Macedonia,5313739,0.2649144682851153
Counter-Strike,2021,MN,Mongolia,13614301,0.6787358789147366
Counter-Strike,2021,MT,Malta,374576,0.01867434623197815
Counter-Strike,2021,MU,Mauritius,17500,0.0008724559476838283
Counter-Strike,2021,MX,Mexico,4871333,0.24285848279991465
Counter-Strike,2021,MY,Malaysia,980000,0.048857533070294376
Counter-Strike,2021,NL,Netherlands,9592594,0.4782351822294974
Counter-Strike,2021,NO,Norway,33746926,1.6824403602712015
Counter-Strike,2021,NZ,New Zealand,2951241,0.14713301505704965
Counter-Strike,2021,PE,Peru,532000,0.02652266080958838
Counter-Strike,2021,PH,Philippines,676695,0.033736375858166176
Counter-Strike,2021,PK,Pakistan,285160,0.014216545030944027
Counter-Strike,2021,PL,Poland,62334491,3.107662709645375
Counter-Strike,2021,PT,Portugal,15720369,0.7837331105048272
Counter-Strike,2021,PY,Paraguay,30000,0.0014956387674579911
Counter-Strike,2021,RO,Romania,9715319,0.4843535911540401
Counter-Strike,2021,RS,Serbia,19559206,0.9751168918098981
Counter-Strike,2021,RU,Russian Federation,465374819,23.201087356504857
Counter-Strike,2021,SA,Saudi Arabia,210905,0.010514589808357587
Counter-Strike,2021,SE,Sweden,88904489,4.432300011648085
Counter-Strike,2021,SG,Singapore,800000,0.03988370046554643
Counter-Strike,2021,SK,Slovakia,11764752,0.5865273060242979
Counter-Strike,2021,SY,Syrian Arab Republic,875408,0.04364313807142883
Counter-Strike,2021,TH,Thailand,816667,0.04071462751012051
Counter-Strike,2021,TN,Tunisia,278556,0.01388730508360094
Counter-Strike,2021,TR,Turkey,14912735,0.7434688198275882
Counter-Strike,2021,TW,"Taiwan, Republic of China",86623,0.0043185572317837855
Counter-Strike,2021,UA,Ukraine,155164127,7.735649455332508
Counter-Strike,2021,US,United States,96176689,4.794852819805017
Counter-Strike,2021,UY,Uruguay,5297041,0.2640819957471482
Counter-Strike,2021,UZ,Uzbekistan,9090000,0.45317854653977135
Counter-Strike,2021,VE,Venezuela,96667,0.004819297091128721
Counter-Strike,2021,VN,Viet Nam,60000,0.0029912775349159823
Counter-Strike,2021,XK,"Kosovo, Republic of",8416504,0.4196016556288418
Counter-Strike,2021,ZA,South Africa,14595399,0.7276481523639199
Counter-Strike,2022,AE,United Arab Emirates,100000,0.005800543495148017
Counter-Strike,2022,AL,Albania,517441,0.030014390266728853
Counter-Strike,2022,AR,Argentina,8297662,0.4813094933903688
Counter-Strike,2022,AT,Austria,1145170,0.06642608394338655
Counter-Strike,2022,AU,Australia,30572947,1.7733970884835508
Counter-Strike,2022,AZ,Azerbaijan,440274,0.02553828486782798
Counter-Strike,2022,BA,Bosnia and Herzegovina,36150952,2.0969516946700817
Counter-Strike,2022,BE,Belgium,5034832,0.2920476200676308
Counter-Strike,2022,BG,Bulgaria,25688576,1.4900770241641546
Counter-Strike,2022,BR,Brazil,133723664,7.756699293625591
Counter-Strike,2022,BY,Belarus,4333312,0.25135564734046845
Counter-Strike,2022,CA,Canada,59016155,3.423257739938971
Counter-Strike,2022,CH,Switzerland,2232017,0.1294691169040979
Counter-Strike,2022,CL,Chile,981397,0.05692635984507778
Counter-Strike,2022,CN,China,31358220,1.8189471904042045
Counter-Strike,2022,CO,Colombia,115000,0.00667062501942022
Counter-Strike,2022,CZ,Czech Republic,25713729,1.4915360348694893
Counter-Strike,2022,DE,Germany,68423593,3.968940272908054
Counter-Strike,2022,DK,Denmark,258026788,14.966956067073363
Counter-Strike,2022,DZ,Algeria,120205,0.006972543308342674
Counter-Strike,2022,EE,Estonia,40075470,2.324595068234995
Counter-Strike,2022,ES,Spain,26385299,1.5304907448198548
Counter-Strike,2022,FI,Finland,18303007,1.0616738819549862
Counter-Strike,2022,FR,France,52941883,3.070916950565374
Counter-Strike,2022,GB,United Kingdom,13556819,0.7863691826534904
Counter-Strike,2022,GE,Georgia,1217696,0.0706329861186776
Counter-Strike,2022,GR,Greece,430949,0.02499738418690543
Counter-Strike,2022,GT,Guatemala,620000,0.03596336966991771
Counter-Strike,2022,HK,Hong Kong,999194,0.057958682570909276
Counter-Strike,2022,HR,Croatia,1708260,0.09908836431021552
Counter-Strike,2022,HU,Hungary,8228864,0.4773188354765769
Counter-Strike,2022,ID,Indonesia,2805254,0.16271997841937955
Counter-Strike,2022,IE,Ireland,225082,0.01305597930974906
Counter-Strike,2022,IL,Israel,23721858,1.3759966911472494
Counter-Strike,2022,IN,India,620493,0.035991966349348786
Counter-Strike,2022,IQ,Iraq,1350735,0.07834997117918757
Counter-Strike,2022,IS,Iceland,503815,0.029224008210079984
Counter-Strike,2022,IT,Italy,27000,0.0015661467436899647
Counter-Strike,2022,JO,Jordan,1176205,0.06822628261710574
Counter-Strike,2022,KG,Kyrgyzstan,349000,0.02024389679806658
Counter-Strike,2022,KR,"Korea, Republic of",582093,0.033764557647211944
Counter-Strike,2022,KZ,Kazakhstan,33598587,1.9489006526901473
Counter-Strike,2022,LB,Lebanon,44975,0.0026087944369428207
Counter-Strike,2022,LT,Lithuania,6667538,0.3867534417455222
Counter-Strike,2022,LU,Luxembourg,549243,0.031859079109055825
Counter-Strike,2022,LV,Latvia,49361151,2.8632150334606905
Counter-Strike,2022,MD,"Moldova, Republic of",140535,0.008151793800906266
Counter-Strike,2022,ME,Montenegro,7376502,0.42787720693046344
Counter-Strike,2022,MK,North Macedonia,12510205,0.7256598823571819
Counter-Strike,2022,MN,Mongolia,12326494,0.7150036458968106
Counter-Strike,2022,MT,Malta,91928,0.00533232362421967
Counter-Strike,2022,MX,Mexico,213333,0.012374473454504119
Counter-Strike,2022,MY,Malaysia,1922868,0.11153679469428276
Counter-Strike,2022,NA,Namibia,500000,0.029002717475740087
Counter-Strike,2022,NL,Netherlands,6035757,0.3501067100464411
Counter-Strike,2022,NO,Norway,44427714,2.577048874469965
Counter-Strike,2022,NZ,New Zealand,1270026,0.07366841052968855
Counter-Strike,2022,PE,Peru,346667,0.020108570118324776
Counter-Strike,2022,PH,Philippines,79167,0.004592116268803831
Counter-Strike,2022,PK,Pakistan,660667,0.038322276693089546
Counter-Strike,2022,PL,Poland,76279594,4.4246310278923175
Counter-Strike,2022,PT,Portugal,16530498,0.958858726454573
Counter-Strike,2022,PY,Paraguay,38719,0.0022459124358863605
Counter-Strike,2022,RO,Romania,19234960,1.115732221074323
Counter-Strike,2022,RS,Serbia,10024870,0.581496944682045
Counter-Strike,2022,RU,Russian Federation,262981339,15.254346952817654
Counter-Strike,2022,SE,Sweden,73357750,4.255148195811945
Counter-Strike,2022,SG,Singapore,541820,0.03142850476541099
Counter-Strike,2022,SI,Slovenia,15197,0.0008815085949576442
Counter-Strike,2022,SK,Slovakia,16130021,0.9356288838815091
Counter-Strike,2022,SY,Syrian Arab Republic,1535000,0.08903834265052206
Counter-Strike,2022,TH,Thailand,799668,0.046385090156780245
Counter-Strike,2022,TN,Tunisia,250000,0.014501358737870043
Counter-Strike,2022,TR,Turkey,9382672,0.5442459703670743
Counter-Strike,2022,TW,"Taiwan, Republic of China",958998,0.055627096107599576
Counter-Strike,2022,UA,Ukraine,69479159,4.0301688378580485
Counter-Strike,2022,US,United States,78095075,4.529938792943465
Counter-Strike,2022,UY,Uruguay,1597665,0.09267325323175657
Counter-Strike,2022,UZ,Uzbekistan,102198,0.005928039441171371
Counter-Strike,2022,VE,Venezuela,118333,0.006863957134113503
Counter-Strike,2022,VN,Viet Nam,199932,0.011597142620719333
Counter-Strike,2022,XK,"Kosovo, Republic of",8183805,0.4747051685830982
Counter-Strike,2022,ZA,South Africa,12194844,0.7073672303854482
Counter-Strike,2023,AE,United Arab Emirates,80000,0.0038313344599752255
Counter-Strike,2023,AL,Albania,51922,0.0024866318478854207
Counter-Strike,2023,AR,Argentina,21065346,1.008854825513766
Counter-Strike,2023,AT,Austria,666444,0.03191712328554661
Counter-Strike,2023,AU,Australia,36018596,1.7249911006840726
Counter-Strike,2023,AZ,Azerbaijan,368383,0.017642481029613168
Counter-Strike,2023,BA,Bosnia and Herzegovina,46155410,2.210460160591064
Counter-Strike,2023,BD,Bangladesh,65000,0.0031129592487298702
Counter-Strike,2023,BE,Belgium,7867364,0.3767812850296066
Counter-Strike,2023,BG,Bulgaria,10878483,0.5209888348769334
Counter-Strike,2023,BR,Brazil,129706329,6.2118540996822995
Counter-Strike,2023,BY,Belarus,6314240,0.3023995662569246
Counter-Strike,2023,CA,Canada,35835170,1.71620652125088
Counter-Strike,2023,CH,Switzerland,3709403,0.17764954424794352
Counter-Strike,2023,CL,Chile,3103209,0.14861789472756573
Counter-Strike,2023,CN,China,36809164,1.762852730950994
Counter-Strike,2023,CO,Colombia,25000,0.001197292018742258
Counter-Strike,2023,CZ,Czech Republic,21504659,1.0298942634589545
Counter-Strike,2023,DE,Germany,52231862,2.5014716598658815
Counter-Strike,2023,DK,Denmark,288261823,13.805343199439738
Counter-Strike,2023,EE,Estonia,51224687,2.4532363563068116
Counter-Strike,2023,ES,Spain,26338622,1.26140087621077
Counter-Strike,2023,FI,Finland,22236207,1.064929326728029
Counter-Strike,2023,FR,France,143107677,6.8536671797138
Counter-Strike,2023,GB,United Kingdom,48129009,2.304979133826972
Counter-Strike,2023,GE,Georgia,842100,0.04032958435931421
Counter-Strike,2023,GR,Greece,1217955,0.058329912027489064
Counter-Strike,2023,GT,Guatemala,270000,0.012930753802416385
Counter-Strike,2023,HK,Hong Kong,828934,0.039699042490563795
Counter-Strike,2023,HR,Croatia,1249717,0.05985104759146073
Counter-Strike,2023,HU,Hungary,15743542,0.753984687333341
Counter-Strike,2023,ID,Indonesia,682095,0.032666675980960014
Counter-Strike,2023,IE,Ireland,149962,0.007181932228585059
Counter-Strike,2023,IL,Israel,116216782,5.565817021300356
Counter-Strike,2023,IN,India,22530317,1.0790147489533206
Counter-Strike,2023,IQ,Iraq,640000,0.030650675679801804
Counter-Strike,2023,IS,Iceland,393009,0.018821861559755043
Counter-Strike,2023,JO,Jordan,3715000,0.17791759398509951
Counter-Strike,2023,KG,Kyrgyzstan,1361200,0.06519015583647846
Counter-Strike,2023,KR,"Korea, Republic of",437095,0.020933214197285888
Counter-Strike,2023,KZ,Kazakhstan,38919808,1.863935019575243
Counter-Strike,2023,LB,Lebanon,15000,0.0007183752112453548
Counter-Strike,2023,LK,Sri Lanka,20000,0.0009578336149938064
Counter-Strike,2023,LT,Lithuania,13415531,0.6424923277395737
Counter-Strike,2023,LU,Luxembourg,284592,0.013629589207915868
Counter-Strike,2023,LV,Latvia,32659918,1.5641383661670645
Counter-Strike,2023,MD,"Moldova, Republic of",343696,0.016460179106945562
Counter-Strike,2023,ME,Montenegro,16580444,0.7940653307361184
Counter-Strike,2023,MK,North Macedonia,9434037,0.45181188818476614
Counter-Strike,2023,MN,Mongolia,13847524,0.6631811985816747
Counter-Strike,2023,MX,Mexico,1030000,0.049328431172181025
Counter-Strike,2023,MY,Malaysia,3830558,0.18345186082917223
Counter-Strike,2023,NL,Netherlands,9031548,0.43253601349150406
Counter-Strike,2023,NO,Norway,42518216,2.036268826718375
Counter-Strike,2023,NP,Nepal,20000,0.0009578336149938064
Counter-Strike,2023,NZ,New Zealand,2074596,0.09935588931658454
Counter-Strike,2023,PE,Peru,100000,0.004789168074969032
Counter-Strike,2023,PH,Philippines,381502,0.018270771989368356
Counter-Strike,2023,PK,Pakistan,559778,0.026808709266700148
Counter-Strike,2023,PL,Poland,101132500,4.843405403418056
Counter-Strike,2023,PS,"Palestine, State of",20000,0.0009578336149938064
Counter-Strike,2023,PT,Portugal,20569247,0.9850958105855253
Counter-Strike,2023,PY,Paraguay,45000,0.0021551256337360644
Counter-Strike,2023,QA,Qatar,20000,0.0009578336149938064
Counter-Strike,2023,RO,Romania,23497868,1.125352392554364
Counter-Strike,2023,RS,Serbia,14457920,0.6924140889445626
Counter-Strike,2023,RU,Russian Federation,310716803,14.880749932840418
Counter-Strike,2023,SE,Sweden,57070515,2.7332028846004124
Counter-Strike,2023,SI,Slovenia,37542,0.001797949478704874
Counter-Strike,2023,SK,Slovakia,32908863,1.5760607606312962
Counter-Strike,2023,SY,Syrian Arab Republic,125000,0.0059864600937112895
Counter-Strike,2023,TH,Thailand,53000,0.0025382590797335867
Counter-Strike,2023,TR,Turkey,25340000,1.2135751901971528
Counter-Strike,2023,TW,"Taiwan, Republic of China",752362,0.036031880712198504
Counter-Strike,2023,UA,Ukraine,72010283,3.448693484130852
Counter-Strike,2023,US,United States,53368390,2.5559018960049653
Counter-Strike,2023,UY,Uruguay,5419151,0.259532249626365
Counter-Strike,2023,UZ,Uzbekistan,2016000,0.09654962839137568
Counter-Strike,2023,VE,Venezuela,40000,0.0019156672299876127
Counter-Strike,2023,VN,Viet Nam,17000,0.0008141585727447355
Counter-Strike,2023,XK,"Kosovo, Republic of",14938515,0.7154305912544601
Counter-Strike,2023,ZA,South Africa,10390899,0.49763761761027636
Counter-Strike,2024,AE,United Arab Emirates,75000,0.0034717382313743305
Counter-Strike,2024,AM,Armenia,7500,0.00034717382313743304
Counter-Strike,2024,AR,Argentina,16253794,0.7523855737957694
Counter-Strike,2024,AT,Austria,327191,0.015145620048821314
Counter-Strike,2024,AU,Australia,17475257,0.8089269043998919
Counter-Strike,2024,AZ,Azerbaijan,460660,0.021323879115531987
Counter-Strike,2024,BA,Bosnia and Herzegovina,64367543,2.979563465236416
Counter-Strike,2024,BE,Belgium,4084824,0.18908586198980556
Counter-Strike,2024,BG,Bulgaria,5810288,0.2689573197986066
Counter-Strike,2024,BR,Brazil,158882596,7.354650437776031
Counter-Strike,2024,BW,Botswana,10516,0.0004867839898817661
Counter-Strike,2024,BY,Belarus,13340353,0.61752284706839
Counter-Strike,2024,CA,Canada,19480606,0.9017541949405357
Counter-Strike,2024,CH,Switzerland,2523975,0.11683440670044035
Counter-Strike,2024,CL,Chile,5633660,0.2607812373941908
Counter-Strike,2024,CN,China,17019566,0.7878330395146491
Counter-Strike,2024,CO,Colombia,15000,0.0006943476462748661
Counter-Strike,2024,CZ,Czech Republic,22718312,1.0516270976358697
Counter-Strike,2024,DE,Germany,35793856,1.6568919776467663
Counter-Strike,2024,DK,Denmark,139802761,6.47144786953851
Counter-Strike,2024,EE,Estonia,41016459,1.89864545101197
Counter-Strike,2024,EG,Egypt,750000,0.03471738231374331
Counter-Strike,2024,ES,Spain,14589914,0.6753648296835144
Counter-Strike,2024,FI,Finland,62559611,2.8958745766480813
Counter-Strike,2024,FR,France,123190389,5.702463776389011
Counter-Strike,2024,GB,United Kingdom,46199940,2.1385879731360022
Counter-Strike,2024,GE,Georgia,52603,0.002434984615799785
Counter-Strike,2024,GR,Greece,744130,0.03444566093483441
Counter-Strike,2024,GT,Guatemala,22556667,1.0441445759503964
Counter-Strike,2024,HK,Hong Kong,303000,0.014025822454752295
Counter-Strike,2024,HR,Croatia,503400,0.023302307008984505
Counter-Strike,2024,HU,Hungary,24259343,1.1229611808149766
Counter-Strike,2024,ID,Indonesia,458571,0.02122717963332744
Counter-Strike,2024,IE,Ireland,221206,0.010239591029458536
Counter-Strike,2024,IL,Israel,92561539,4.284659116015281
Counter-Strike,2024,IN,India,6060150,0.28052339257150866
Counter-Strike,2024,IQ,Iraq,889059,0.04115440160329908
Counter-Strike,2024,IS,Iceland,363000,0.016803213039851758
Counter-Strike,2024,IT,Italy,245124,0.011346751496365352
Counter-Strike,2024,JO,Jordan,2186250,0.10120116944456173
Counter-Strike,2024,KG,Kyrgyzstan,133333,0.0061719636480511144
Counter-Strike,2024,KR,"Korea, Republic of",230000,0.010646663909547946
Counter-Strike,2024,KZ,Kazakhstan,22182234,1.026812131134554
Counter-Strike,2024,LB,Lebanon,206250,0.009547280136279408
Counter-Strike,2024,LT,Lithuania,35552875,1.645737004970302
Counter-Strike,2024,LU,Luxembourg,266000,0.012313098260607626
Counter-Strike,2024,LV,Latvia,25424744,1.1769074102360684
Counter-Strike,2024,MD,"Moldova, Republic of",10000,0.00046289843084991076
Counter-Strike,2024,ME,Montenegro,6787000,0.31416916501783443
Counter-Strike,2024,MK,North Macedonia,11162669,0.5167181964196942
Counter-Strike,2024,MN,Mongolia,105384560,4.878234745980827
Counter-Strike,2024,MU,Mauritius,85994,0.003980648766250722
Counter-Strike,2024,MX,Mexico,175000,0.008100722539873437
Counter-Strike,2024,MY,Malaysia,1245804,0.05766807167465422
Counter-Strike,2024,NL,Netherlands,1868207,0.08647900888028193
Counter-Strike,2024,NO,Norway,27572009,1.2763039701479617
Counter-Strike,2024,NZ,New Zealand,552543,0.02557712876771022
Counter-Strike,2024,PE,Peru,60000,0.0027773905850994643
Counter-Strike,2024,PH,Philippines,151429,0.007009624648517113
Counter-Strike,2024,PK,Pakistan,1423626,0.0658994241517135
Counter-Strike,2024,PL,Poland,96722379,4.4772637467170355
Counter-Strike,2024,PS,"Palestine, State of",13971,0.0006467153977404103
Counter-Strike,2024,PT,Portugal,35475019,1.642133062947077
Counter-Strike,2024,PY,Paraguay,5000,0.00023144921542495538
Counter-Strike,2024,RO,Romania,60690659,2.8093610818347012
Counter-Strike,2024,RS,Serbia,17356676,0.8034378085170305
Counter-Strike,2024,RU,Russian Federation,344520089,15.947780859437158
Counter-Strike,2024,SE,Sweden,73324925,3.394199272468739
Counter-Strike,2024,SG,Singapore,30000,0.0013886952925497322
Counter-Strike,2024,SI,Slovenia,228792,0.010590745779101279
Counter-Strike,2024,SK,Slovakia,31156789,1.442242873842176
Counter-Strike,2024,SY,Syrian Arab Republic,7469,0.0003457388380017983
Counter-Strike,2024,TN,Tunisia,1650000,0.07637824109023526
Counter-Strike,2024,TR,Turkey,62131619,2.87606289412645
Counter-Strike,2024,TW,"Taiwan, Republic of China",140800,0.006517609906366743
Counter-Strike,2024,UA,Ukraine,163420662,7.564716800825363
Counter-Strike,2024,US,United States,44359868,2.053411328990917
Counter-Strike,2024,UY,Uruguay,9524366,0.4408814076240241
Counter-Strike,2024,UZ,Uzbekistan,2090856,0.0967853961533121
Counter-Strike,2024,VE,Venezuela,187571,0.00868263215729486
Counter-Strike,2024,VN,Viet Nam,145000,0.0067120272473237055
Counter-Strike,2024,XK,"Kosovo, Republic of",2258639,0.10455204489564117
Counter-Strike,2024,ZA,South Africa,10592084,0.4903059063030446
Counter-Strike,2025,AL,Albania,14000,0.0008350513236888528
Counter-Strike,2025,AM,Armenia,7000,0.0004175256618444264
Counter-Strike,2025,AR,Argentina,6255725,0.37313224584881777
Counter-Strike,2025,AT,Austria,85538,0.00510204429469265
Counter-Strike,2025,AU,Australia,9113767,0.5436045140815561
Counter-Strike,2025,AZ,Azerbaijan,232000,0.013837993363986705
Counter-Strike,2025,BA,Bosnia and Herzegovina,33527000,1.9997689806654406
Counter-Strike,2025,BE,Belgium,1012664,0.060401886689432034
Counter-Strike,2025,BG,Bulgaria,6011118,0.3585422887678492
Counter-Strike,2025,BR,Brazil,111225392,6.634207915529395
Counter-Strike,2025,BY,Belarus,10771214,0.6424654648882788
Counter-Strike,2025,CA,Canada,13586271,0.8103738273246767
Counter-Strike,2025,CH,Switzerland,156620,0.009341838451153437
Counter-Strike,2025,CL,Chile,6947500,0.4143942193805932
Counter-Strike,2025,CN,China,55749318,3.3252529850464847
Counter-Strike,2025,CO,Colombia,236000,0.014076579456469233
Counter-Strike,2025,CZ,Czech Republic,12306950,0.7340667777194663
Counter-Strike,2025,DE,Germany,21224783,1.2659845099399043
Counter-Strike,2025,DK,Denmark,115734365,6.903152477824202
Counter-Strike,2025,DZ,Algeria,600062,0.03579161195681289
Counter-Strike,2025,EE,Estonia,41768718,2.4913588039061723
Counter-Strike,2025,ES,Spain,19292911,1.150755062025802
Counter-Strike,2025,FI,Finland,34545210,2.0605016669720997
Counter-Strike,2025,FR,France,113390878,6.763371626295801
Counter-Strike,2025,GB,United Kingdom,44565874,2.6581994339321877
Counter-Strike,2025,GE,Georgia,739877,0.04413109058692409
Counter-Strike,2025,GR,Greece,24000,0.0014315165548951763
Counter-Strike,2025,GT,Guatemala,9063500,0.5406062623038512
Counter-Strike,2025,HK,Hong Kong,731724,0.04364479248392158
Counter-Strike,2025,HR,Croatia,898116,0.05356949675900984
Counter-Strike,2025,HU,Hungary,24894900,1.4848942284358302
Counter-Strike,2025,ID,Indonesia,10596,0.0006320145589862203
Counter-Strike,2025,IE,Ireland,351360,0.02095740236366538
Counter-Strike,2025,IL,Israel,97669400,5.825640125278288
Counter-Strike,2025,IN,India,1321200,0.07880498634697945
Counter-Strike,2025,IQ,Iraq,700000,0.04175256618444264
Counter-Strike,2025,IR,"Iran, Islamic Republic of",180000,0.010736374161713823
Counter-Strike,2025,IS,Iceland,61100,0.0036444025626706364
Counter-Strike,2025,IT,Italy,3353,0.00019999479202348024
Counter-Strike,2025,JO,Jordan,2160000,0.12883648994056587
Counter-Strike,2025,KG,Kyrgyzstan,388248,0.023157643308539266
Counter-Strike,2025,KR,"Korea, Republic of",16000,0.0009543443699301176
Counter-Strike,2025,KW,Kuwait,4000,0.0002385860924825294
Counter-Strike,2025,KZ,Kazakhstan,27882117,1.663071336292676
Counter-Strike,2025,LB,Lebanon,727167,0.043372983278060856
Counter-Strike,2025,LT,Lithuania,11020646,0.6573432164433043
Counter-Strike,2025,LU,Luxembourg,240000,0.014315165548951762
Counter-Strike,2025,LV,Latvia,21861441,1.30395894605684
Counter-Strike,2025,MD,"Moldova, Republic of",212797,0.012692601180501202
Counter-Strike,2025,ME,Montenegro,813925,0.04854779633096068
Counter-Strike,2025,MK,North Macedonia,19547738,1.1659546065730635
Counter-Strike,2025,MN,Mongolia,131044408,7.816343311601578
Counter-Strike,2025,MX,Mexico,527000,0.031433717684573245
Counter-Strike,2025,MY,Malaysia,804760,0.04800113594656009
Counter-Strike,2025,NL,Netherlands,1606810,0.09584062981546326
Counter-Strike,2025,NO,Norway,12084934,0.7208242952423158
Counter-Strike,2025,NZ,New Zealand,1767560,0.10542880840710489
Counter-Strike,2025,PE,Peru,610000,0.03638437910358573
Counter-Strike,2025,PH,Philippines,104194,0.006214809830031166
Counter-Strike,2025,PK,Pakistan,620000,0.03698084433479205
Counter-Strike,2025,PL,Poland,30432933,1.815218641813155
Counter-Strike,2025,PT,Portugal,18419149,1.098638196690872
Counter-Strike,2025,RO,Romania,18538423,1.1057524760895623
Counter-Strike,2025,RS,Serbia,7148979,0.4264117412124151
Counter-Strike,2025,RU,Russian Federation,256121686,15.276768065694338
Counter-Strike,2025,SA,Saudi Arabia,4000,0.0002385860924825294
Counter-Strike,2025,SE,Sweden,65817066,3.9257591489011845
Counter-Strike,2025,SG,Singapore,62759,0.003743356144527765
Counter-Strike,2025,SK,Slovakia,17551950,1.046912791487183
Counter-Strike,2025,TM,Turkmenistan,88355,0.005270068550323471
Counter-Strike,2025,TR,Turkey,79203043,4.724186135523937
Counter-Strike,2025,TW,"Taiwan, Republic of China",46000,0.002743740063549088
Counter-Strike,2025,UA,Ukraine,98739445,5.889464589110906
Counter-Strike,2025,US,United States,38162168,2.276240635945456
Counter-Strike,2025,UY,Uruguay,5335500,0.31824402411013386
Counter-Strike,2025,UZ,Uzbekistan,1227717,0.07322905042609339
Counter-Strike,2025,VE,Venezuela,161000,0.009603090222421807
Counter-Strike,2025,VN,Viet Nam,111280,0.006637465092863967
Counter-Strike,2025,XK,"Kosovo, Republic of",5833455,0.34794530853066835
Counter-Strike,2025,ZA,South Africa,4485000,0.26751465619603604
Dota 2,2012,AU,Australia,178000,0.08371786760676753
Dota 2,2012,BG,Bulgaria,80000,0.037626007913153944
Dota 2,2012,BY,Belarus,499681,0.23501251575065843
Dota 2,2012,CA,Canada,3045897,1.4325618078081481
Dota 2,2012,CN,China,116810174,54.93875664076111
Dota 2,2012,CZ,Czech Republic,33333,0.015677346522114506
Dota 2,2012,DE,Germany,2229837,1.048748307588043
Dota 2,2012,DK,Denmark,2488520,1.1704134151505232
Dota 2,2012,EE,Estonia,6166832,2.9004158703886374
Dota 2,2012,FI,Finland,798646,0.3756232589476093
Dota 2,2012,FR,France,1541872,0.7251811009133812
Dota 2,2012,GB,United Kingdom,31418,0.014776673957693382
Dota 2,2012,HR,Croatia,202169,0.09508515492243025
Dota 2,2012,HU,Hungary,20000,0.009406501978288486
Dota 2,2012,ID,Indonesia,100000,0.04703250989144243
Dota 2,2012,IL,Israel,632646,0.29754929252781487
Dota 2,2012,KZ,Kazakhstan,99320,0.04671268882418062
Dota 2,2012,LB,Lebanon,60000,0.028219505934865458
Dota 2,2012,MO,Macao,3909097,1.838546433191079
Dota 2,2012,MY,Malaysia,26115352,12.282705512585009
Dota 2,2012,NL,Netherlands,982401,0.4620478474986293
Dota 2,2012,NO,Norway,20000,0.009406501978288486
Dota 2,2012,PH,Philippines,300400,0.14128565971389306
Dota 2,2012,RO,Romania,304231,0.1430874751678342
Dota 2,2012,RS,Serbia,98400,0.04627998973317935
Dota 2,2012,RU,Russian Federation,17560277,8.259039016989691
Dota 2,2012,SE,Sweden,5392491,2.536223862970143
Dota 2,2012,SG,Singapore,3311916,1.5576772202962643
Dota 2,2012,SK,Slovakia,28547,0.01342637059871007
Dota 2,2012,TH,Thailand,200000,0.09406501978288485
Dota 2,2012,UA,Ukraine,14708053,6.917566482063594
Dota 2,2012,US,United States,4669379,2.1961261400439356
Dota 2,2013,AM,Armenia,14000,0.002929526132889135
Dota 2,2013,AU,Australia,151716,0.03174685619838629
Dota 2,2013,BR,Brazil,65406,0.013686327589124771
Dota 2,2013,BY,Belarus,2118943,0.4433927780430359
Dota 2,2013,CA,Canada,10650355,2.2286066640747477
Dota 2,2013,CN,China,94727258,19.821855557709387
Dota 2,2013,CZ,Czech Republic,8000,0.0016740149330795057
Dota 2,2013,DE,Germany,23769458,4.973803455400765
Dota 2,2013,DK,Denmark,5094770,1.0660901325756842
Dota 2,2013,EE,Estonia,16803498,3.516163322496451
Dota 2,2013,FI,Finland,3122135,0.6533125766362728
Dota 2,2013,FR,France,3633472,0.7603107983657822
Dota 2,2013,GB,United Kingdom,1322953,0.2768303847202914
Dota 2,2013,HR,Croatia,44000,0.00920708213193728
Dota 2,2013,IL,Israel,2865410,0.5995923911744183
Dota 2,2013,KR,"Korea, Republic of",9040682,1.8917795841528866
Dota 2,2013,KZ,Kazakhstan,116902,0.024461961713357547
Dota 2,2013,MO,Macao,2122249,0.444084564714131
Dota 2,2013,MY,Malaysia,41818915,8.750686024397817
Dota 2,2013,NL,Netherlands,2430530,0.5085929394122164
Dota 2,2013,NO,Norway,40000,0.008370074665397529
Dota 2,2013,PE,Peru,495196,0.10362068735015487
Dota 2,2013,PH,Philippines,1309922,0.2741036236461715
Dota 2,2013,RO,Romania,1450217,0.3034606142757202
Dota 2,2013,RS,Serbia,96000,0.02008817919695407
Dota 2,2013,RU,Russian Federation,7308211,1.5292567935119885
Dota 2,2013,SE,Sweden,172138564,36.02031583685778
Dota 2,2013,SG,Singapore,6541704,1.3688637729732418
Dota 2,2013,SK,Slovakia,6000,0.0012555111998096293
Dota 2,2013,TH,Thailand,918105,0.19211518501686997
Dota 2,2013,UA,Ukraine,54513312,11.407012292452777
Dota 2,2013,US,United States,13155106,2.7527304862804756
Dota 2,2014,AR,Argentina,662405,0.040663896077003256
Dota 2,2014,AU,Australia,2900901,0.17808128983578753
Dota 2,2014,BA,Bosnia and Herzegovina,82121,0.005041266007562722
Dota 2,2014,BG,Bulgaria,226512,0.013905179502259437
Dota 2,2014,BH,Bahrain,37334,0.0022918696207589614
Dota 2,2014,BR,Brazil,2537687,0.15578421123627112
Dota 2,2014,BY,Belarus,6655861,0.40859178298318855
Dota 2,2014,CA,Canada,80862453,4.9640059862524595
Dota 2,2014,CN,China,941605219,57.80351412048505
Dota 2,2014,DE,Germany,41717822,2.560984863288955
Dota 2,2014,DK,Denmark,14663857,0.9001887925604981
Dota 2,2014,EE,Estonia,17745790,1.089383323441586
Dota 2,2014,FI,Finland,6782055,0.41633861415375845
Dota 2,2014,FR,France,1220902,0.07494905993796157
Dota 2,2014,GB,United Kingdom,1337217,0.08208943640280805
Dota 2,2014,GR,Greece,376364,0.023104334331904584
Dota 2,2014,HR,Croatia,86560,0.005313768531978777
Dota 2,2014,IL,Israel,4722653,0.28991549097568353
Dota 2,2014,IT,Italy,12483,0.0007663097572168563
Dota 2,2014,KR,"Korea, Republic of",25099800,1.5408332647754266
Dota 2,2014,KZ,Kazakhstan,1326547,0.0814344235766041
Dota 2,2014,MN,Mongolia,127400,0.007820865422528838
Dota 2,2014,MO,Macao,14414867,0.8849037275561381
Dota 2,2014,MY,Malaysia,49573731,3.0432455152562476
Dota 2,2014,NL,Netherlands,19703084,1.2095382132871364
Dota 2,2014,NZ,New Zealand,81470,0.00500130224468936
Dota 2,2014,PE,Peru,2029447,0.1245842375914826
Dota 2,2014,PH,Philippines,10851675,0.6661655399059705
Dota 2,2014,PK,Pakistan,173320,0.01063981471768209
Dota 2,2014,PT,Portugal,37334,0.0022918696207589614
Dota 2,2014,RO,Romania,23481555,1.441492006018125
Dota 2,2014,RS,Serbia,95511,0.005863254924420345
Dota 2,2014,RU,Russian Federation,41656371,2.5572124927938233
Dota 2,2014,SE,Sweden,94446458,5.797904534164224
Dota 2,2014,SG,Singapore,31752434,1.9492269478157698
Dota 2,2014,TH,Thailand,255590,0.01569022757726959
Dota 2,2014,TR,Turkey,158687,0.009741520182926483
Dota 2,2014,TW,"Taiwan, Republic of China",20000,0.0012277653724535069
Dota 2,2014,UA,Ukraine,73311750,4.500481402198419
Dota 2,2014,US,United States,114589364,7.034442658533522
Dota 2,2014,UZ,Uzbekistan,930994,0.057152109758099
Dota 2,2014,VE,Venezuela,70000,0.0042971788035872744
Dota 2,2014,VN,Viet Nam,483600,0.029687366705925793
Dota 2,2014,ZA,South Africa,68550,0.004208165814084394
Dota 2,2015,AR,Argentina,24069,0.0007765434585072778
Dota 2,2015,AT,Austria,5579,0.00017999650816453126
Dota 2,2015,AU,Australia,16963061,0.547282980423363
Dota 2,2015,BA,Bosnia and Herzegovina,793037,0.025585927737099008
Dota 2,2015,BG,Bulgaria,4988823,0.16095549737424295
Dota 2,2015,BH,Bahrain,128910,0.004159051777646482
Dota 2,2015,BR,Brazil,2461866,0.07942772603853414
Dota 2,2015,BY,Belarus,34288295,1.106250828269467
Dota 2,2015,CA,Canada,264791683,8.543032502421486
Dota 2,2015,CN,China,1091763266,35.22379917947738
Dota 2,2015,CZ,Czech Republic,144252,0.004654034109293774
Dota 2,2015,DE,Germany,57315569,1.8491848509523672
Dota 2,2015,DK,Denmark,86062260,2.7766456864577904
Dota 2,2015,EE,Estonia,44684162,1.4416549794332745
Dota 2,2015,EG,Egypt,5498,0.0001773831872895847
Dota 2,2015,FI,Finland,10646359,0.3434858298379694
Dota 2,2015,FR,France,2708369,0.08738070672541018
Dota 2,2015,GB,United Kingdom,537538,0.017342707117000502
Dota 2,2015,GR,Greece,5241413,0.16910486428538812
Dota 2,2015,HR,Croatia,616631,0.019894502030113476
Dota 2,2015,HU,Hungary,49203,0.0015874472470370016
Dota 2,2015,ID,Indonesia,783003,0.02526219858081242
Dota 2,2015,IL,Israel,29937919,0.9658936873476566
Dota 2,2015,IN,India,97338,0.0031404373743895223
Dota 2,2015,IQ,Iraq,11315,0.000365058341975564
Dota 2,2015,IR,"Iran, Islamic Republic of",39399,0.0012711386315064292
Dota 2,2015,IT,Italy,143957,0.00464451645919366
Dota 2,2015,JO,Jordan,25825266,0.8332062560351662
Dota 2,2015,KG,Kyrgyzstan,202239,0.006524881486769428
Dota 2,2015,KR,"Korea, Republic of",68884763,2.222444310045044
Dota 2,2015,KZ,Kazakhstan,2504675,0.08080888225255375
Dota 2,2015,LB,Lebanon,105156,0.003392671233652886
Dota 2,2015,ME,Montenegro,10001,0.00032266447000420815
Dota 2,2015,MK,North Macedonia,1889107,0.060948676026021366
Dota 2,2015,MO,Macao,31791562,1.0256981805155407
Dota 2,2015,MX,Mexico,5100407,0.1645555565904163
Dota 2,2015,MY,Malaysia,38547600,1.2436697254208793
Dota 2,2015,NL,Netherlands,2942542,0.09493588190132214
Dota 2,2015,NO,Norway,131278,0.004235451084212822
Dota 2,2015,PE,Peru,9694700,0.31278224551042866
Dota 2,2015,PH,Philippines,24811007,0.8004829940931605
Dota 2,2015,PK,Pakistan,174096994,5.616929736859895
Dota 2,2015,PL,Poland,1424960,0.04597379893782586
Dota 2,2015,PT,Portugal,42450,0.0013695737177960839
Dota 2,2015,RO,Romania,27421236,0.8846973883411972
Dota 2,2015,RS,Serbia,506391,0.016337804582531843
Dota 2,2015,RU,Russian Federation,111814217,3.607486758048247
Dota 2,2015,SA,Saudi Arabia,4556,0.00014699123341057618
Dota 2,2015,SE,Sweden,160032412,5.163161024045103
Dota 2,2015,SG,Singapore,67887696,2.190275717392941
Dota 2,2015,SI,Slovenia,305455,0.009854962072306309
Dota 2,2015,SK,Slovakia,13305,0.0004292621511254864
Dota 2,2015,TH,Thailand,1165016,0.03758716830181207
Dota 2,2015,TR,Turkey,834713,0.026930529722090053
Dota 2,2015,UA,Ukraine,135402433,4.368518576264903
Dota 2,2015,US,United States,548015135,17.680733235582398
Dota 2,2015,UZ,Uzbekistan,2300224,0.07421263452164381
Dota 2,2015,VE,Venezuela,127800,0.004123239602693511
Dota 2,2015,VN,Viet Nam,62105,0.002003707320229112
Dota 2,2015,ZA,South Africa,374397,0.01207925303231332
Dota 2,2016,AE,United Arab Emirates,10000,0.0002706407410911894
Dota 2,2016,AL,Albania,445000,0.012043512978557928
Dota 2,2016,AM,Armenia,677700,0.018341323023749908
Dota 2,2016,AR,Argentina,305856,0.008277709450718684
Dota 2,2016,AU,Australia,53414794,1.4456219433393218
Dota 2,2016,BA,Bosnia and Herzegovina,206197,0.005580530889077998
Dota 2,2016,BD,Bangladesh,55568,0.0015038964700955213
Dota 2,2016,BG,Bulgaria,36428320,0.9858987521506997
Dota 2,2016,BR,Brazil,4374693,0.11839701555664388
Dota 2,2016,BY,Belarus,3359136,0.09091190564660936
Dota 2,2016,CA,Canada,105037280,2.842736730140277
Dota 2,2016,CL,Chile,295856,0.008007068709627493
Dota 2,2016,CN,China,1435577973,38.85258865069075
Dota 2,2016,CZ,Czech Republic,100072,0.002708356024247751
Dota 2,2016,DE,Germany,80315351,2.1736606115639
Dota 2,2016,DK,Denmark,216885621,5.869808519946284
Dota 2,2016,EC,Ecuador,295856,0.008007068709627493
Dota 2,2016,EE,Estonia,28829260,0.7802372291510584
Dota 2,2016,EG,Egypt,898950,0.024329249420392475
Dota 2,2016,FI,Finland,92727640,2.509587720923702
Dota 2,2016,GB,United Kingdom,953944,0.02581761111194936
Dota 2,2016,GR,Greece,53308937,1.4427570216463528
Dota 2,2016,HR,Croatia,190580,0.005157871243715888
Dota 2,2016,ID,Indonesia,450727,0.012198508930980853
Dota 2,2016,IL,Israel,59041576,1.5979055883831785
Dota 2,2016,IN,India,2121073,0.05740487686285125
Dota 2,2016,IT,Italy,35233,0.0009535485230865876
Dota 2,2016,JO,Jordan,45152905,1.2220215671620074
Dota 2,2016,KG,Kyrgyzstan,2309332,0.06249993239055986
Dota 2,2016,KH,Cambodia,350727,0.00949210152006896
Dota 2,2016,KR,"Korea, Republic of",175308470,4.744561424036255
Dota 2,2016,KZ,Kazakhstan,311283,0.008424586180908872
Dota 2,2016,LB,Lebanon,2000000,0.05412814821823789
Dota 2,2016,LT,Lithuania,12000,0.00032476888930942733
Dota 2,2016,MK,North Macedonia,75897340,2.0540912344449973
Dota 2,2016,MN,Mongolia,202945,0.005492518520075144
Dota 2,2016,MO,Macao,13420926,0.3632249358770013
Dota 2,2016,MX,Mexico,405856,0.010984116861630578
Dota 2,2016,MY,Malaysia,198679576,5.377078768832329
Dota 2,2016,NL,Netherlands,2273168,0.06152118721447769
Dota 2,2016,NP,Nepal,111135,0.0030077658761169337
Dota 2,2016,PE,Peru,6243234,0.1689673476565711
Dota 2,2016,PH,Philippines,99479708,2.6923261896655126
Dota 2,2016,PK,Pakistan,64863440,1.7554689471323899
Dota 2,2016,PL,Poland,1527544,0.04134156402093998
Dota 2,2016,RO,Romania,101539142,2.7480628640643516
Dota 2,2016,RS,Serbia,569356,0.015409092978471524
Dota 2,2016,RU,Russian Federation,52324742,1.4161206952285283
Dota 2,2016,SE,Sweden,201867013,5.463343800018476
Dota 2,2016,SG,Singapore,24581970,0.6652882578281386
Dota 2,2016,SI,Slovenia,350855,0.009495565721554926
Dota 2,2016,SK,Slovakia,35223,0.0009532778823454965
Dota 2,2016,TH,Thailand,7168320,0.19400394371787952
Dota 2,2016,TR,Turkey,2187550,0.059204015317403144
Dota 2,2016,UA,Ukraine,137033686,3.7086898333497347
Dota 2,2016,US,United States,289901984,7.845928779356615
Dota 2,2016,UZ,Uzbekistan,10497520,0.2841056592419583
Dota 2,2016,VE,Venezuela,10000,0.0002706407410911894
Dota 2,2016,VN,Viet Nam,776454,0.02101400859832184
Dota 2,2016,ZA,South Africa,1198600,0.032438999227189964
Dota 2,2017,AL,Albania,385642,0.010152512324224252
Dota 2,2017,AM,Armenia,17273960,0.45475879646967066
Dota 2,2017,AR,Argentina,1196034,0.03148710442636234
Dota 2,2017,AU,Australia,132488564,3.487928645813406
Dota 2,2017,BA,Bosnia and Herzegovina,2170600,0.05714378426354276
Dota 2,2017,BG,Bulgaria,242312414,6.379180093059182
Dota 2,2017,BR,Brazil,21050399,0.5541783189521314
Dota 2,2017,BY,Belarus,3958129,0.10420274102242343
Dota 2,2017,CA,Canada,52329823,1.377648629900202
Dota 2,2017,CH,Switzerland,331519,0.00872765604683748
Dota 2,2017,CL,Chile,784,2.063978939584333e-05
Dota 2,2017,CN,China,1017094291,26.77629076779922
Dota 2,2017,CO,Colombia,40000,0.0010530504793797616
Dota 2,2017,CZ,Czech Republic,77871,0.0020500523469945357
Dota 2,2017,DE,Germany,280029792,7.372137667655373
Dota 2,2017,DK,Denmark,126037536,3.3180971926160994
Dota 2,2017,EE,Estonia,26396380,0.6949180153222588
Dota 2,2017,EG,Egypt,577276,0.015197519213360782
Dota 2,2017,FI,Finland,282799501,7.4450537524101845
Dota 2,2017,FR,France,308638,0.008125284846370272
Dota 2,2017,GB,United Kingdom,284610,0.007492717423406849
Dota 2,2017,GR,Greece,12765600,0.3360705299892572
Dota 2,2017,HR,Croatia,818127,0.021538225738588157
Dota 2,2017,ID,Indonesia,3291833,0.08666165796720297
Dota 2,2017,IL,Israel,42392340,1.1160318489757461
Dota 2,2017,IN,India,417749,0.010997769617760401
Dota 2,2017,JO,Jordan,270721154,7.127076024948558
Dota 2,2017,KG,Kyrgyzstan,812520,0.0213906143876411
Dota 2,2017,KH,Cambodia,541527,0.014256381673677106
Dota 2,2017,KR,"Korea, Republic of",34577940,0.9103079073241159
Dota 2,2017,KZ,Kazakhstan,1207230,0.03178185325554074
Dota 2,2017,LA,Lao People's Democratic Republic,30000,0.0007897878595348213
Dota 2,2017,LB,Lebanon,243157507,6.401428232778445
Dota 2,2017,LT,Lithuania,8924,0.00023493556194962483
Dota 2,2017,MK,North Macedonia,6926000,0.18233569050460574
Dota 2,2017,MM,Myanmar,123889,0.003261534270996982
Dota 2,2017,MN,Mongolia,50000,0.001316313099224702
Dota 2,2017,MO,Macao,55623054,1.4643470919816592
Dota 2,2017,MY,Malaysia,102185429,2.690160374851915
Dota 2,2017,NL,Netherlands,1216527,0.03202660851321058
Dota 2,2017,NO,Norway,88000,0.0023167110546354758
Dota 2,2017,PE,Peru,27591580,0.7263831636461261
Dota 2,2017,PH,Philippines,178573008,4.70115979196715
Dota 2,2017,PK,Pakistan,25629500,0.67472893153159
Dota 2,2017,PL,Poland,7083276,0.18647617968447902
Dota 2,2017,PT,Portugal,120000,0.003159151438139285
Dota 2,2017,RO,Romania,6438333,0.16949724130141347
Dota 2,2017,RS,Serbia,2570245,0.06766494323433589
Dota 2,2017,RU,Russian Federation,187327024,4.931620310599603
Dota 2,2017,SE,Sweden,101028344,2.659698652003587
Dota 2,2017,SG,Singapore,17908113,0.4714536744859235
Dota 2,2017,SI,Slovenia,612175,0.01611627943035764
Dota 2,2017,SK,Slovakia,660952,0.017400395511175306
Dota 2,2017,TH,Thailand,9056460,0.23842273861209093
Dota 2,2017,TR,Turkey,702778,0.01850151774493875
Dota 2,2017,UA,Ukraine,177334286,4.668548872069194
Dota 2,2017,US,United States,67158184,1.768023946386856
Dota 2,2017,UZ,Uzbekistan,4200000,0.11057030033487499
Dota 2,2017,VN,Viet Nam,395000,0.010398873483875146
Dota 2,2018,AL,Albania,29785,0.0007198254306578039
Dota 2,2018,AM,Armenia,84209160,2.0351148182753707
Dota 2,2018,AR,Argentina,2450000,0.05921008242778645
Dota 2,2018,AT,Austria,174645,0.004220712181877863
Dota 2,2018,AU,Australia,243258783,5.878927588862457
Dota 2,2018,BA,Bosnia and Herzegovina,722900,0.01747059942328442
Dota 2,2018,BG,Bulgaria,67047158,1.6203541843791112
Dota 2,2018,BM,Bermuda,20000,0.00048334761165539963
Dota 2,2018,BO,Bolivia,650000,0.015708797378800488
Dota 2,2018,BR,Brazil,61584400,1.4883336327615397
Dota 2,2018,BY,Belarus,8334088,0.20141307650629633
Dota 2,2018,CA,Canada,87185172,2.107037232898261
Dota 2,2018,CH,Switzerland,14786,0.0003573388892968369
Dota 2,2018,CL,Chile,250000,0.006041845145692495
Dota 2,2018,CN,China,780218614,18.855840182299307
Dota 2,2018,CO,Colombia,33333,0.0008055712969654718
Dota 2,2018,CZ,Czech Republic,688432,0.016637598149357506
Dota 2,2018,DE,Germany,105826230,2.5575427760497504
Dota 2,2018,DK,Denmark,342756547,8.283527918585087
Dota 2,2018,EC,Ecuador,103333,0.0024972879377593705
Dota 2,2018,EE,Estonia,42335227,1.0231315429669594
Dota 2,2018,EG,Egypt,304953,0.007369915210857454
Dota 2,2018,FI,Finland,521849369,12.611732307501367
Dota 2,2018,FR,France,228509163,5.522467908871221
Dota 2,2018,GE,Georgia,312278,0.007546941273626245
Dota 2,2018,GR,Greece,16509200,0.3989841195170662
Dota 2,2018,HR,Croatia,1092062,0.026392277973980954
Dota 2,2018,ID,Indonesia,16995333,0.41073268074190994
Dota 2,2018,IL,Israel,88793560,2.1459077578190215
Dota 2,2018,IN,India,2773763,0.06703458606740581
Dota 2,2018,IR,"Iran, Islamic Republic of",100000,0.002416738058276998
Dota 2,2018,JO,Jordan,106563242,2.5753544255478187
Dota 2,2018,JP,Japan,2000000,0.04833476116553996
Dota 2,2018,KG,Kyrgyzstan,5480628,0.13245242270858548
Dota 2,2018,KR,"Korea, Republic of",6279188,0.1517515261467623
Dota 2,2018,KZ,Kazakhstan,3644752,0.08808410871381206
Dota 2,2018,LA,Lao People's Democratic Republic,321659,0.00777365547087321
Dota 2,2018,LB,Lebanon,64800250,1.5660523036086405
Dota 2,2018,MK,North Macedonia,2616121,0.06322479185757679
Dota 2,2018,MM,Myanmar,289286,0.006991284859267197
Dota 2,2018,MO,Macao,10128660,0.244783181013479
Dota 2,2018,MX,Mexico,214286,0.005178731315559448
Dota 2,2018,MY,Malaysia,215434596,5.206489872227295
Dota 2,2018,NL,Netherlands,304953,0.007369915210857454
Dota 2,2018,NO,Norway,1805076,0.043623958672824106
Dota 2,2018,NZ,New Zealand,83164,0.002009856038785483
Dota 2,2018,PE,Peru,12454762,0.3009989733218214
Dota 2,2018,PH,Philippines,96194718,2.324774359958234
Dota 2,2018,PK,Pakistan,85820762,2.074063017157324
Dota 2,2018,PL,Poland,11294600,0.27296089673015383
Dota 2,2018,RO,Romania,6192042,0.14964543559849622
Dota 2,2018,RS,Serbia,4269213,0.10317569535990918
Dota 2,2018,RU,Russian Federation,332714285,8.040832750919199
Dota 2,2018,SE,Sweden,138184537,3.3395582963328603
Dota 2,2018,SG,Singapore,22680976,0.548139778980672
Dota 2,2018,SI,Slovenia,57605,0.001392161958470465
Dota 2,2018,SK,Slovakia,956368,0.023112909433182564
Dota 2,2018,TH,Thailand,25592329,0.6184995549424611
Dota 2,2018,TR,Turkey,137500,0.0033230148301308725
Dota 2,2018,UA,Ukraine,131302785,3.1732443766726215
Dota 2,2018,US,United States,141220481,3.412929110408837
Dota 2,2018,UZ,Uzbekistan,3150000,0.07612724883572546
Dota 2,2018,VN,Viet Nam,287700,0.006952955393662924
Dota 2,2018,ZA,South Africa,200000,0.004833476116553996
Dota 2,2019,AL,Albania,5576,0.0001198959170127079
Dota 2,2019,AM,Armenia,26815373,0.5765878292454821
Dota 2,2019,AR,Argentina,1062000,0.02283526970363985
Dota 2,2019,AT,Austria,86616,0.0018624291154900837
Dota 2,2019,AU,Australia,341062251,7.333567313856412
Dota 2,2019,AZ,Azerbaijan,29460,0.0006334529618354331
Dota 2,2019,BA,Bosnia and Herzegovina,1716500,0.0369084184993388
Dota 2,2019,BG,Bulgaria,118217900,2.54193750498863
Dota 2,2019,BO,Bolivia,19755040,0.4247755804201444
Dota 2,2019,BR,Brazil,13358000,0.2872255486828824
Dota 2,2019,BY,Belarus,14172296,0.30473465299417724
Dota 2,2019,CA,Canada,48437707,1.0415142214415103
Dota 2,2019,CN,China,832266318,17.895504554411758
Dota 2,2019,CZ,Czech Republic,2908060,0.06252950509827392
Dota 2,2019,DE,Germany,136674438,2.9387925172536753
Dota 2,2019,DK,Denmark,366300660,7.876247046818532
Dota 2,2019,EC,Ecuador,186500,0.004010148587315284
Dota 2,2019,EE,Estonia,62677195,1.3476936460382551
Dota 2,2019,ES,Spain,60000,0.0012901282318440591
Dota 2,2019,FI,Finland,642379744,13.812537388319324
Dota 2,2019,FR,France,317110028,6.818543328727669
Dota 2,2019,GB,United Kingdom,646285,0.013896508738622297
Dota 2,2019,GE,Georgia,185576,0.003990280612544885
Dota 2,2019,GR,Greece,1471616,0.031642889133890455
Dota 2,2019,HR,Croatia,90000,0.001935192347766089
Dota 2,2019,HU,Hungary,5564,0.00011963789136633909
Dota 2,2019,ID,Indonesia,13363078,0.2873347365355708
Dota 2,2019,IE,Ireland,4025,8.654610221953897e-05
Dota 2,2019,IL,Israel,62395382,1.341634064248244
Dota 2,2019,IN,India,2619250,0.056319472854292535
Dota 2,2019,JO,Jordan,161204240,3.4662356852827565
Dota 2,2019,KG,Kyrgyzstan,27116040,0.583052812330213
Dota 2,2019,KR,"Korea, Republic of",30353131,0.6526571871326851
Dota 2,2019,KZ,Kazakhstan,5025986,0.1080694405242166
Dota 2,2019,LA,Lao People's Democratic Republic,250000,0.005375534299350247
Dota 2,2019,LB,Lebanon,99938160,2.1488840275758117
Dota 2,2019,MD,"Moldova, Republic of",840000,0.01806179524581683
Dota 2,2019,MK,North Macedonia,10371500,0.22300941594284432
Dota 2,2019,MM,Myanmar,592500,0.012740016289460086
Dota 2,2019,MN,Mongolia,60000,0.0012901282318440591
Dota 2,2019,MO,Macao,685448,0.014738596937684112
Dota 2,2019,MX,Mexico,213800,0.004597156932804331
Dota 2,2019,MY,Malaysia,190912041,4.105016898217842
Dota 2,2019,NL,Netherlands,1171496,0.02518966771820647
Dota 2,2019,NO,Norway,16779020,0.3607847900779351
Dota 2,2019,NZ,New Zealand,188280,0.004048422391526658
Dota 2,2019,PE,Peru,91476660,1.966943693680003
Dota 2,2019,PH,Philippines,259424908,5.578189964239129
Dota 2,2019,PK,Pakistan,47599080,1.0234819486300653
Dota 2,2019,PL,Poland,62615105,1.3463585783396685
Dota 2,2019,RO,Romania,93853926,2.0180599933667196
Dota 2,2019,RS,Serbia,141420,0.0030408322424564475
Dota 2,2019,RU,Russian Federation,144829324,3.1141399948548396
Dota 2,2019,SE,Sweden,173364939,3.727716703597053
Dota 2,2019,SG,Singapore,16256391,0.34954714961659467
Dota 2,2019,SI,Slovenia,232000,0.00498849582979703
Dota 2,2019,SK,Slovakia,1844000,0.03964994099200742
Dota 2,2019,TH,Thailand,20132893,0.43290022746659396
Dota 2,2019,TM,Turkmenistan,145000,0.0031178098936231434
Dota 2,2019,TR,Turkey,201673,0.004336400515011449
Dota 2,2019,UA,Ukraine,60363280,1.297939528245131
Dota 2,2019,US,United States,93439620,2.0091515289130135
Dota 2,2019,UZ,Uzbekistan,11510074,0.24749119030023797
Dota 2,2019,VE,Venezuela,37200,0.0007998795037433168
Dota 2,2019,VN,Viet Nam,916667,0.01971029959832997
Dota 2,2019,ZA,South Africa,552250,0.011874555267264695
Dota 2,2020,AM,Armenia,4963920,0.531478449077379
Dota 2,2020,AR,Argentina,1364567,0.14610186159772354
Dota 2,2020,AT,Austria,4535651,0.4856244176046881
Dota 2,2020,AU,Australia,2131406,0.2282060055831319
Dota 2,2020,BA,Bosnia and Herzegovina,1510000,0.16167312489057886
Dota 2,2020,BE,Belgium,75500,0.008083656244528944
Dota 2,2020,BG,Bulgaria,17284593,1.850631895875381
Dota 2,2020,BO,Bolivia,3104307,0.3323728564964889
Dota 2,2020,BR,Brazil,16579407,1.7751288334587667
Dota 2,2020,BY,Belarus,13465425,1.4417200912117372
Dota 2,2020,CA,Canada,14203720,1.5207680777952406
Dota 2,2020,CL,Chile,110000,0.011777512409247468
Dota 2,2020,CN,China,194103331,20.782312632079716
Dota 2,2020,CZ,Czech Republic,9807600,1.0500830064085043
Dota 2,2020,DE,Germany,27687208,2.964422143612871
Dota 2,2020,DK,Denmark,15053769,1.6117813745767713
Dota 2,2020,EC,Ecuador,872260,0.09339139067354724
Dota 2,2020,EE,Estonia,20424520,2.186818525026574
Dota 2,2020,EG,Egypt,200000,0.021413658925904487
Dota 2,2020,FI,Finland,27574600,2.9523653970912296
Dota 2,2020,FR,France,7683440,0.8226528176882578
Dota 2,2020,GB,United Kingdom,2245987,0.2404739978500772
Dota 2,2020,GE,Georgia,211748,0.022671497251212116
Dota 2,2020,GR,Greece,3029454,0.32435847343858526
Dota 2,2020,HR,Croatia,570000,0.06102892793882779
Dota 2,2020,ID,Indonesia,17715188,1.8967349682013805
Dota 2,2020,IE,Ireland,36680,0.003927265047010883
Dota 2,2020,IL,Israel,15635013,1.6740141784204137
Dota 2,2020,IN,India,18237,0.0019526044891586005
Dota 2,2020,IS,Iceland,13100,0.0014025946596467438
Dota 2,2020,JO,Jordan,31380760,3.359884457378332
Dota 2,2020,KG,Kyrgyzstan,9307650,0.9965542125084745
Dota 2,2020,KR,"Korea, Republic of",3942337,0.42209929944486757
Dota 2,2020,KZ,Kazakhstan,4474030,0.4790267622213223
Dota 2,2020,LA,Lao People's Democratic Republic,1648502,0.176502297833357
Dota 2,2020,LB,Lebanon,11702108,1.2529247471304916
Dota 2,2020,MD,"Moldova, Republic of",8109721,0.8682939973912254
Dota 2,2020,MK,North Macedonia,7557140,0.8091300920765493
Dota 2,2020,MM,Myanmar,191300,0.020482164762627642
Dota 2,2020,MN,Mongolia,705000,0.07548314771381333
Dota 2,2020,MX,Mexico,535700,0.057356485433035176
Dota 2,2020,MY,Malaysia,45196638,4.839126953647869
Dota 2,2020,NI,Nicaragua,109680,0.011743250554966021
Dota 2,2020,NL,Netherlands,9073287,0.9714613657742158
Dota 2,2020,NO,Norway,8303000,0.8889880503089248
Dota 2,2020,NP,Nepal,382500,0.040953622695792335
Dota 2,2020,NZ,New Zealand,2440,0.00026124663889603474
Dota 2,2020,PE,Peru,25702267,2.751897895802652
Dota 2,2020,PH,Philippines,36540230,3.9123001114705147
Dota 2,2020,PK,Pakistan,6068430,0.6497364511786328
Dota 2,2020,PL,Poland,20660540,2.2120887839250334
Dota 2,2020,RO,Romania,10016960,1.0724988245721412
Dota 2,2020,RS,Serbia,2540181,0.27197284772031494
Dota 2,2020,RU,Russian Federation,77362278,8.283047174115021
Dota 2,2020,SE,Sweden,71800613,7.687569187264319
Dota 2,2020,SG,Singapore,5317279,0.5693119945993724
Dota 2,2020,SK,Slovakia,2773126,0.29691387161278904
Dota 2,2020,TH,Thailand,13120000,1.4047360255393344
Dota 2,2020,TR,Turkey,563260,0.060307287633024814
Dota 2,2020,UA,Ukraine,59531229,6.37390716622957
Dota 2,2020,US,United States,32376520,3.4664987824386255
Dota 2,2020,UZ,Uzbekistan,2305571,0.24685355511728266
Dota 2,2020,VE,Venezuela,95000,0.010171487989804632
Dota 2,2020,VN,Viet Nam,2377400,0.25454416365222665
Dota 2,2021,AL,Albania,355000,0.0072321017499201645
Dota 2,2021,AM,Armenia,1460000,0.02974329170389702
Dota 2,2021,AR,Argentina,3017400,0.061470827662560866
Dota 2,2021,AT,Austria,1374047,0.02799224707935931
Dota 2,2021,AU,Australia,2217667,0.04517857293363437
Dota 2,2021,BA,Bosnia and Herzegovina,994047,0.020250842389303917
Dota 2,2021,BD,Bangladesh,500000,0.010186058802704458
Dota 2,2021,BE,Belgium,991000,0.020188768546960233
Dota 2,2021,BG,Bulgaria,24016000,0.4892567764115005
Dota 2,2021,BN,Brunei Darussalam,100000,0.0020372117605408917
Dota 2,2021,BO,Bolivia,21343267,0.43480754540764316
Dota 2,2021,BR,Brazil,49774333,1.0140085656067859
Dota 2,2021,BY,Belarus,35163333,0.7163515552741563
Dota 2,2021,CA,Canada,64457762,1.3131411080454578
Dota 2,2021,CL,Chile,468000,0.009534151039331373
Dota 2,2021,CN,China,992447612,20.218259468871235
Dota 2,2021,CZ,Czech Republic,20673090,0.421154620747203
Dota 2,2021,DE,Germany,27752733,0.565381940547513
Dota 2,2021,DK,Denmark,48079660,0.9794844879480749
Dota 2,2021,EE,Estonia,75160000,1.531168359222534
Dota 2,2021,FI,Finland,97985070,1.9961633696142251
Dota 2,2021,FR,France,21410000,0.4361670379318049
Dota 2,2021,GB,United Kingdom,1098657,0.022381969612005743
Dota 2,2021,GE,Georgia,1091667,0.022239568509943936
Dota 2,2021,GR,Greece,4408333,0.08980707831980511
Dota 2,2021,HR,Croatia,1000000,0.020372117605408916
Dota 2,2021,HU,Hungary,113900,0.0023203841952560756
Dota 2,2021,ID,Indonesia,72205727,1.4709835622280498
Dota 2,2021,IL,Israel,32810714,0.6684237243254368
Dota 2,2021,IN,India,30000,0.0006111635281622675
Dota 2,2021,IR,"Iran, Islamic Republic of",960000,0.01955723290119256
Dota 2,2021,JO,Jordan,79140381,1.6122571490688693
Dota 2,2021,KG,Kyrgyzstan,5761667,0.11737735772720356
Dota 2,2021,KH,Cambodia,100000,0.0020372117605408917
Dota 2,2021,KR,"Korea, Republic of",15967247,0.32528663371861266
Dota 2,2021,KZ,Kazakhstan,7750000,0.1578839114419191
Dota 2,2021,LA,Lao People's Democratic Republic,2948529,0.060067779550958746
Dota 2,2021,LB,Lebanon,4243743,0.08645403148313086
Dota 2,2021,LT,Lithuania,128571,0.0026192635326450294
Dota 2,2021,MD,"Moldova, Republic of",32062000,0.6531708346646207
Dota 2,2021,MK,North Macedonia,21410000,0.4361670379318049
Dota 2,2021,MM,Myanmar,3106142,0.06327869012310006
Dota 2,2021,MN,Mongolia,9185511,0.18712831035777724
Dota 2,2021,MX,Mexico,1025000,0.02088142054554414
Dota 2,2021,MY,Malaysia,258085443,5.257746997040059
Dota 2,2021,NI,Nicaragua,891000,0.018151556786419346
Dota 2,2021,NL,Netherlands,7287381,0.14845938276742243
Dota 2,2021,NO,Norway,1982000,0.04037753709392047
Dota 2,2021,PE,Peru,142431886,2.9016391323521957
Dota 2,2021,PH,Philippines,176248997,3.5905652947193634
Dota 2,2021,PK,Pakistan,40452667,0.8241064895764443
Dota 2,2021,PL,Poland,75386643,1.5357855570729768
Dota 2,2021,RO,Romania,967300,0.019705949359712045
Dota 2,2021,RS,Serbia,1770000,0.03605864816157378
Dota 2,2021,RU,Russian Federation,1289622666,26.27234461835298
Dota 2,2021,SE,Sweden,141810714,2.8889845433150088
Dota 2,2021,SG,Singapore,41974667,0.8551128525718767
Dota 2,2021,SK,Slovakia,7547415,0.15375682599682733
Dota 2,2021,TH,Thailand,55476680,1.1301774493176366
Dota 2,2021,TW,"Taiwan, Republic of China",31680,0.0006453886857393544
Dota 2,2021,UA,Ukraine,771135164,15.709656250674293
Dota 2,2021,US,United States,102781333,2.0938734035166964
Dota 2,2021,UY,Uruguay,1220067,0.024855348410478442
Dota 2,2021,UZ,Uzbekistan,1306667,0.026619573795106852
Dota 2,2021,VN,Viet Nam,2994000,0.06099412011059429
Dota 2,2021,XK,"Kosovo, Republic of",320000,0.006519077633730853
Dota 2,2021,ZA,South Africa,657696,0.013398660260607022
Dota 2,2022,AM,Armenia,2446164,0.0789231581060786
Dota 2,2022,AR,Argentina,2033833,0.0656196900209308
Dota 2,2022,AT,Austria,9700443,0.3129755799643864
Dota 2,2022,AU,Australia,4106560,0.13249425801054146
Dota 2,2022,BA,Bosnia and Herzegovina,789708,0.025479178559424113
Dota 2,2022,BE,Belgium,1359670,0.04386846114246301
Dota 2,2022,BG,Bulgaria,37348367,1.2050095879691012
Dota 2,2022,BO,Bolivia,17790646,0.5739982957264005
Dota 2,2022,BR,Brazil,29420026,0.9492091959013963
Dota 2,2022,BY,Belarus,22015252,0.7103011958074614
Dota 2,2022,CA,Canada,32494867,1.0484160202983104
Dota 2,2022,CL,Chile,585000,0.018874469370024242
Dota 2,2022,CN,China,480714158,15.509785728047854
Dota 2,2022,CZ,Czech Republic,21561244,0.6956530589019128
Dota 2,2022,DE,Germany,209617445,6.763107769359386
Dota 2,2022,DK,Denmark,21212337,0.6843959059369776
Dota 2,2022,DZ,Algeria,5788,0.00018674432258752188
Dota 2,2022,EC,Ecuador,1692810,0.05461690682781323
Dota 2,2022,EE,Estonia,59393190,1.9162648640051798
Dota 2,2022,FI,Finland,37654054,1.214872288684169
Dota 2,2022,FR,France,5407143,0.1744563332185316
Dota 2,2022,GB,United Kingdom,2406913,0.07765676187147548
Dota 2,2022,GE,Georgia,3261439,0.10522723163709827
Dota 2,2022,GR,Greece,10461111,0.33751781050585244
Dota 2,2022,HU,Hungary,602538,0.019440316282522508
Dota 2,2022,ID,Indonesia,33583646,1.0835444406166448
Dota 2,2022,IL,Israel,183096217,5.907425537664636
Dota 2,2022,IN,India,223000,0.007194883195752831
Dota 2,2022,IR,"Iran, Islamic Republic of",2099000,0.06772224138065108
Dota 2,2022,JO,Jordan,37163198,1.1990352860566602
Dota 2,2022,KG,Kyrgyzstan,61664335,1.9895412003083996
Dota 2,2022,KR,"Korea, Republic of",8638078,0.27869938226817137
Dota 2,2022,KZ,Kazakhstan,11461553,0.36979612142121276
Dota 2,2022,LA,Lao People's Democratic Republic,17070397,0.5507601458301772
Dota 2,2022,LB,Lebanon,6988358,0.22547273336369894
Dota 2,2022,LT,Lithuania,192905,0.0062238966048282504
Dota 2,2022,LV,Latvia,50000,0.0016132025102584824
Dota 2,2022,MK,North Macedonia,177070788,5.7130207939009505
Dota 2,2022,MM,Myanmar,674900,0.021775007483468993
Dota 2,2022,MN,Mongolia,8227713,0.26545934530572696
Dota 2,2022,MX,Mexico,1237500,0.03992676212889743
Dota 2,2022,MY,Malaysia,95470106,3.0802522930768674
Dota 2,2022,NI,Nicaragua,824375,0.026597676387886723
Dota 2,2022,NL,Netherlands,71312248,2.3008219497155085
Dota 2,2022,NO,Norway,28138390,0.9078584276526435
Dota 2,2022,PE,Peru,194571707,6.277671323153558
Dota 2,2022,PH,Philippines,131793906,4.252205199919409
Dota 2,2022,PK,Pakistan,7567090,0.24414497166703716
Dota 2,2022,PL,Poland,59492459,1.9194676840049967
Dota 2,2022,RO,Romania,1492739,0.04816180603921473
Dota 2,2022,RS,Serbia,2122996,0.06849644952937434
Dota 2,2022,RU,Russian Federation,217059061,7.003204441590981
Dota 2,2022,SA,Saudi Arabia,4000000,0.1290562008206786
Dota 2,2022,SE,Sweden,152766925,4.928879737889385
Dota 2,2022,SG,Singapore,5313899,0.17144790412120076
Dota 2,2022,SK,Slovakia,176863455,5.706331391579762
Dota 2,2022,SY,Syrian Arab Republic,39708,0.0012811409055468763
Dota 2,2022,TH,Thailand,14705621,0.474462894242197
Dota 2,2022,TR,Turkey,462520,0.014922768500895064
Dota 2,2022,UA,Ukraine,156655728,5.0543482731194
Dota 2,2022,US,United States,208564896,6.729148275579985
Dota 2,2022,UY,Uruguay,772000,0.024907846758390965
Dota 2,2022,UZ,Uzbekistan,3673560,0.118523924271703
Dota 2,2022,VN,Viet Nam,1963167,0.06333971864913228
Dota 2,2022,ZA,South Africa,276032,0.008905910306233387
Dota 2,2023,AM,Armenia,2603333,0.084621529231864
Dota 2,2023,AR,Argentina,2051720,0.066691308394124
Dota 2,2023,AT,Austria,3634338,0.11813442202955755
Dota 2,2023,AU,Australia,1180000,0.03835598615067666
Dota 2,2023,BA,Bosnia and Herzegovina,370000,0.012026877013347767
Dota 2,2023,BE,Belgium,1822857,0.05925209987005424
Dota 2,2023,BG,Bulgaria,16151276,0.524998405569285
Dota 2,2023,BO,Bolivia,17330126,0.5633170108860013
Dota 2,2023,BR,Brazil,32944187,1.0708532036587306
Dota 2,2023,BY,Belarus,31090113,1.0105863929245529
Dota 2,2023,CA,Canada,31268600,1.0163881258907188
Dota 2,2023,CH,Switzerland,21741,0.000706692792289713
Dota 2,2023,CL,Chile,294667,0.009578172348357152
Dota 2,2023,CN,China,245186577,7.969807586223573
Dota 2,2023,CO,Colombia,30000,0.0009751521902714405
Dota 2,2023,CZ,Czech Republic,18395220,0.5979379691175003
Dota 2,2023,DE,Germany,89065751,2.8950887388606916
Dota 2,2023,DK,Denmark,80172960,2.6060279181514865
Dota 2,2023,DZ,Algeria,2000,6.501014601809604e-05
Dota 2,2023,EC,Ecuador,1370000,0.04453195002239579
Dota 2,2023,EE,Estonia,9883270,0.321256412918134
Dota 2,2023,FI,Finland,3766810,0.12244043406121215
Dota 2,2023,FR,France,6303333,0.20489029936534164
Dota 2,2023,GB,United Kingdom,10966380,0.356462982544964
Dota 2,2023,GE,Georgia,2657667,0.08638765986873763
Dota 2,2023,GR,Greece,4404952,0.14318328636135208
Dota 2,2023,HR,Croatia,48333,0.0015710676937463178
Dota 2,2023,HU,Hungary,222000,0.00721612620800866
Dota 2,2023,ID,Indonesia,74371427,2.4174486644220847
Dota 2,2023,IL,Israel,28234725,0.9177717975153934
Dota 2,2023,IN,India,326667,0.010618334684646688
Dota 2,2023,IR,"Iran, Islamic Republic of",2720000,0.0884137985846106
Dota 2,2023,JO,Jordan,7217333,0.23459993609561153
Dota 2,2023,KG,Kyrgyzstan,5389345,0.1751810526959479
Dota 2,2023,KR,"Korea, Republic of",1960000,0.06370994309773412
Dota 2,2023,KZ,Kazakhstan,41521964,1.3496744712990636
Dota 2,2023,LA,Lao People's Democratic Republic,2615667,0.0850224468023576
Dota 2,2023,LB,Lebanon,30005266,0.9753233619859062
Dota 2,2023,LT,Lithuania,8333,0.00027086477338439716
Dota 2,2023,LV,Latvia,360000,0.011701826283257288
Dota 2,2023,MD,"Moldova, Republic of",27658500,0.8990415618207546
Dota 2,2023,MK,North Macedonia,12168667,0.3955434092577933
Dota 2,2023,MM,Myanmar,4607318,0.1497612079659011
Dota 2,2023,MN,Mongolia,13657509,0.4439383271667304
Dota 2,2023,MX,Mexico,2513333,0.08169607266104968
Dota 2,2023,MY,Malaysia,89481196,2.9085928089169353
Dota 2,2023,NI,Nicaragua,2053333,0.06674373907688759
Dota 2,2023,NL,Netherlands,77067740,2.5050925153423305
Dota 2,2023,NO,Norway,7347143,0.23881941962291606
Dota 2,2023,PE,Peru,163452717,5.313042499612264
Dota 2,2023,PH,Philippines,81732496,2.656720749691725
Dota 2,2023,PK,Pakistan,13700000,0.44531950022395783
Dota 2,2023,PL,Poland,66358024,2.1569724148561606
Dota 2,2023,RO,Romania,1795000,0.058346606051241194
Dota 2,2023,RS,Serbia,1934052,0.06286650146329534
Dota 2,2023,RU,Russian Federation,819324130,26.632190663724746
Dota 2,2023,SE,Sweden,266595490,8.66570586633293
Dota 2,2023,SG,Singapore,7319000,0.23790462935322243
Dota 2,2023,SK,Slovakia,15419030,0.5011966958787016
Dota 2,2023,TH,Thailand,129246940,4.201181220896048
Dota 2,2023,TM,Turkmenistan,500000,0.016252536504524007
Dota 2,2023,TR,Turkey,1274467,0.0414266428826224
Dota 2,2023,UA,Ukraine,336420814,10.935383120833365
Dota 2,2023,US,United States,121617776,3.9531946880780473
Dota 2,2023,UY,Uruguay,760000,0.02470385548687649
Dota 2,2023,UZ,Uzbekistan,1403333,0.045615441621006385
Dota 2,2023,VE,Venezuela,883333,0.02871280365630141
Dota 2,2023,VN,Viet Nam,1591333,0.05172639534670741
Dota 2,2023,ZA,South Africa,591255,0.01921878694196469
Dota 2,2024,AR,Argentina,300000,0.012645226410464802
Dota 2,2024,AT,Austria,3500000,0.14752764145542271
Dota 2,2024,AU,Australia,131429,0.005539831539669929
Dota 2,2024,AZ,Azerbaijan,160000,0.006744120752247894
Dota 2,2024,BA,Bosnia and Herzegovina,166667,0.007025139833843124
Dota 2,2024,BE,Belgium,12811940,0.540032940190968
Dota 2,2024,BG,Bulgaria,9536667,0.40197771138736044
Dota 2,2024,BO,Bolivia,11197143,0.4719680279511703
Dota 2,2024,BR,Brazil,36700820,1.5469672611657161
Dota 2,2024,BY,Belarus,36960991,1.557933665167173
Dota 2,2024,CA,Canada,2445233,0.10306841637113359
Dota 2,2024,CL,Chile,210000,0.008851658487325362
Dota 2,2024,CN,China,276038740,11.635241217864758
Dota 2,2024,CO,Colombia,10000,0.0004215075470154934
Dota 2,2024,CZ,Czech Republic,17334280,0.7306529842079728
Dota 2,2024,DE,Germany,64339434,2.7119557001705235
Dota 2,2024,DK,Denmark,114147120,4.8113872550083165
Dota 2,2024,EC,Ecuador,190000,0.008008643393294376
Dota 2,2024,EE,Estonia,2867656,0.12087386462442619
Dota 2,2024,EG,Egypt,42656,0.001797982592549289
Dota 2,2024,FI,Finland,17829893,0.7515434461978717
Dota 2,2024,FR,France,5850000,0.24658191500406368
Dota 2,2024,GB,United Kingdom,8686667,0.3661495698910435
Dota 2,2024,GE,Georgia,2847493,0.12002397895737883
Dota 2,2024,GR,Greece,10475000,0.4415291554987294
Dota 2,2024,HU,Hungary,246611,0.010394839767703785
Dota 2,2024,ID,Indonesia,43171116,1.819695120708132
Dota 2,2024,IL,Israel,69680860,2.9371008372530016
Dota 2,2024,IN,India,146429,0.006172092860193169
Dota 2,2024,IR,"Iran, Islamic Republic of",2927827,0.12341011768557311
Dota 2,2024,JO,Jordan,68543800,2.8891729001120576
Dota 2,2024,KG,Kyrgyzstan,5250476,0.22131152594237197
Dota 2,2024,KZ,Kazakhstan,47623924,2.0073843384492287
Dota 2,2024,LA,Lao People's Democratic Republic,706642,0.02978549360381223
Dota 2,2024,LB,Lebanon,24556642,1.035080993235764
Dota 2,2024,LV,Latvia,294160,0.012399066003007756
Dota 2,2024,MD,"Moldova, Republic of",35840460,1.5107024378506912
Dota 2,2024,MK,North Macedonia,16356884,0.6894550051656972
Dota 2,2024,MM,Myanmar,675000,0.028451759423545806
Dota 2,2024,MN,Mongolia,15367613,0.6477564859113408
Dota 2,2024,MY,Malaysia,49596497,2.090529779103128
Dota 2,2024,NI,Nicaragua,6291940,0.26521001953686635
Dota 2,2024,NL,Netherlands,63295827,2.6679668775087038
Dota 2,2024,PE,Peru,111150837,4.685091665258895
Dota 2,2024,PH,Philippines,52864510,2.2282789934276024
Dota 2,2024,PK,Pakistan,8550000,0.3603889526982469
Dota 2,2024,PL,Poland,72280587,3.0466812923209963
Dota 2,2024,RO,Romania,4112846,0.1733595628712484
Dota 2,2024,RS,Serbia,896611,0.037792830323710856
Dota 2,2024,RU,Russian Federation,503916025,21.240440759954808
Dota 2,2024,SA,Saudi Arabia,1338130,0.05640318938878422
Dota 2,2024,SE,Sweden,195497390,8.240362530683125
Dota 2,2024,SG,Singapore,5359820,0.22592045806445818
Dota 2,2024,SK,Slovakia,66347960,2.796616586908208
Dota 2,2024,TH,Thailand,22578022,0.9516806669681845
Dota 2,2024,TR,Turkey,3224263,0.1359051188062816
Dota 2,2024,UA,Ukraine,97759135,4.120621319220647
Dota 2,2024,US,United States,130389993,5.496036610479736
Dota 2,2024,UZ,Uzbekistan,8331667,0.3511860519719935
Dota 2,2024,VN,Viet Nam,1170000,0.04931638300081274
Dota 2,2024,ZA,South Africa,1316429,0.055488475861005894
Dota 2,2025,AT,Austria,2604800,0.15812094421530906
Dota 2,2025,BE,Belgium,3000000,0.18211103833151382
Dota 2,2025,BG,Bulgaria,40188133,2.4395675430783252
Dota 2,2025,BO,Bolivia,9081580,0.5512853211635698
Dota 2,2025,BR,Brazil,14813160,0.8992133161902824
Dota 2,2025,BY,Belarus,21797054,1.3231613788360255
Dota 2,2025,CA,Canada,800000,0.048562943555070355
Dota 2,2025,CN,China,112018640,6.799943614294682
Dota 2,2025,CZ,Czech Republic,36036340,2.187538431689155
Dota 2,2025,DE,Germany,21185000,1.286007449017707
Dota 2,2025,DK,Denmark,64711307,3.928214436519786
Dota 2,2025,EE,Estonia,300000,0.01821110383315138
Dota 2,2025,FR,France,360000,0.02185332459978166
Dota 2,2025,GB,United Kingdom,2600000,0.15782956655397865
Dota 2,2025,GR,Greece,2275000,0.13810087073473132
Dota 2,2025,ID,Indonesia,52033333,3.1586147668264744
Dota 2,2025,IL,Israel,41571467,2.5235410067780872
Dota 2,2025,JO,Jordan,48061307,2.9174981737798844
Dota 2,2025,KG,Kyrgyzstan,5926780,0.35977735325414983
Dota 2,2025,KZ,Kazakhstan,27660000,1.6790637734165572
Dota 2,2025,LA,Lao People's Democratic Republic,1176780,0.07143487589591961
Dota 2,2025,LB,Lebanon,19744740,1.1985783676619246
Dota 2,2025,MD,"Moldova, Republic of",26358360,1.6000494361052802
Dota 2,2025,MK,North Macedonia,39488133,2.397074967467639
Dota 2,2025,MM,Myanmar,100000,0.006070367944383794
Dota 2,2025,MN,Mongolia,2560000,0.15540141937622512
Dota 2,2025,MY,Malaysia,44276240,2.687730679938435
Dota 2,2025,NI,Nicaragua,7781580,0.4723705378865804
Dota 2,2025,NL,Netherlands,31838133,1.9326918197222784
Dota 2,2025,PE,Peru,18981580,1.1522517476575653
Dota 2,2025,PH,Philippines,41268680,2.505160721790326
Dota 2,2025,PK,Pakistan,7348247,0.4460656303621438
Dota 2,2025,PL,Poland,30286340,1.8384922748870867
Dota 2,2025,RS,Serbia,450000,0.02731665574972707
Dota 2,2025,RU,Russian Federation,519394647,31.52916615633336
Dota 2,2025,SE,Sweden,90284020,5.480572208981053
Dota 2,2025,SG,Singapore,4750000,0.2883424773582302
Dota 2,2025,SK,Slovakia,47761307,2.899287069946733
Dota 2,2025,TH,Thailand,5386780,0.3269973663544773
Dota 2,2025,UA,Ukraine,128116806,7.777161522792373
Dota 2,2025,US,United States,70120327,4.256561852705095
Dota 2,2025,UZ,Uzbekistan,1350000,0.08194996724918122
Dota 2,2025,VN,Viet Nam,1300000,0.07891478327698932
Dota 2,2025,ZA,South Africa,200000,0.012140735888767589
League of Legends,2012,AM,Armenia,6272082,1.4159422268990347
League of Legends,2012,AR,Argentina,12000,0.0027090377202958153
League of Legends,2012,AT,Austria,24371,0.005501829856777443
League of Legends,2012,BE,Belgium,6118122,1.3811852729476393
League of Legends,2012,BG,Bulgaria,329100,0.07429535947911273
League of Legends,2012,BR,Brazil,5000000,1.128765716789923
League of Legends,2012,CA,Canada,19745559,4.457622011610543
League of Legends,2012,CH,Switzerland,86027,0.01942086566365734
League of Legends,2012,CN,China,46459541,10.488387419719162
League of Legends,2012,CZ,Czech Republic,245583,0.055441134205283925
League of Legends,2012,DE,Germany,19177850,4.329459920347925
League of Legends,2012,DK,Denmark,12613621,2.847564589876285
League of Legends,2012,DO,Dominican Republic,80000,0.018060251468638766
League of Legends,2012,EE,Estonia,63210,0.014269856191658206
League of Legends,2012,ES,Spain,5793779,1.3079638211714806
League of Legends,2012,FI,Finland,2095093,0.47297383037731
League of Legends,2012,FR,France,6105303,1.3782913434029334
League of Legends,2012,GB,United Kingdom,5627264,1.2703725365052259
League of Legends,2012,GR,Greece,75335,0.01700711305487377
League of Legends,2012,HK,Hong Kong,21258258,4.799118565815022
League of Legends,2012,HR,Croatia,21180,0.004781451576322113
League of Legends,2012,IL,Israel,56894,0.012843999338209174
League of Legends,2012,IS,Iceland,20354,0.0045949794799084185
League of Legends,2012,KR,"Korea, Republic of",94446800,21.3216619801029
League of Legends,2012,KW,Kuwait,10532,0.0023776321058462937
League of Legends,2012,LT,Lithuania,3527663,0.796381010957658
League of Legends,2012,MK,North Macedonia,5158,0.0011644347134404844
League of Legends,2012,MT,Malta,135909,0.030681883960640328
League of Legends,2012,MX,Mexico,14000,0.0031605440070117843
League of Legends,2012,MY,Malaysia,1150000,0.2596161148616823
League of Legends,2012,NL,Netherlands,1751025,0.39529939784841495
League of Legends,2012,NO,Norway,40199,0.009075050609847621
League of Legends,2012,PH,Philippines,1452000,0.32779356415579364
League of Legends,2012,PL,Poland,9559445,2.158074757507769
League of Legends,2012,PT,Portugal,50151,0.011321745892546286
League of Legends,2012,RO,Romania,36233,0.008179713643289855
League of Legends,2012,RS,Serbia,5131,0.001158339378569819
League of Legends,2012,RU,Russian Federation,25313175,5.714528824620752
League of Legends,2012,SE,Sweden,4422334,0.9983558014788894
League of Legends,2012,SG,Singapore,2833000,0.6395586551331703
League of Legends,2012,SI,Slovenia,33141,0.007481684924026967
League of Legends,2012,SK,Slovakia,25086,0.005663243354278401
League of Legends,2012,TH,Thailand,875000,0.1975340004382365
League of Legends,2012,TR,Turkey,51882,0.011712524583698956
League of Legends,2012,TW,"Taiwan, Republic of China",82378214,18.597140754716733
League of Legends,2012,UA,Ukraine,166582,0.03760641012685979
League of Legends,2012,US,United States,49607769,11.199109786726783
League of Legends,2012,VE,Venezuela,1503432,0.3394044998249815
League of Legends,2012,VN,Viet Nam,6287330,1.4193845108289571
League of Legends,2013,AL,Albania,21677,0.0037129196938907793
League of Legends,2013,AM,Armenia,1380000,0.23637169246525236
League of Legends,2013,AR,Argentina,1000000,0.17128383511974807
League of Legends,2013,AT,Austria,173840,0.029775981897217006
League of Legends,2013,BE,Belgium,2334489,0.3998602289648656
League of Legends,2013,BG,Bulgaria,3477000,0.5955538947113641
League of Legends,2013,BR,Brazil,11272246,1.9307535252932397
League of Legends,2013,CA,Canada,9029575,1.5466202355013992
League of Legends,2013,CH,Switzerland,365151,0.06254446367781114
League of Legends,2013,CL,Chile,305500,0.052327211629083034
League of Legends,2013,CN,China,100610039,17.232873331467424
League of Legends,2013,CZ,Czech Republic,1629204,0.279056309312434
League of Legends,2013,DE,Germany,9898717,1.6954902105250473
League of Legends,2013,DK,Denmark,5631624,0.9646061566724161
League of Legends,2013,EE,Estonia,5861025,1.0038988397327215
League of Legends,2013,ES,Spain,9482111,1.6241323371111498
League of Legends,2013,FI,Finland,5608962,0.9607245224009325
League of Legends,2013,FR,France,13165589,2.2550525755303688
League of Legends,2013,GB,United Kingdom,1595381,0.2732629761571788
League of Legends,2013,GR,Greece,763327,0.13074557601045195
League of Legends,2013,HK,Hong Kong,24554240,4.205744395650724
League of Legends,2013,HR,Croatia,5482,0.0009389779841264591
League of Legends,2013,HU,Hungary,130771,0.022398958402444578
League of Legends,2013,IL,Israel,20876,0.0035757213419598606
League of Legends,2013,IS,Iceland,52090,0.008922174971387677
League of Legends,2013,IT,Italy,65272,0.011180038485936197
League of Legends,2013,JP,Japan,850000,0.14559125985178586
League of Legends,2013,KR,"Korea, Republic of",211054257,36.15018255730894
League of Legends,2013,KZ,Kazakhstan,155076,0.02656201201503005
League of Legends,2013,LT,Lithuania,7147619,1.2242715942947786
League of Legends,2013,MO,Macao,165924,0.02842009905840908
League of Legends,2013,MX,Mexico,3171000,0.5431410411647212
League of Legends,2013,MY,Malaysia,1415186,0.24239848548777582
League of Legends,2013,NL,Netherlands,6159684,1.0550542986457503
League of Legends,2013,NO,Norway,2009451,0.34418647376521294
League of Legends,2013,PH,Philippines,5164000,0.8845097245583791
League of Legends,2013,PL,Poland,9995486,1.7120651759657504
League of Legends,2013,PT,Portugal,8000,0.0013702706809579847
League of Legends,2013,PY,Paraguay,60000,0.010277030107184885
League of Legends,2013,RO,Romania,182981,0.031341687434046625
League of Legends,2013,RS,Serbia,42993,0.0073640059233033295
League of Legends,2013,RU,Russian Federation,15470000,2.649760929302503
League of Legends,2013,SE,Sweden,6713644,1.149938691948686
League of Legends,2013,SG,Singapore,7399816,1.2674688636604738
League of Legends,2013,SI,Slovenia,39739,0.0068066483238236695
League of Legends,2013,SK,Slovakia,74221,0.012712857526422821
League of Legends,2013,TH,Thailand,941500,0.1612637307652428
League of Legends,2013,TR,Turkey,6154485,1.0541637939869628
League of Legends,2013,TW,"Taiwan, Republic of China",44756689,7.666097339181843
League of Legends,2013,UA,Ukraine,860000,0.14730409820298335
League of Legends,2013,US,United States,38823000,6.649752330853979
League of Legends,2013,UY,Uruguay,500000,0.08564191755987403
League of Legends,2013,VE,Venezuela,399000,0.0683422502127795
League of Legends,2013,VN,Viet Nam,5678316,0.9726037415018275
League of Legends,2014,AF,Afghanistan,30192,0.004537400261053205
League of Legends,2014,AL,Albania,52707,0.00792106371089465
League of Legends,2014,AM,Armenia,530000,0.07965097172622544
League of Legends,2014,AR,Argentina,4013041,0.6030992740135537
League of Legends,2014,AT,Austria,231777,0.03483257221469689
League of Legends,2014,AU,Australia,7312358,1.098936642094412
League of Legends,2014,BA,Bosnia and Herzegovina,7482,0.0011244312650106013
League of Legends,2014,BE,Belgium,836226,0.12567210091081998
League of Legends,2014,BG,Bulgaria,761811,0.114488653625901
League of Legends,2014,BR,Brazil,14533900,2.184225015041109
League of Legends,2014,CA,Canada,7549700,1.1346055495122342
League of Legends,2014,CH,Switzerland,8239,0.0012381968982120215
League of Legends,2014,CL,Chile,1000000,0.1502848523136329
League of Legends,2014,CN,China,144265993,21.680993451884596
League of Legends,2014,CO,Colombia,980000,0.14727915526736024
League of Legends,2014,CR,Costa Rica,350000,0.052599698309771514
League of Legends,2014,CZ,Czech Republic,2116922,0.3181413101294804
League of Legends,2014,DE,Germany,14022421,2.1073574690645844
League of Legends,2014,DK,Denmark,14738213,2.2149301640718644
League of Legends,2014,EC,Ecuador,120000,0.018034182277635948
League of Legends,2014,EE,Estonia,2150416,0.3231749509728732
League of Legends,2014,ES,Spain,8369971,1.2578798556043902
League of Legends,2014,FI,Finland,3861779,0.5803668866828889
League of Legends,2014,FR,France,10682839,1.6054688814053177
League of Legends,2014,GB,United Kingdom,3354715,0.504162848329329
League of Legends,2014,GR,Greece,2292575,0.344539295292927
League of Legends,2014,HK,Hong Kong,5650586,0.8491974824954818
League of Legends,2014,HR,Croatia,103540,0.01556049360855355
League of Legends,2014,HU,Hungary,780702,0.11732768477095783
League of Legends,2014,ID,Indonesia,250000,0.037571213078408223
League of Legends,2014,IL,Israel,376882,0.05663965570966659
League of Legends,2014,IS,Iceland,4086,0.000614063906553504
League of Legends,2014,IT,Italy,80348,0.012075087313695776
League of Legends,2014,JP,Japan,2298182,0.3453819424598495
League of Legends,2014,KR,"Korea, Republic of",231600595,34.806061215324505
League of Legends,2014,KZ,Kazakhstan,405000,0.06086536518702132
League of Legends,2014,LT,Lithuania,569532,0.08559203250788798
League of Legends,2014,LU,Luxembourg,12242,0.0018397871620234939
League of Legends,2014,LV,Latvia,300000,0.04508545569408987
League of Legends,2014,MD,"Moldova, Republic of",6810,0.00102343984425584
League of Legends,2014,ME,Montenegro,18706,0.002811228447378817
League of Legends,2014,MT,Malta,150300,0.022587813302739023
League of Legends,2014,MX,Mexico,5200000,0.781481232030891
League of Legends,2014,MY,Malaysia,1735720,0.26085242385781887
League of Legends,2014,NL,Netherlands,6899245,1.03685201590057
League of Legends,2014,NO,Norway,2807220,0.4218826431118765
League of Legends,2014,NZ,New Zealand,679358,0.10209721669808501
League of Legends,2014,PA,Panama,350000,0.052599698309771514
League of Legends,2014,PE,Peru,1610000,0.24195861222494897
League of Legends,2014,PH,Philippines,2272382,0.34150459327015775
League of Legends,2014,PL,Poland,14096828,2.118539714070685
League of Legends,2014,PT,Portugal,267362,0.04018045868427752
League of Legends,2014,RO,Romania,2938563,0.44162150646930604
League of Legends,2014,RS,Serbia,268826,0.04040047570806468
League of Legends,2014,RU,Russian Federation,11789160,1.7717321695017885
League of Legends,2014,SE,Sweden,9610587,1.4443256479423203
League of Legends,2014,SG,Singapore,6600713,0.9919871783696768
League of Legends,2014,SI,Slovenia,27156,0.004081135449429015
League of Legends,2014,SK,Slovakia,367021,0.05515769678100185
League of Legends,2014,TH,Thailand,2950000,0.44334031432521703
League of Legends,2014,TR,Turkey,11689611,1.7567714627388185
League of Legends,2014,TW,"Taiwan, Republic of China",47287730,7.1066295192969475
League of Legends,2014,UA,Ukraine,2794219,0.419928789746947
League of Legends,2014,US,United States,34036481,5.115167520360772
League of Legends,2014,UY,Uruguay,1535203,0.23071775612644616
League of Legends,2014,VE,Venezuela,670000,0.10069085105013403
League of Legends,2014,VN,Viet Nam,10138883,1.5237205342802032
League of Legends,2015,AF,Afghanistan,600720,0.08717109982130504
League of Legends,2015,AL,Albania,13756,0.001996147371723719
League of Legends,2015,AM,Armenia,50000,0.007255551656454342
League of Legends,2015,AR,Argentina,1534804,0.22271699409065498
League of Legends,2015,AT,Austria,380947,0.055279612737426244
League of Legends,2015,AU,Australia,4794804,0.6957789620914782
League of Legends,2015,BE,Belgium,1280253,0.18577883549661284
League of Legends,2015,BG,Bulgaria,996591,0.14461634961714978
League of Legends,2015,BR,Brazil,12949070,1.8790529257608646
League of Legends,2015,CA,Canada,11994783,1.7405753532892076
League of Legends,2015,CH,Switzerland,41200,0.005978574564918378
League of Legends,2015,CL,Chile,3540000,0.5136930572769675
League of Legends,2015,CN,China,120322495,17.460121558119386
League of Legends,2015,CZ,Czech Republic,1086719,0.1576949168110081
League of Legends,2015,DE,Germany,13831482,2.0071006427263685
League of Legends,2015,DK,Denmark,23229359,3.3708362834164514
League of Legends,2015,DZ,Algeria,21570,0.003130044984594403
League of Legends,2015,EE,Estonia,978294,0.14196125304398688
League of Legends,2015,EG,Egypt,3244,0.00047074019147075774
League of Legends,2015,ES,Spain,13127188,1.9048998127597514
League of Legends,2015,FI,Finland,1609476,0.2335527251564702
League of Legends,2015,FR,France,22415651,3.252758274871049
League of Legends,2015,GB,United Kingdom,5689646,0.8256304091987765
League of Legends,2015,GR,Greece,1777832,0.2579830382499507
League of Legends,2015,HK,Hong Kong,6161521,0.8941046779565642
League of Legends,2015,HR,Croatia,454704,0.0659825672079283
League of Legends,2015,HU,Hungary,906973,0.13161178905018728
League of Legends,2015,ID,Indonesia,310000,0.04498442027001692
League of Legends,2015,IL,Israel,285346,0.04140685285925241
League of Legends,2015,IQ,Iraq,125000,0.018138879141135857
League of Legends,2015,IS,Iceland,32161,0.004666915936464562
League of Legends,2015,IT,Italy,150483,0.021836743598364378
League of Legends,2015,JP,Japan,1227787,0.17816544003246215
League of Legends,2015,KR,"Korea, Republic of",291987123,42.370553078919755
League of Legends,2015,KZ,Kazakhstan,138010,0.020026773682145275
League of Legends,2015,LT,Lithuania,248062,0.03599653310006754
League of Legends,2015,LU,Luxembourg,6000,0.000870666198774521
League of Legends,2015,LV,Latvia,41503,0.006022543207956491
League of Legends,2015,MD,"Moldova, Republic of",813767,0.11808657009635762
League of Legends,2015,MT,Malta,220010,0.031925878398730394
League of Legends,2015,MX,Mexico,2640000,0.3830931274607893
League of Legends,2015,MY,Malaysia,266667,0.0386963238714342
League of Legends,2015,NL,Netherlands,11411964,1.6560018860719463
League of Legends,2015,NO,Norway,1101438,0.15983080610763514
League of Legends,2015,NZ,New Zealand,99028,0.01437005538870721
League of Legends,2015,PE,Peru,100000,0.014511103312908684
League of Legends,2015,PF,French Polynesia,142797,0.020721420197734212
League of Legends,2015,PH,Philippines,3524265,0.5114097351706812
League of Legends,2015,PL,Poland,8153733,1.1831966194887287
League of Legends,2015,PR,Puerto Rico,500000,0.07255551656454343
League of Legends,2015,PT,Portugal,646827,0.09386173422578786
League of Legends,2015,RO,Romania,1619727,0.23504025835707643
League of Legends,2015,RS,Serbia,146603,0.02127371278982352
League of Legends,2015,RU,Russian Federation,8966297,1.301108621012232
League of Legends,2015,SE,Sweden,8551180,1.2408705642727849
League of Legends,2015,SG,Singapore,1524752,0.22125833798564143
League of Legends,2015,SI,Slovenia,168803,0.024495177725289245
League of Legends,2015,SK,Slovakia,278839,0.04046261536668144
League of Legends,2015,TH,Thailand,5000000,0.7255551656454342
League of Legends,2015,TR,Turkey,2556196,0.37093224244043926
League of Legends,2015,TW,"Taiwan, Republic of China",46647454,6.7690602427815545
League of Legends,2015,UA,Ukraine,2549472,0.3699565158536793
League of Legends,2015,US,United States,29578146,4.2921153241029675
League of Legends,2015,UY,Uruguay,121201,0.017587602326278453
League of Legends,2015,VE,Venezuela,1066667,0.15478515037470367
League of Legends,2015,VN,Viet Nam,6050129,0.877940469754249
League of Legends,2015,ZA,South Africa,336957,0.04889617839007772
League of Legends,2016,AM,Armenia,439853,0.04490999367089415
League of Legends,2016,AR,Argentina,185000,0.018888921592248815
League of Legends,2016,AT,Austria,324623,0.03314474807589506
League of Legends,2016,AU,Australia,5008282,0.5113570054587626
League of Legends,2016,BE,Belgium,2331925,0.23809485667029626
League of Legends,2016,BG,Bulgaria,1812412,0.1850513954640587
League of Legends,2016,BO,Bolivia,110056,0.01123696840408938
League of Legends,2016,BR,Brazil,13314793,1.359470708075802
League of Legends,2016,CA,Canada,17049278,1.740770137007852
League of Legends,2016,CH,Switzerland,168501,0.01720433609305685
League of Legends,2016,CL,Chile,279081,0.02849480609127779
League of Legends,2016,CN,China,125088841,12.771855728185292
League of Legends,2016,CZ,Czech Republic,1337128,0.13652381595027283
League of Legends,2016,DE,Germany,8364604,0.8540451303038422
League of Legends,2016,DK,Denmark,29145194,2.975790725712868
League of Legends,2016,DZ,Algeria,432266,0.04413534368105419
League of Legends,2016,EE,Estonia,990381,0.10112015705650255
League of Legends,2016,ES,Spain,6299204,0.6431630835112437
League of Legends,2016,FI,Finland,916541,0.09358092478422335
League of Legends,2016,FR,France,6665818,0.6805952083794637
League of Legends,2016,GB,United Kingdom,2650336,0.2706053453898073
League of Legends,2016,GR,Greece,9343236,0.9539656876858186
League of Legends,2016,HK,Hong Kong,10186636,1.0400787496906978
League of Legends,2016,HR,Croatia,3422300,0.34942462900082766
League of Legends,2016,HU,Hungary,1491100,0.15224470803352544
League of Legends,2016,IT,Italy,15555,0.0015882009479320554
League of Legends,2016,KR,"Korea, Republic of",546284521,55.77689450934162
League of Legends,2016,KZ,Kazakhstan,31189,0.003184467975895396
League of Legends,2016,LT,Lithuania,1112897,0.11362931985539962
League of Legends,2016,LU,Luxembourg,10915,0.00111444637394268
League of Legends,2016,LV,Latvia,109858,0.011216752152871731
League of Legends,2016,MA,Morocco,10915,0.00111444637394268
League of Legends,2016,MD,"Moldova, Republic of",177636,0.018137040410598434
League of Legends,2016,MO,Macao,17178,0.0017539129465494602
League of Legends,2016,MT,Malta,375863,0.038376468845553596
League of Legends,2016,MX,Mexico,361111,0.03687025602755979
League of Legends,2016,MY,Malaysia,297804,0.030406467058692245
League of Legends,2016,NL,Netherlands,5194059,0.5303252605216988
League of Legends,2016,NO,Norway,1274314,0.13011036340489165
League of Legends,2016,NZ,New Zealand,529156,0.05402803348144872
League of Legends,2016,PF,French Polynesia,11242,0.0011478338191354656
League of Legends,2016,PH,Philippines,6328020,0.646105262779364
League of Legends,2016,PL,Poland,23733038,2.423197264474928
League of Legends,2016,PT,Portugal,562290,0.05741109038975992
League of Legends,2016,RO,Romania,8819169,0.900457252701575
League of Legends,2016,RS,Serbia,428210,0.043721216837929
League of Legends,2016,RU,Russian Federation,15694011,1.602394287821029
League of Legends,2016,SE,Sweden,3972545,0.4056058974415138
League of Legends,2016,SG,Singapore,2495112,0.25475662125340065
League of Legends,2016,SI,Slovenia,2667396,0.2723472102674493
League of Legends,2016,SK,Slovakia,106707,0.010895027872130238
League of Legends,2016,TH,Thailand,1250000,0.12762784859627577
League of Legends,2016,TR,Turkey,7607676,0.7767610565580166
League of Legends,2016,TW,"Taiwan, Republic of China",44502583,4.5438151402137565
League of Legends,2016,UA,Ukraine,16452337,1.6798211005527246
League of Legends,2016,US,United States,38742584,3.955706115984397
League of Legends,2016,UY,Uruguay,80000,0.00816818231016165
League of Legends,2016,VE,Venezuela,250000,0.025525569719255153
League of Legends,2016,VN,Viet Nam,2546789,0.26003296071892845
League of Legends,2017,AD,Andorra,11661,0.0009729876930490584
League of Legends,2017,AM,Armenia,1276305,0.10649421641171242
League of Legends,2017,AR,Argentina,6083200,0.507579001316871
League of Legends,2017,AT,Austria,1546384,0.12902946580293073
League of Legends,2017,AU,Australia,7441268,0.6208954793482361
League of Legends,2017,BE,Belgium,4367693,0.3644380015450237
League of Legends,2017,BG,Bulgaria,2406684,0.2008124443064986
League of Legends,2017,BO,Bolivia,160825,0.013419153223103922
League of Legends,2017,BR,Brazil,19773729,1.6499095242849897
League of Legends,2017,CA,Canada,21656754,1.8070281376718094
League of Legends,2017,CH,Switzerland,326793,0.027267435655139435
League of Legends,2017,CL,Chile,8258859,0.6891148414053215
League of Legends,2017,CN,China,195650313,16.324958982093836
League of Legends,2017,CO,Colombia,840000,0.07008915720446009
League of Legends,2017,CZ,Czech Republic,1410867,0.11772199875902975
League of Legends,2017,DE,Germany,15248842,1.2723553382428259
League of Legends,2017,DK,Denmark,57981461,4.837942541634847
League of Legends,2017,EE,Estonia,127705,0.010655637881899495
League of Legends,2017,ES,Spain,17434267,1.454706048223251
League of Legends,2017,FI,Finland,474231,0.039569584655033706
League of Legends,2017,FO,Faroe Islands,1155,9.637259115613262e-05
League of Legends,2017,FR,France,19643616,1.6390529641524376
League of Legends,2017,GB,United Kingdom,13826768,1.1536982333114265
League of Legends,2017,GE,Georgia,23678,0.0019756798384371497
League of Legends,2017,GR,Greece,1914377,0.1597346077400032
League of Legends,2017,HK,Hong Kong,6697959,0.5588741682143193
League of Legends,2017,HR,Croatia,15202685,1.2685040224939135
League of Legends,2017,HU,Hungary,2982860,0.24888826602249503
League of Legends,2017,IN,India,30460,0.002541566343390303
League of Legends,2017,IQ,Iraq,375000,0.031289802323419685
League of Legends,2017,IT,Italy,850894,0.07099814682182365
League of Legends,2017,JO,Jordan,3465,0.00028911777346839787
League of Legends,2017,JP,Japan,2498100,0.20844014715769255
League of Legends,2017,KR,"Korea, Republic of",552397513,46.09175729524975
League of Legends,2017,LB,Lebanon,1155,9.637259115613262e-05
League of Legends,2017,LT,Lithuania,570327,0.04758778423922394
League of Legends,2017,LV,Latvia,1960930,0.16361896552016894
League of Legends,2017,MA,Morocco,10485,0.0008748628729628142
League of Legends,2017,MD,"Moldova, Republic of",262125,0.02187157182407036
League of Legends,2017,MK,North Macedonia,46151,0.0038508151120750446
League of Legends,2017,MO,Macao,73187,0.00610668470038431
League of Legends,2017,MT,Malta,153884,0.012839999841965637
League of Legends,2017,MX,Mexico,4644747,0.3875552412594576
League of Legends,2017,MY,Malaysia,199563,0.016651431522849605
League of Legends,2017,NL,Netherlands,5701778,0.4757533506987286
League of Legends,2017,NO,Norway,2006779,0.16744458191143954
League of Legends,2017,NZ,New Zealand,1965740,0.16402030938463735
League of Legends,2017,PE,Peru,1249040,0.10421923918411766
League of Legends,2017,PF,French Polynesia,62980,0.005255018000877258
League of Legends,2017,PH,Philippines,2631060,0.21953425946948424
League of Legends,2017,PL,Poland,14482729,1.2084312733697538
League of Legends,2017,PT,Portugal,2373280,0.19802523215500123
League of Legends,2017,RO,Romania,3658539,0.30526656560672405
League of Legends,2017,RS,Serbia,2756580,0.2300075821031793
League of Legends,2017,RU,Russian Federation,9841865,0.821200027583421
League of Legends,2017,SA,Saudi Arabia,1155,9.637259115613262e-05
League of Legends,2017,SE,Sweden,8304071,0.6928873068523786
League of Legends,2017,SG,Singapore,2808612,0.23434910475515838
League of Legends,2017,SI,Slovenia,2515224,0.2098689646909892
League of Legends,2017,SK,Slovakia,830030,0.06925726566002144
League of Legends,2017,SV,El Salvador,280000,0.023363052401486693
League of Legends,2017,TR,Turkey,15014449,1.2527977098801768
League of Legends,2017,TT,Trinidad and Tobago,35020,0.002922050339643086
League of Legends,2017,TW,"Taiwan, Republic of China",62544942,5.218716990692665
League of Legends,2017,UA,Ukraine,4612497,0.3848643182596435
League of Legends,2017,US,United States,34562781,2.8839002273003884
League of Legends,2017,UY,Uruguay,1362582,0.11369312381186622
League of Legends,2017,VE,Venezuela,426667,0.03560086956780401
League of Legends,2017,VN,Viet Nam,31596210,2.63637110685135
League of Legends,2018,AM,Armenia,3275100,0.23771490120049815
League of Legends,2018,AR,Argentina,8241376,0.5981795614167984
League of Legends,2018,AT,Austria,2148072,0.15591240672088072
League of Legends,2018,AU,Australia,9600566,0.6968329511034355
League of Legends,2018,BA,Bosnia and Herzegovina,6167,0.00044761619361346886
League of Legends,2018,BD,Bangladesh,50000,0.0036291243198757006
League of Legends,2018,BE,Belgium,22464255,1.630511482967786
League of Legends,2018,BG,Bulgaria,19669820,1.4276844425915491
League of Legends,2018,BO,Bolivia,16044,0.0011645134117617148
League of Legends,2018,BR,Brazil,19173147,1.3916346813250366
League of Legends,2018,BY,Belarus,658400,0.04778830904412323
League of Legends,2018,CA,Canada,16614550,1.2059253493758164
League of Legends,2018,CH,Switzerland,680682,0.04940559200603263
League of Legends,2018,CL,Chile,10125217,0.7349134251743776
League of Legends,2018,CN,China,327150135,23.745370223582373
League of Legends,2018,CO,Colombia,1016500,0.07378009742307298
League of Legends,2018,CZ,Czech Republic,23805965,1.7278961307921947
League of Legends,2018,DE,Germany,26528070,1.9254732799272996
League of Legends,2018,DK,Denmark,76023302,5.5179602833091
League of Legends,2018,DZ,Algeria,206851,0.01501375989381217
League of Legends,2018,EE,Estonia,340635,0.024724135254017184
League of Legends,2018,ES,Spain,6399729,0.46450824309027594
League of Legends,2018,FI,Finland,2208769,0.16031794589775064
League of Legends,2018,FR,France,26062809,1.891703479723506
League of Legends,2018,GB,United Kingdom,4520011,0.32807363692411373
League of Legends,2018,GE,Georgia,24710,0.0017935132388825711
League of Legends,2018,GR,Greece,5368382,0.3896505134916591
League of Legends,2018,HK,Hong Kong,2242134,0.16273966055640368
League of Legends,2018,HR,Croatia,11972312,0.8689801728867937
League of Legends,2018,HU,Hungary,5384531,0.39082264806449246
League of Legends,2018,ID,Indonesia,666667,0.048388348459171476
League of Legends,2018,IE,Ireland,65158,0.004729329648689219
League of Legends,2018,IL,Israel,100333,0.007282418607721773
League of Legends,2018,IN,India,150000,0.010887372959627101
League of Legends,2018,IT,Italy,5184066,0.3762723999288149
League of Legends,2018,JP,Japan,4444812,0.32261550652950705
League of Legends,2018,KR,"Korea, Republic of",374818365,27.20524887915094
League of Legends,2018,LT,Lithuania,1418486,0.10295724080006405
League of Legends,2018,LU,Luxembourg,14825,0.0010760353608431452
League of Legends,2018,LV,Latvia,172068,0.012489123269447441
League of Legends,2018,MK,North Macedonia,141361,0.010260332859638979
League of Legends,2018,MO,Macao,1108095,0.08042829026465328
League of Legends,2018,MX,Mexico,843312,0.06120968176886034
League of Legends,2018,MY,Malaysia,4100000,0.2975881942298074
League of Legends,2018,NL,Netherlands,9222691,0.6694058440559748
League of Legends,2018,NO,Norway,2301438,0.16704409232972184
League of Legends,2018,NZ,New Zealand,2928786,0.21257857000622948
League of Legends,2018,PE,Peru,3313656,0.2405133915460407
League of Legends,2018,PF,French Polynesia,22717,0.001648856343492326
League of Legends,2018,PH,Philippines,12439396,0.9028822909632903
League of Legends,2018,PK,Pakistan,500000,0.036291243198757005
League of Legends,2018,PL,Poland,49553078,3.5966856098899505
League of Legends,2018,PT,Portugal,4973050,0.36095633397915705
League of Legends,2018,RO,Romania,2178917,0.15815121351381203
League of Legends,2018,RS,Serbia,4315022,0.3131950256199737
League of Legends,2018,RU,Russian Federation,17674962,1.282892688941577
League of Legends,2018,SE,Sweden,32751996,2.3772213041614334
League of Legends,2018,SG,Singapore,3257812,0.23646009517565791
League of Legends,2018,SI,Slovenia,4500710,0.3266727223541553
League of Legends,2018,SK,Slovakia,2698678,0.1958767592262703
League of Legends,2018,TH,Thailand,15721835,1.1411298750314598
League of Legends,2018,TN,Tunisia,10700,0.0007766326044533998
League of Legends,2018,TR,Turkey,7920127,0.5748625102440835
League of Legends,2018,TW,"Taiwan, Republic of China",75046992,5.447097276014342
League of Legends,2018,UA,Ukraine,8975587,0.6514704213372036
League of Legends,2018,US,United States,61181099,4.440676285952458
League of Legends,2018,UY,Uruguay,131312,0.00953095145383036
League of Legends,2018,VE,Venezuela,991667,0.07197765653836354
League of Legends,2018,VN,Viet Nam,29924810,2.1720171147731913
League of Legends,2019,AE,United Arab Emirates,2312000,0.22968026243449577
League of Legends,2019,AL,Albania,127042,0.012620691998357789
League of Legends,2019,AM,Armenia,1020794,0.1014084056278368
League of Legends,2019,AR,Argentina,1376203,0.13671568607402265
League of Legends,2019,AT,Austria,714956,0.07102564087764592
League of Legends,2019,AU,Australia,2214833,0.22002743282378096
League of Legends,2019,BE,Belgium,8237042,0.8182897786522335
League of Legends,2019,BG,Bulgaria,7114823,0.7068055423075201
League of Legends,2019,BO,Bolivia,32143,0.0031931715724186835
League of Legends,2019,BR,Brazil,9508313,0.9445812392514394
League of Legends,2019,BY,Belarus,1609396,0.15988170226688053
League of Legends,2019,CA,Canada,16095257,1.5989458701170653
League of Legends,2019,CH,Switzerland,337634,0.03354146441470958
League of Legends,2019,CL,Chile,4475442,0.44460237589548635
League of Legends,2019,CN,China,183466716,18.226074169063626
League of Legends,2019,CO,Colombia,298503,0.029654086235936107
League of Legends,2019,CR,Costa Rica,1665070,0.1654125063026842
League of Legends,2019,CZ,Czech Republic,9914540,0.9849369157081771
League of Legends,2019,DE,Germany,29537234,2.93430780999529
League of Legends,2019,DK,Denmark,63298502,6.288242452885146
League of Legends,2019,DZ,Algeria,686032,0.0681522533730372
League of Legends,2019,EC,Ecuador,83417,0.00828686784234357
League of Legends,2019,EE,Estonia,1968724,0.1955783066527207
League of Legends,2019,EG,Egypt,7182000,0.7134790851230747
League of Legends,2019,ES,Spain,6763561,0.671910235930675
League of Legends,2019,FI,Finland,5230926,0.5196541766675723
League of Legends,2019,FR,France,18509339,1.8387672314052972
League of Legends,2019,GB,United Kingdom,6350474,0.6308730687298625
League of Legends,2019,GR,Greece,6794794,0.675013005669696
League of Legends,2019,HK,Hong Kong,3236582,0.3215307107053483
League of Legends,2019,HR,Croatia,19411039,1.9283445206082317
League of Legends,2019,HU,Hungary,3435253,0.3412672191041907
League of Legends,2019,ID,Indonesia,500000,0.04967133703168161
League of Legends,2019,IQ,Iraq,200000,0.019868534812672645
League of Legends,2019,IR,"Iran, Islamic Republic of",230000,0.02284881503457354
League of Legends,2019,IS,Iceland,123960,0.012314517876894505
League of Legends,2019,IT,Italy,1663676,0.16527402261503987
League of Legends,2019,JO,Jordan,11440476,1.1365274783977295
League of Legends,2019,JP,Japan,13687767,1.359779375736259
League of Legends,2019,KR,"Korea, Republic of",248917974,24.72817715959472
League of Legends,2019,KW,Kuwait,700000,0.06953987184435426
League of Legends,2019,LB,Lebanon,13079692,1.2993715792051794
League of Legends,2019,LT,Lithuania,1255483,0.12472303846109345
League of Legends,2019,LU,Luxembourg,16835,0.0016724339178567197
League of Legends,2019,LV,Latvia,433098,0.043025113451494484
League of Legends,2019,MA,Morocco,1940000,0.19272478768292464
League of Legends,2019,MK,North Macedonia,127512,0.012667383055167573
League of Legends,2019,MO,Macao,195589,0.019430334277379148
League of Legends,2019,MX,Mexico,2900885,0.2881816730502994
League of Legends,2019,MY,Malaysia,1000000,0.09934267406336322
League of Legends,2019,NL,Netherlands,9455602,0.9393447875588854
League of Legends,2019,NO,Norway,7721993,0.7671234337185724
League of Legends,2019,NZ,New Zealand,120000,0.011921120887603586
League of Legends,2019,PE,Peru,2210478,0.21959479547823502
League of Legends,2019,PF,French Polynesia,834577,0.08290911089177948
League of Legends,2019,PH,Philippines,9679584,0.9615957583809456
League of Legends,2019,PL,Poland,29209647,2.901764441426895
League of Legends,2019,PR,Puerto Rico,620000,0.0615924579192852
League of Legends,2019,PS,"Palestine, State of",8400000,0.834478462132251
League of Legends,2019,PT,Portugal,3030217,0.30102985977226226
League of Legends,2019,RO,Romania,3950534,0.3924566115382345
League of Legends,2019,RS,Serbia,2037100,0.20237096133447718
League of Legends,2019,RU,Russian Federation,15265533,1.5165188692225153
League of Legends,2019,SA,Saudi Arabia,26967429,2.679016509473889
League of Legends,2019,SE,Sweden,15701611,1.5598400238427186
League of Legends,2019,SI,Slovenia,21871653,2.1727884952059804
League of Legends,2019,SK,Slovakia,1950212,0.1937392750704597
League of Legends,2019,SN,Senegal,200000,0.019868534812672645
League of Legends,2019,SY,Syrian Arab Republic,100000,0.009934267406336322
League of Legends,2019,TH,Thailand,4017500,0.3991091930495618
League of Legends,2019,TN,Tunisia,14218706,1.412524275760787
League of Legends,2019,TR,Turkey,2077805,0.2064147048822264
League of Legends,2019,TW,"Taiwan, Republic of China",35164268,3.4933124146007537
League of Legends,2019,UA,Ukraine,2832658,0.28140382042697837
League of Legends,2019,US,United States,41864652,4.158946478412127
League of Legends,2019,UY,Uruguay,1893323,0.18808776968566904
League of Legends,2019,VE,Venezuela,203037,0.02017023851380308
League of Legends,2019,VN,Viet Nam,23097103,2.294527975136929
League of Legends,2019,ZA,South Africa,500000,0.04967133703168161
League of Legends,2020,AE,United Arab Emirates,500000,0.08048184117754348
League of Legends,2020,AL,Albania,25448,0.004096203788572252
League of Legends,2020,AM,Armenia,199694,0.03214348158421673
League of Legends,2020,AR,Argentina,3334091,0.5366675646669541
League of Legends,2020,AT,Austria,1402627,0.22577200689066854
League of Legends,2020,AU,Australia,1128988,0.18172606581470488
League of Legends,2020,BE,Belgium,7575928,1.219449268137009
League of Legends,2020,BG,Bulgaria,5667610,0.9122793757525142
League of Legends,2020,BR,Brazil,7394350,1.1902218046223372
League of Legends,2020,BY,Belarus,1376881,0.22162783592475443
League of Legends,2020,CA,Canada,18872494,3.037786129464284
League of Legends,2020,CH,Switzerland,703489,0.11323617993629777
League of Legends,2020,CL,Chile,2329837,0.37501914280712867
League of Legends,2020,CN,China,154696411,24.900503961675977
League of Legends,2020,CO,Colombia,58434,0.00940575181473715
League of Legends,2020,CY,Cyprus,4585,0.0007380184835980736
League of Legends,2020,CZ,Czech Republic,4464083,0.7185552380187435
League of Legends,2020,DE,Germany,27203019,4.378698109415394
League of Legends,2020,DK,Denmark,24606891,3.960815786670248
League of Legends,2020,EC,Ecuador,58434,0.00940575181473715
League of Legends,2020,EE,Estonia,1919244,0.3089285815779065
League of Legends,2020,EG,Egypt,653856,0.10524706948996773
League of Legends,2020,ES,Spain,3892316,0.6265215162496226
League of Legends,2020,FI,Finland,3313832,0.5334066014261224
League of Legends,2020,FR,France,18243690,2.936571522144676
League of Legends,2020,GB,United Kingdom,4570219,0.7356392794091831
League of Legends,2020,GR,Greece,2748019,0.4423312574217436
League of Legends,2020,HK,Hong Kong,2559524,0.41199040811622156
League of Legends,2020,HR,Croatia,4519370,0.7274544371251093
League of Legends,2020,HU,Hungary,2396232,0.3857063264970947
League of Legends,2020,IL,Israel,67808,0.010914625373133735
League of Legends,2020,IQ,Iraq,400000,0.06438547294203477
League of Legends,2020,IR,"Iran, Islamic Republic of",1213856,0.19538673160881642
League of Legends,2020,IS,Iceland,68856,0.011083315312241866
League of Legends,2020,IT,Italy,1045461,0.16828125231863153
League of Legends,2020,JP,Japan,11305260,1.8197362795816703
League of Legends,2020,KR,"Korea, Republic of",137422653,22.120056265885335
League of Legends,2020,LB,Lebanon,546667,0.08799353334200831
League of Legends,2020,LT,Lithuania,1286141,0.20702199138785388
League of Legends,2020,LV,Latvia,884526,0.14237656209881563
League of Legends,2020,MA,Morocco,770000,0.12394203541341695
League of Legends,2020,MD,"Moldova, Republic of",87731,0.01412150481669413
League of Legends,2020,ME,Montenegro,18323,0.002949337551792258
League of Legends,2020,MK,North Macedonia,11717,0.0018860114661545537
League of Legends,2020,MO,Macao,150000,0.02414455235326304
League of Legends,2020,MX,Mexico,1741931,0.28038762816847895
League of Legends,2020,MY,Malaysia,128572,0.020695422567758238
League of Legends,2020,NL,Netherlands,7557855,1.2165401715058055
League of Legends,2020,NO,Norway,4306632,0.6932113452682528
League of Legends,2020,NZ,New Zealand,196667,0.03165624451772788
League of Legends,2020,PE,Peru,567635,0.09136861983362977
League of Legends,2020,PH,Philippines,1138904,0.18332218168893794
League of Legends,2020,PL,Poland,24060096,3.872801649976898
League of Legends,2020,PR,Puerto Rico,140400,0.022599301002654205
League of Legends,2020,PT,Portugal,2214874,0.3565142749925408
League of Legends,2020,RO,Romania,3900900,0.6279032284989586
League of Legends,2020,RS,Serbia,2255248,0.3630130227039451
League of Legends,2020,RU,Russian Federation,11803385,1.8999163138547979
League of Legends,2020,SA,Saudi Arabia,25000,0.004024092058877173
League of Legends,2020,SE,Sweden,18881132,3.0391765337524674
League of Legends,2020,SG,Singapore,228571,0.036791629839584575
League of Legends,2020,SI,Slovenia,6280184,1.0108815425074993
League of Legends,2020,SK,Slovakia,1859077,0.29924387970164795
League of Legends,2020,SY,Syrian Arab Republic,560395,0.09020324277337895
League of Legends,2020,TH,Thailand,450000,0.07243365705978912
League of Legends,2020,TN,Tunisia,200000,0.032192736471017384
League of Legends,2020,TR,Turkey,2717492,0.43741751909048987
League of Legends,2020,TW,"Taiwan, Republic of China",24343656,3.9184445117455065
League of Legends,2020,UA,Ukraine,2407047,0.38744714872176494
League of Legends,2020,US,United States,29995195,4.828137040158892
League of Legends,2020,UY,Uruguay,20512,0.0033016870524675435
League of Legends,2020,VE,Venezuela,45000,0.007243365705978912
League of Legends,2020,VN,Viet Nam,11533198,1.856426019410324
League of Legends,2021,AL,Albania,203991,0.025181595614386217
League of Legends,2021,AM,Armenia,19250,0.0023763093252983447
League of Legends,2021,AR,Argentina,4373492,0.5398841466866342
League of Legends,2021,AT,Austria,2255480,0.2784269172479954
League of Legends,2021,AU,Australia,20837068,2.572224363650687
League of Legends,2021,BA,Bosnia and Herzegovina,12075,0.0014905940313235072
League of Legends,2021,BE,Belgium,8287439,1.023039926157984
League of Legends,2021,BG,Bulgaria,4777777,0.5897909630803091
League of Legends,2021,BR,Brazil,10208911,1.2602353459969273
League of Legends,2021,BY,Belarus,1095253,0.135203112595376
League of Legends,2021,CA,Canada,13890019,1.7146483988712307
League of Legends,2021,CH,Switzerland,1436945,0.17738315862030285
League of Legends,2021,CL,Chile,2837659,0.3502937944787935
League of Legends,2021,CN,China,191114427,23.592051692423365
League of Legends,2021,CO,Colombia,62500,0.007715290017202418
League of Legends,2021,CR,Costa Rica,562500,0.06943761015482176
League of Legends,2021,CZ,Czech Republic,16327757,2.0155740893665106
League of Legends,2021,DE,Germany,27766412,3.4276147410740707
League of Legends,2021,DK,Denmark,23143940,2.8569953478517074
League of Legends,2021,EE,Estonia,364087,0.04494458874389083
League of Legends,2021,EG,Egypt,4721,0.0005827821467394018
League of Legends,2021,ES,Spain,10481476,1.2938820343735478
League of Legends,2021,FI,Finland,2179396,0.2690347552372941
League of Legends,2021,FR,France,18047202,2.2278303588645683
League of Legends,2021,GB,United Kingdom,10779541,1.3306765610771867
League of Legends,2021,GR,Greece,2870299,0.3543230275373773
League of Legends,2021,HK,Hong Kong,6941250,0.8568601093105005
League of Legends,2021,HR,Croatia,5851518,0.7223385345740841
League of Legends,2021,HU,Hungary,1752675,0.21635833489440395
League of Legends,2021,IL,Israel,123119,0.015198380666047112
League of Legends,2021,IQ,Iraq,285714,0.03526986195159954
League of Legends,2021,IS,Iceland,29225,0.0036076696120438505
League of Legends,2021,IT,Italy,785138,0.09692107797642034
League of Legends,2021,JP,Japan,9894000,1.2213612708832116
League of Legends,2021,KR,"Korea, Republic of",248351909,30.657712068173815
League of Legends,2021,LT,Lithuania,544737,0.06724486300961269
League of Legends,2021,LU,Luxembourg,129269,0.01595756520373983
League of Legends,2021,LV,Latvia,540285,0.06669528747110734
League of Legends,2021,ME,Montenegro,79215,0.009778667179403034
League of Legends,2021,MK,North Macedonia,342122,0.04223312722024521
League of Legends,2021,MX,Mexico,847023,0.1045604495398535
League of Legends,2021,MY,Malaysia,150000,0.018516696041285804
League of Legends,2021,NL,Netherlands,8305303,1.0252451412118608
League of Legends,2021,NO,Norway,3334988,0.4116863939822377
League of Legends,2021,NZ,New Zealand,2133000,0.2633074177070841
League of Legends,2021,PE,Peru,2134643,0.2635102372510563
League of Legends,2021,PH,Philippines,700000,0.08641124819266707
League of Legends,2021,PL,Poland,26715292,3.2978596107879623
League of Legends,2021,PT,Portugal,2311463,0.28533771854452405
League of Legends,2021,RO,Romania,5186112,0.6401977302670987
League of Legends,2021,RS,Serbia,1884555,0.23263821405390245
League of Legends,2021,RU,Russian Federation,11836806,1.461190258677787
League of Legends,2021,SE,Sweden,8205762,1.0129573382742232
League of Legends,2021,SG,Singapore,280000,0.03456449927706683
League of Legends,2021,SI,Slovenia,1809307,0.22334925176247128
League of Legends,2021,SK,Slovakia,1423102,0.17567431446497273
League of Legends,2021,TH,Thailand,150000,0.018516696041285804
League of Legends,2021,TN,Tunisia,21305,0.00262998806106396
League of Legends,2021,TR,Turkey,15374596,1.8979114725971236
League of Legends,2021,TW,"Taiwan, Republic of China",25216179,3.112802145771028
League of Legends,2021,UA,Ukraine,3679153,0.4541717186025652
League of Legends,2021,US,United States,25452399,3.1419622386968453
League of Legends,2021,UY,Uruguay,1573571,0.19424890604254763
League of Legends,2021,VN,Viet Nam,11765371,1.4523719907997252
League of Legends,2022,AL,Albania,199870,0.024605029569405436
League of Legends,2022,AM,Armenia,20500,0.0025236559072037393
League of Legends,2022,AR,Argentina,2071702,0.25503721903735616
League of Legends,2022,AT,Austria,484524,0.05964740755034071
League of Legends,2022,AU,Australia,22844236,2.8122434696076253
League of Legends,2022,BA,Bosnia and Herzegovina,5091,0.0006267284011499629
League of Legends,2022,BE,Belgium,8745295,1.0765909944872842
League of Legends,2022,BG,Bulgaria,3399704,0.41852112596800883
League of Legends,2022,BR,Brazil,16858791,2.0754042680713773
League of Legends,2022,BY,Belarus,138407,0.0170386167389438
League of Legends,2022,CA,Canada,15315629,1.8854330535800439
League of Legends,2022,CH,Switzerland,223402,0.027501940340542916
League of Legends,2022,CL,Chile,2258500,0.27803301787412904
League of Legends,2022,CN,China,194140520,23.899700981736864
League of Legends,2022,CO,Colombia,617704,0.07604255358553066
League of Legends,2022,CR,Costa Rica,336546,0.04143055126564828
League of Legends,2022,CZ,Czech Republic,6964474,0.8573627293008222
League of Legends,2022,DE,Germany,17161386,2.112655275839198
League of Legends,2022,DK,Denmark,23025908,2.8346082313624312
League of Legends,2022,DO,Dominican Republic,960122,0.11819597838713507
League of Legends,2022,DZ,Algeria,380383,0.046827112436579506
League of Legends,2022,EC,Ecuador,816833,0.10055636222677815
League of Legends,2022,EE,Estonia,430750,0.05302755034282979
League of Legends,2022,EG,Egypt,4305614,0.5300433270848351
League of Legends,2022,ES,Spain,8696829,1.0706245795019897
League of Legends,2022,FI,Finland,306590,0.03774281290680948
League of Legends,2022,FR,France,15514341,1.9098955273669838
League of Legends,2022,GB,United Kingdom,2519905,0.3102133238459629
League of Legends,2022,GR,Greece,8275999,1.018818232407914
League of Legends,2022,GT,Guatemala,200000,0.024621033241012093
League of Legends,2022,HK,Hong Kong,9332163,1.1488374771677154
League of Legends,2022,HR,Croatia,1176253,0.14480282106420098
League of Legends,2022,HU,Hungary,1275349,0.15700205061445766
League of Legends,2022,IE,Ireland,139909,0.0172235206985838
League of Legends,2022,IL,Israel,120016,0.014774589627266537
League of Legends,2022,IT,Italy,1752349,0.2157232148942715
League of Legends,2022,JM,Jamaica,12500,0.0015388145775632558
League of Legends,2022,JO,Jordan,249523,0.0307175703869853
League of Legends,2022,JP,Japan,8435560,1.0384610158327598
League of Legends,2022,KR,"Korea, Republic of",272802273,33.58336915878328
League of Legends,2022,LB,Lebanon,2026788,0.24950807360242205
League of Legends,2022,LT,Lithuania,826546,0.10175208270612789
League of Legends,2022,LU,Luxembourg,30552,0.003761109037897007
League of Legends,2022,LV,Latvia,290116,0.035714778398747316
League of Legends,2022,MA,Morocco,526760,0.06484687735017765
League of Legends,2022,MK,North Macedonia,382408,0.04707640039814476
League of Legends,2022,MN,Mongolia,250000,0.030776291551265114
League of Legends,2022,MO,Macao,50000,0.006155258310253023
League of Legends,2022,MX,Mexico,9121473,1.1229004496999715
League of Legends,2022,MY,Malaysia,320000,0.03939365318561935
League of Legends,2022,NI,Nicaragua,122500,0.015080382860119904
League of Legends,2022,NL,Netherlands,3056408,0.37625961483047643
League of Legends,2022,NO,Norway,2616835,0.32214590760621936
League of Legends,2022,NZ,New Zealand,874268,0.10762690744776579
League of Legends,2022,PA,Panama,32500,0.004000917901664465
League of Legends,2022,PE,Peru,568018,0.06992595029746604
League of Legends,2022,PF,French Polynesia,61104,0.007522218075794014
League of Legends,2022,PH,Philippines,700000,0.08617361634354231
League of Legends,2022,PL,Poland,24163321,2.974629647771228
League of Legends,2022,PR,Puerto Rico,158719,0.01953912887490099
League of Legends,2022,PS,"Palestine, State of",304442,0.03747838300980101
League of Legends,2022,PT,Portugal,1626855,0.20027425516653363
League of Legends,2022,RO,Romania,6515236,0.8020592106451933
League of Legends,2022,RS,Serbia,1008908,0.12420178702561514
League of Legends,2022,RU,Russian Federation,432103,0.05319411163270524
League of Legends,2022,SA,Saudi Arabia,4915060,0.6050692782078444
League of Legends,2022,SE,Sweden,10778872,1.3269348290630725
League of Legends,2022,SG,Singapore,100000,0.012310516620506046
League of Legends,2022,SI,Slovenia,1470618,0.1810406733141536
League of Legends,2022,SK,Slovakia,1302096,0.1602947444949444
League of Legends,2022,SV,El Salvador,45000,0.00553973247922772
League of Legends,2022,SY,Syrian Arab Republic,457538,0.056325291535130946
League of Legends,2022,TN,Tunisia,1007175,0.12398844577258177
League of Legends,2022,TR,Turkey,12051937,1.4836557074779175
League of Legends,2022,TT,Trinidad and Tobago,75000,0.009232887465379534
League of Legends,2022,TW,"Taiwan, Republic of China",24697885,3.040437237838469
League of Legends,2022,UA,Ukraine,190982,0.023510870852174855
League of Legends,2022,US,United States,24881115,3.0629937974422226
League of Legends,2022,UY,Uruguay,112167,0.013808337177723016
League of Legends,2022,VE,Venezuela,222052,0.027335748366166087
League of Legends,2022,VN,Viet Nam,21424787,2.6375019645430187
League of Legends,2023,AE,United Arab Emirates,61680,0.008614595127234434
League of Legends,2023,AL,Albania,310739,0.04339965426786156
League of Legends,2023,AR,Argentina,4832857,0.6749855117188851
League of Legends,2023,AT,Austria,165825,0.023160104360791994
League of Legends,2023,AU,Australia,14814869,2.069132592380293
League of Legends,2023,BA,Bosnia and Herzegovina,6464,0.0009028006307140627
League of Legends,2023,BE,Belgium,3285693,0.4588993986282148
League of Legends,2023,BG,Bulgaria,3717945,0.5192702801609214
League of Legends,2023,BR,Brazil,19122091,2.670704798170127
League of Legends,2023,CA,Canada,8129581,1.1354255653219463
League of Legends,2023,CH,Switzerland,129947,0.018149169795699305
League of Legends,2023,CL,Chile,964286,0.13467790980642647
League of Legends,2023,CN,China,181340767,25.3271285305959
League of Legends,2023,CO,Colombia,2000000,0.2793318783149946
League of Legends,2023,CR,Costa Rica,1000000,0.1396659391574973
League of Legends,2023,CZ,Czech Republic,7546046,1.053925601515676
League of Legends,2023,DE,Germany,14300500,1.9972927629217905
League of Legends,2023,DK,Denmark,10096026,1.410070953048511
League of Legends,2023,DZ,Algeria,185950,0.025970881386336627
League of Legends,2023,EE,Estonia,372708,0.052054612851512506
League of Legends,2023,EG,Egypt,704167,0.09834814537871742
League of Legends,2023,ES,Spain,10347517,1.445195679753169
League of Legends,2023,FI,Finland,287070,0.040093901153942756
League of Legends,2023,FR,France,18193015,2.540944526081436
League of Legends,2023,GB,United Kingdom,629780,0.08795881516260866
League of Legends,2023,GR,Greece,2916347,0.40731434266414984
League of Legends,2023,GT,Guatemala,1000000,0.1396659391574973
League of Legends,2023,HK,Hong Kong,4786560,0.6685193977337104
League of Legends,2023,HR,Croatia,1596215,0.2229368670722846
League of Legends,2023,HU,Hungary,729521,0.1018892356001166
League of Legends,2023,IL,Israel,12500,0.0017458242394687165
League of Legends,2023,IT,Italy,968233,0.1352291712682811
League of Legends,2023,JO,Jordan,447630,0.06251866434507053
League of Legends,2023,JP,Japan,8459098,1.1814478665953072
League of Legends,2023,KR,"Korea, Republic of",268349139,37.479234520540786
League of Legends,2023,LB,Lebanon,447630,0.06251866434507053
League of Legends,2023,LT,Lithuania,814404,0.11374449951362245
League of Legends,2023,LU,Luxembourg,21680,0.003027957560934542
League of Legends,2023,LV,Latvia,181835,0.025396156046703523
League of Legends,2023,MA,Morocco,152520,0.021301849040301492
League of Legends,2023,ME,Montenegro,43360,0.006055915121869084
League of Legends,2023,MK,North Macedonia,252825,0.035311041067494255
League of Legends,2023,MN,Mongolia,350000,0.04888307870512406
League of Legends,2023,MX,Mexico,657223,0.09179166753090785
League of Legends,2023,MY,Malaysia,80000,0.011173275132599785
League of Legends,2023,NL,Netherlands,1924726,0.26881866441085317
League of Legends,2023,NO,Norway,1051201,0.14681697490830034
League of Legends,2023,NZ,New Zealand,960000,0.13407930159119744
League of Legends,2023,PE,Peru,2795000,0.390366299945205
League of Legends,2023,PF,French Polynesia,124346,0.017366900870478163
League of Legends,2023,PH,Philippines,580000,0.08100624471134844
League of Legends,2023,PL,Poland,9536569,1.331933865725275
League of Legends,2023,PT,Portugal,2120589,0.29617405425205806
League of Legends,2023,RO,Romania,1382403,0.19307461328914177
League of Legends,2023,RS,Serbia,1382498,0.19308788155336173
League of Legends,2023,RU,Russian Federation,1222491,0.17074035362658807
League of Legends,2023,SA,Saudi Arabia,555118,0.0775310768132316
League of Legends,2023,SE,Sweden,6506888,0.9087906235126495
League of Legends,2023,SG,Singapore,120000,0.01675991269889968
League of Legends,2023,SI,Slovenia,5591797,0.780983579583076
League of Legends,2023,SK,Slovakia,876653,0.12243856456023748
League of Legends,2023,SY,Syrian Arab Republic,75611,0.01056028132563753
League of Legends,2023,TN,Tunisia,84009,0.011733195882682193
League of Legends,2023,TR,Turkey,8881052,1.24038046828657
League of Legends,2023,TW,"Taiwan, Republic of China",24133083,3.3705697019608327
League of Legends,2023,UA,Ukraine,161151,0.02250730576116985
League of Legends,2023,US,United States,30851095,4.3088471572121705
League of Legends,2023,VN,Viet Nam,20165660,2.816455842630777
League of Legends,2023,ZA,South Africa,100000,0.013966593915749732
League of Legends,2024,AE,United Arab Emirates,81282,0.009674055571663773
League of Legends,2024,AL,Albania,129699,0.015436570625590163
League of Legends,2024,AR,Argentina,6793214,0.8085176268571682
League of Legends,2024,AT,Austria,905873,0.10781557716185353
League of Legends,2024,AU,Australia,5059611,0.6021869292709494
League of Legends,2024,BE,Belgium,7134339,0.8491177868788681
League of Legends,2024,BG,Bulgaria,797306,0.09489410388057573
League of Legends,2024,BR,Brazil,20691449,2.462663658426796
League of Legends,2024,CA,Canada,12282787,1.4618779559177846
League of Legends,2024,CH,Switzerland,183163,0.021799771667437462
League of Legends,2024,CL,Chile,1800000,0.2142331639107649
League of Legends,2024,CN,China,286028016,34.042603797110495
League of Legends,2024,CO,Colombia,500000,0.05950921219743469
League of Legends,2024,CR,Costa Rica,250000,0.029754606098717346
League of Legends,2024,CZ,Czech Republic,6815900,0.8112176788329902
League of Legends,2024,DE,Germany,14952011,1.7795647907547556
League of Legends,2024,DK,Denmark,10810938,1.2867008069906205
League of Legends,2024,DZ,Algeria,64750,0.007706442979567792
League of Legends,2024,EE,Estonia,213688,0.025432809072090848
League of Legends,2024,EG,Egypt,253236,0.03013974972005914
League of Legends,2024,ES,Spain,19356329,2.303759779648718
League of Legends,2024,FI,Finland,383145,0.04560131421477223
League of Legends,2024,FR,France,14779501,1.7590329223623964
League of Legends,2024,GB,United Kingdom,706633,0.08410234628541974
League of Legends,2024,GR,Greece,2302538,0.2740444448693138
League of Legends,2024,HK,Hong Kong,2086296,0.2483076627413184
League of Legends,2024,HR,Croatia,1232056,0.1466373638862452
League of Legends,2024,HU,Hungary,553908,0.0659252574197133
League of Legends,2024,IL,Israel,65235,0.007764166915399305
League of Legends,2024,IT,Italy,263750,0.0313911094341468
League of Legends,2024,JO,Jordan,538288,0.06406618963066545
League of Legends,2024,JP,Japan,6303600,0.7502445400154987
League of Legends,2024,KR,"Korea, Republic of",307099585,36.55050873901827
League of Legends,2024,KW,Kuwait,27094,0.0032246851905545913
League of Legends,2024,LB,Lebanon,306635,0.036495214564320776
League of Legends,2024,LT,Lithuania,462402,0.05503435747703639
League of Legends,2024,LV,Latvia,248647,0.02959357417051109
League of Legends,2024,MA,Morocco,75771,0.009018145034823647
League of Legends,2024,MD,"Moldova, Republic of",48400,0.005760491740711678
League of Legends,2024,MK,North Macedonia,129310,0.01539027245850056
League of Legends,2024,MN,Mongolia,100000,0.01190184243948694
League of Legends,2024,MX,Mexico,992857,0.11816827578941683
League of Legends,2024,NL,Netherlands,1138802,0.13553841973772604
League of Legends,2024,NO,Norway,575181,0.06845713636186537
League of Legends,2024,PE,Peru,1678750,0.199802179952887
League of Legends,2024,PL,Poland,14202017,1.6903016865691498
League of Legends,2024,PT,Portugal,2361657,0.28108069510111405
League of Legends,2024,RO,Romania,1052210,0.12523237633252554
League of Legends,2024,RS,Serbia,1177880,0.14018942172622875
League of Legends,2024,RU,Russian Federation,1076553,0.1281296418375698
League of Legends,2024,SA,Saudi Arabia,108100,0.012865891677085382
League of Legends,2024,SE,Sweden,10106511,1.202861015349416
League of Legends,2024,SI,Slovenia,8898999,1.0591448396715184
League of Legends,2024,SK,Slovakia,638430,0.07598493268641646
League of Legends,2024,SY,Syrian Arab Republic,64800,0.007712393900787536
League of Legends,2024,TR,Turkey,6430001,0.7652885878774346
League of Legends,2024,TW,"Taiwan, Republic of China",8629933,1.0271210282932883
League of Legends,2024,UA,Ukraine,539459,0.06420556020563184
League of Legends,2024,US,United States,23196250,2.760781126869489
League of Legends,2024,VE,Venezuela,21573,0.0025675844694705175
League of Legends,2024,VN,Viet Nam,24499700,2.9159156921469815
League of Legends,2025,AU,Australia,900000,0.17048030767664624
League of Legends,2025,BE,Belgium,10930264,2.0704386330077442
League of Legends,2025,BR,Brazil,15500000,2.9360497433200186
League of Legends,2025,CA,Canada,12103783,2.2927296109904
League of Legends,2025,CN,China,86500110,16.385072629848604
League of Legends,2025,CZ,Czech Republic,596700,0.11302844398961645
League of Legends,2025,DE,Germany,6626481,1.2552050218816115
League of Legends,2025,DK,Denmark,7518915,1.4242521584383894
League of Legends,2025,ES,Spain,20080264,3.803655094386981
League of Legends,2025,FR,France,18061534,3.4212620815913413
League of Legends,2025,GB,United Kingdom,76064,0.0144082379145738
League of Legends,2025,GR,Greece,11749179,2.2255596120755454
League of Legends,2025,HK,Hong Kong,7575000,1.4348759229451058
League of Legends,2025,KR,"Korea, Republic of",255306700,48.36084974212135
League of Legends,2025,NL,Netherlands,100000,0.01894225640851625
League of Legends,2025,NO,Norway,100000,0.01894225640851625
League of Legends,2025,PL,Poland,7628131,1.4449401331975147
League of Legends,2025,PT,Portugal,158688,0.03005908784954626
League of Legends,2025,RO,Romania,50000,0.009471128204258125
League of Legends,2025,SE,Sweden,5380264,1.0191434023350927
League of Legends,2025,SI,Slovenia,207566,0.039317683936900834
League of Legends,2025,SK,Slovakia,69504,0.013165625894175133
League of Legends,2025,TR,Turkey,526064,0.09964839175289691
League of Legends,2025,TW,"Taiwan, Republic of China",33175000,6.284093563525266
League of Legends,2025,US,United States,12000000,2.27307076902195
League of Legends,2025,VN,Viet Nam,15000000,2.841338461277437
Valorant,2020,AE,United Arab Emirates,160000,0.06521732094761844
Valorant,2020,AR,Argentina,2128000,0.8673903686033251
Valorant,2020,AT,Austria,105154,0.04286163854328668
Valorant,2020,AU,Australia,2060802,0.8399999090218373
Valorant,2020,BA,Bosnia and Herzegovina,122800,0.05005429382729715
Valorant,2020,BE,Belgium,4653770,1.896915073164989
Valorant,2020,BG,Bulgaria,20819,0.008485996280052926
Valorant,2020,BR,Brazil,9059021,3.6925317501763457
Valorant,2020,BY,Belarus,1401068,0.5710868839089867
Valorant,2020,CA,Canada,21849609,8.906081017081076
Valorant,2020,CH,Switzerland,450171,0.18349341617693962
Valorant,2020,CL,Chile,1349000,0.5498635372396079
Valorant,2020,CN,China,1341060,0.5466271276875824
Valorant,2020,CO,Colombia,1400360,0.5707982972637934
Valorant,2020,CZ,Czech Republic,200896,0.0818868681818297
Valorant,2020,DE,Germany,3554163,1.4487061816946898
Valorant,2020,DK,Denmark,1391075,0.567013654607552
Valorant,2020,DO,Dominican Republic,210000,0.0855977337437492
Valorant,2020,DZ,Algeria,145000,0.05910319710877921
Valorant,2020,EC,Ecuador,50120,0.020429325786841476
Valorant,2020,EE,Estonia,66023,0.026911519880778827
Valorant,2020,EG,Egypt,280000,0.11413031165833226
Valorant,2020,ES,Spain,7250798,2.9554851268271864
Valorant,2020,FI,Finland,1084499,0.44205074593982024
Valorant,2020,FR,France,9249386,3.7701260958150544
Valorant,2020,GB,United Kingdom,8761370,3.571206745192723
Valorant,2020,GR,Greece,448517,0.1828192321216436
Valorant,2020,GT,Guatemala,187500,0.07642654798549035
Valorant,2020,HK,Hong Kong,975395,0.3975790547856393
Valorant,2020,HR,Croatia,645497,0.26310990637328036
Valorant,2020,HU,Hungary,1195798,0.4874171372157514
Valorant,2020,ID,Indonesia,2241171,0.9135198025343435
Valorant,2020,IE,Ireland,5000,0.002038041279613076
Valorant,2020,IL,Israel,176922,0.07211486785434093
Valorant,2020,IN,India,140000,0.05706515582916613
Valorant,2020,IR,"Iran, Islamic Republic of",29680,0.01209781303578322
Valorant,2020,IS,Iceland,213335,0.08695710727725112
Valorant,2020,IT,Italy,125000,0.050951031990326905
Valorant,2020,JO,Jordan,580000,0.23641278843511684
Valorant,2020,JP,Japan,17427146,7.10344858676878
Valorant,2020,KR,"Korea, Republic of",19659372,8.013322333453896
Valorant,2020,KW,Kuwait,420000,0.1711954674874984
Valorant,2020,KZ,Kazakhstan,313258,0.12768654703380658
Valorant,2020,LB,Lebanon,140000,0.05706515582916613
Valorant,2020,LT,Lithuania,2453801,1.0001895459911692
Valorant,2020,LU,Luxembourg,1000,0.00040760825592261524
Valorant,2020,LV,Latvia,2987513,1.21773496347614
Valorant,2020,MA,Morocco,1450000,0.591031971087792
Valorant,2020,MK,North Macedonia,46760,0.019059762046941486
Valorant,2020,MN,Mongolia,440000,0.17934763260595069
Valorant,2020,MO,Macao,40000,0.01630433023690461
Valorant,2020,MX,Mexico,949000,0.38682023487056183
Valorant,2020,MY,Malaysia,764885,0.31177344083136954
Valorant,2020,NL,Netherlands,110368,0.044986907989667195
Valorant,2020,NO,Norway,675729,0.27543271916633283
Valorant,2020,NZ,New Zealand,44519,0.018146311945418905
Valorant,2020,PA,Panama,35000,0.014266288957291533
Valorant,2020,PH,Philippines,1905226,0.7765858469984205
Valorant,2020,PK,Pakistan,11900,0.004850538245479121
Valorant,2020,PL,Poland,5883366,2.398108554214413
Valorant,2020,PR,Puerto Rico,225120,0.09176077057329914
Valorant,2020,PT,Portugal,1084274,0.44195903408223763
Valorant,2020,RS,Serbia,430960,0.17566285397241024
Valorant,2020,RU,Russian Federation,8273179,3.3722160631256055
Valorant,2020,SA,Saudi Arabia,260000,0.10597814653987994
Valorant,2020,SE,Sweden,8759428,3.5704151699597215
Valorant,2020,SG,Singapore,1227529,0.5003509547844319
Valorant,2020,SK,Slovakia,15617,0.006365618132743481
Valorant,2020,SY,Syrian Arab Republic,20000,0.008152165118452305
Valorant,2020,TH,Thailand,5115351,2.0850592995420056
Valorant,2020,TN,Tunisia,450358,0.18356963892079714
Valorant,2020,TR,Turkey,9714706,3.959794369460966
Valorant,2020,TW,"Taiwan, Republic of China",3722251,1.5172202382162103
Valorant,2020,UA,Ukraine,1528167,0.6228934856284951
Valorant,2020,US,United States,62606346,25.518863502747795
Valorant,2020,VE,Venezuela,215012,0.08764066632243335
Valorant,2020,VN,Viet Nam,591838,0.24123805496872874
Valorant,2020,ZA,South Africa,25840,0.010532597333040378
Valorant,2021,AE,United Arab Emirates,105000,0.015224272653523056
Valorant,2021,AR,Argentina,9859893,1.429616184443461
Valorant,2021,AT,Austria,271112,0.03930936197754231
Valorant,2021,AU,Australia,1084000,0.1571724910135142
Valorant,2021,AZ,Azerbaijan,100000,0.014499307289069575
Valorant,2021,BA,Bosnia and Herzegovina,6082,0.0008818478693212116
Valorant,2021,BD,Bangladesh,36027,0.005223665437033096
Valorant,2021,BE,Belgium,7772954,1.1270244858980252
Valorant,2021,BG,Bulgaria,238043,0.034514586050119894
Valorant,2021,BH,Bahrain,79987,0.011597560921308082
Valorant,2021,BR,Brazil,43961128,6.374059036461206
Valorant,2021,BY,Belarus,3312719,0.48032130743339274
Valorant,2021,CA,Canada,41556227,6.025365050473299
Valorant,2021,CL,Chile,19519214,2.8301508182710893
Valorant,2021,CN,China,1898086,0.27520932175080914
Valorant,2021,CO,Colombia,5653533,0.8197231223589538
Valorant,2021,CR,Costa Rica,30000,0.004349792186720873
Valorant,2021,CU,Cuba,20000,0.0028998614578139154
Valorant,2021,CZ,Czech Republic,5320029,0.7713673525776152
Valorant,2021,DE,Germany,4804768,0.6966580768468825
Valorant,2021,DK,Denmark,4417837,0.6405557621602127
Valorant,2021,DO,Dominican Republic,350000,0.05074757551174351
Valorant,2021,DZ,Algeria,244152,0.03540034873240915
Valorant,2021,EC,Ecuador,40000,0.005799722915627831
Valorant,2021,EE,Estonia,126958,0.018408030548056953
Valorant,2021,EG,Egypt,6800000,0.9859528956567313
Valorant,2021,ES,Spain,9690846,1.4051055404505075
Valorant,2021,FI,Finland,19997622,2.899516664286581
Valorant,2021,FR,France,14406093,2.0887836924191423
Valorant,2021,GB,United Kingdom,22025034,3.1934773601820523
Valorant,2021,GT,Guatemala,415622,0.060262310940976754
Valorant,2021,HK,Hong Kong,479927,0.06958609049321295
Valorant,2021,HN,Honduras,40000,0.005799722915627831
Valorant,2021,HR,Croatia,3674197,0.5327331134357757
Valorant,2021,HU,Hungary,2503425,0.3629792835013901
Valorant,2021,ID,Indonesia,11836431,1.7162005027486908
Valorant,2021,IE,Ireland,89315,0.012950056305232494
Valorant,2021,IL,Israel,348514,0.05053211580542794
Valorant,2021,IN,India,14255537,2.0669541153370106
Valorant,2021,IS,Iceland,179000,0.025953760047434545
Valorant,2021,IT,Italy,315148,0.04569427693535699
Valorant,2021,JO,Jordan,415000,0.06017212524963875
Valorant,2021,JP,Japan,13092334,1.8982977379713346
Valorant,2021,KH,Cambodia,14000,0.0020299030204697405
Valorant,2021,KR,"Korea, Republic of",50279669,7.290203712237056
Valorant,2021,KZ,Kazakhstan,1638246,0.23753432169089078
Valorant,2021,LB,Lebanon,315000,0.04567281796056916
Valorant,2021,LK,Sri Lanka,416620,0.06040701402772167
Valorant,2021,LT,Lithuania,5110306,0.74095897035176
Valorant,2021,LV,Latvia,622236,0.09021990970321497
Valorant,2021,MA,Morocco,812000,0.11773437518724497
Valorant,2021,MD,"Moldova, Republic of",4309,0.0006247751510860081
Valorant,2021,MK,North Macedonia,11599,0.0016817746524591802
Valorant,2021,MN,Mongolia,733000,0.10627992242887999
Valorant,2021,MO,Macao,6354,0.0009212859851474809
Valorant,2021,MX,Mexico,1613556,0.2339544427212195
Valorant,2021,MY,Malaysia,2148476,0.31151413727191046
Valorant,2021,NL,Netherlands,619671,0.08984800247125033
Valorant,2021,NO,Norway,1117580,0.16204135840118378
Valorant,2021,PA,Panama,20000,0.0028998614578139154
Valorant,2021,PH,Philippines,13735235,1.9915139295258357
Valorant,2021,PK,Pakistan,615543,0.08924947106635754
Valorant,2021,PL,Poland,24612715,3.568673180032921
Valorant,2021,PR,Puerto Rico,346622,0.05025778891151875
Valorant,2021,PT,Portugal,2105264,0.3052486966061577
Valorant,2021,QA,Qatar,262909,0.038119983800619935
Valorant,2021,RO,Romania,207431,0.030076058102789915
Valorant,2021,RS,Serbia,266326,0.03861542513068744
Valorant,2021,RU,Russian Federation,66551189,9.64946139763947
Valorant,2021,SA,Saudi Arabia,3308670,0.47973423048125835
Valorant,2021,SE,Sweden,10545951,1.5290898420447059
Valorant,2021,SG,Singapore,5548824,0.804541042689642
Valorant,2021,SK,Slovakia,121282,0.017585049866329364
Valorant,2021,SY,Syrian Arab Republic,50000,0.0072496536445347875
Valorant,2021,TH,Thailand,18748697,2.718431190726569
Valorant,2021,TN,Tunisia,665553,0.09650057464162123
Valorant,2021,TR,Turkey,46398217,6.72742005947932
Valorant,2021,TW,"Taiwan, Republic of China",4483333,0.6500522284622617
Valorant,2021,UA,Ukraine,11172241,1.6198975536654197
Valorant,2021,US,United States,136484100,19.78924905972101
Valorant,2021,VE,Venezuela,64550,0.009359302855094412
Valorant,2021,VN,Viet Nam,6469053,0.9379678731627742
Valorant,2021,ZA,South Africa,70000,0.010149515102348704
Valorant,2022,AE,United Arab Emirates,1310420,0.18771660342928792
Valorant,2022,AL,Albania,164899,0.023621648165386783
Valorant,2022,AR,Argentina,15250912,2.184680789242356
Valorant,2022,AT,Austria,506676,0.07258092654197729
Valorant,2022,AU,Australia,7630369,1.0930441778911586
Valorant,2022,BA,Bosnia and Herzegovina,20818,0.0029821616353466183
Valorant,2022,BD,Bangladesh,10000,0.0014324918990040439
Valorant,2022,BE,Belgium,4980586,0.7134649097292954
Valorant,2022,BG,Bulgaria,474630,0.06799036300242893
Valorant,2022,BH,Bahrain,3848510,0.5512959398236053
Valorant,2022,BN,Brunei Darussalam,391015,0.05601258198890662
Valorant,2022,BR,Brazil,70552606,10.10660365486241
Valorant,2022,BW,Botswana,23333,0.0033424333479461356
Valorant,2022,BY,Belarus,1482207,0.21232495201470866
Valorant,2022,CA,Canada,37700595,5.4005796925132366
Valorant,2022,CH,Switzerland,65998,0.009454160035046889
Valorant,2022,CL,Chile,27223063,3.899681721357672
Valorant,2022,CN,China,4630000,0.6632437492388723
Valorant,2022,CO,Colombia,3897548,0.5583205935979413
Valorant,2022,CR,Costa Rica,542661,0.07773574864054333
Valorant,2022,CU,Cuba,35000,0.0050137216465141535
Valorant,2022,CZ,Czech Republic,4075366,0.5837928780476515
Valorant,2022,DE,Germany,8862961,1.269611983368878
Valorant,2022,DK,Denmark,11585454,1.6596069001283995
Valorant,2022,DO,Dominican Republic,348887,0.049977780116782375
Valorant,2022,DZ,Algeria,803143,0.11504958412418048
Valorant,2022,EC,Ecuador,4887,0.0007000587910432762
Valorant,2022,EE,Estonia,306239,0.043868488665909935
Valorant,2022,EG,Egypt,5455069,0.781434215100809
Valorant,2022,ES,Spain,6085695,0.8717708787309415
Valorant,2022,FI,Finland,12015885,1.7212657921864205
Valorant,2022,FR,France,11792040,1.6892001772731646
Valorant,2022,GB,United Kingdom,20605714,2.951751837819421
Valorant,2022,GR,Greece,669525,0.09590891386806825
Valorant,2022,GT,Guatemala,4887,0.0007000587910432762
Valorant,2022,HK,Hong Kong,2080000,0.29795831499284114
Valorant,2022,HR,Croatia,236252,0.033842907612350336
Valorant,2022,HU,Hungary,1031285,0.14773074080643855
Valorant,2022,ID,Indonesia,27845323,3.9888199622650977
Valorant,2022,IE,Ireland,409176,0.05861413052668786
Valorant,2022,IL,Israel,378771,0.05425863890776607
Valorant,2022,IN,India,13066000,1.8716939152386838
Valorant,2022,IQ,Iraq,59600,0.008537651718064102
Valorant,2022,IR,"Iran, Islamic Republic of",218714,0.03133060331987705
Valorant,2022,IS,Iceland,87562,0.012543185566059208
Valorant,2022,IT,Italy,2375475,0.3402848693786631
Valorant,2022,JO,Jordan,1960416,0.28082800386779116
Valorant,2022,JP,Japan,17477419,2.5036261132999353
Valorant,2022,KH,Cambodia,950000,0.13608673040538416
Valorant,2022,KR,"Korea, Republic of",46391490,6.645543360772711
Valorant,2022,KW,Kuwait,585000,0.08380077609173657
Valorant,2022,KZ,Kazakhstan,812960,0.11645586142143274
Valorant,2022,LA,Lao People's Democratic Republic,459492,0.06582185676571661
Valorant,2022,LB,Lebanon,1597835,0.22888856934451265
Valorant,2022,LT,Lithuania,7830010,1.1216425894120652
Valorant,2022,LV,Latvia,7095222,1.016384803663527
Valorant,2022,MA,Morocco,1910000,0.2736059527097724
Valorant,2022,MD,"Moldova, Republic of",31017,0.004443160123140843
Valorant,2022,MK,North Macedonia,159899,0.02290540221588476
Valorant,2022,MN,Mongolia,334561,0.04792559222226919
Valorant,2022,MX,Mexico,1255321,0.17982371631496552
Valorant,2022,MY,Malaysia,7850969,1.124644949183188
Valorant,2022,MZ,Mozambique,20600,0.00295093331194833
Valorant,2022,NL,Netherlands,4588007,0.6572282860073846
Valorant,2022,NO,Norway,988625,0.1416197303652873
Valorant,2022,NZ,New Zealand,612631,0.08775889445787464
Valorant,2022,PH,Philippines,14831760,2.1246376047972215
Valorant,2022,PK,Pakistan,435050,0.06232056006617092
Valorant,2022,PL,Poland,10992780,1.5747068297533675
Valorant,2022,PR,Puerto Rico,20000,0.0028649837980080878
Valorant,2022,PS,"Palestine, State of",98000,0.014038420610239629
Valorant,2022,PT,Portugal,5005300,0.7170051702084941
Valorant,2022,QA,Qatar,55774,0.007989580317505154
Valorant,2022,RO,Romania,293106,0.041987197054947925
Valorant,2022,RS,Serbia,1507723,0.21598009834420737
Valorant,2022,RU,Russian Federation,31374548,4.494378584491352
Valorant,2022,SA,Saudi Arabia,6944604,0.9948088971791079
Valorant,2022,SE,Sweden,19757975,2.8303139128224424
Valorant,2022,SG,Singapore,21145969,3.029142928909064
Valorant,2022,SI,Slovenia,416104,0.05960656091431786
Valorant,2022,SK,Slovakia,111831,0.016019700155752124
Valorant,2022,SY,Syrian Arab Republic,223972,0.03208380756037337
Valorant,2022,TH,Thailand,25093111,3.594567822830926
Valorant,2022,TN,Tunisia,646975,0.09267864463581413
Valorant,2022,TR,Turkey,24672914,3.534374942982346
Valorant,2022,TW,"Taiwan, Republic of China",1820000,0.260713525618736
Valorant,2022,UA,Ukraine,7616073,1.0909962874723425
Valorant,2022,US,United States,101539288,14.545420749063853
Valorant,2022,VE,Venezuela,27234,0.003901248437747613
Valorant,2022,VN,Viet Nam,8985483,1.2871631606138552
Valorant,2022,XK,"Kosovo, Republic of",140400,0.020112186262016774
Valorant,2022,ZA,South Africa,271023,0.0388238251943773
Valorant,2023,AE,United Arab Emirates,4716835,0.5357316666929052
Valorant,2023,AR,Argentina,17405026,1.9768390430899851
Valorant,2023,AT,Austria,373538,0.042425935041852096
Valorant,2023,AU,Australia,8290861,0.941664650522905
Valorant,2023,BA,Bosnia and Herzegovina,95814,0.010882423046918966
Valorant,2023,BD,Bangladesh,20000,0.0022715726400983085
Valorant,2023,BE,Belgium,723470,0.08217073289659615
Valorant,2023,BG,Bulgaria,326733,0.037109887170862034
Valorant,2023,BH,Bahrain,1078834,0.12253248988039092
Valorant,2023,BN,Brunei Darussalam,100000,0.011357863200491541
Valorant,2023,BR,Brazil,78051176,8.864945796454887
Valorant,2023,BY,Belarus,747594,0.08491070381508274
Valorant,2023,CA,Canada,27264000,3.0966078229820138
Valorant,2023,CH,Switzerland,359376,0.04081743445539848
Valorant,2023,CL,Chile,15441215,1.75379207619378
Valorant,2023,CN,China,41129157,4.6713933875753915
Valorant,2023,CO,Colombia,6722500,0.763532353653044
Valorant,2023,CR,Costa Rica,904000,0.10267508333244355
Valorant,2023,CU,Cuba,135000,0.015333115320663582
Valorant,2023,CZ,Czech Republic,3152702,0.35807958027916087
Valorant,2023,DE,Germany,10031671,1.1393834689033817
Valorant,2023,DK,Denmark,8217524,0.9333351343875605
Valorant,2023,DO,Dominican Republic,1421500,0.16145202539498726
Valorant,2023,DZ,Algeria,1005005,0.11414709305810002
Valorant,2023,EC,Ecuador,161500,0.01834294906879384
Valorant,2023,EE,Estonia,643176,0.07305105021839348
Valorant,2023,EG,Egypt,5485483,0.6230336550262194
Valorant,2023,ES,Spain,2828427,0.3212488693857669
Valorant,2023,FI,Finland,19969875,2.26815108380916
Valorant,2023,FR,France,9452427,1.0735937277863266
Valorant,2023,GB,United Kingdom,27014169,3.0682323597695937
Valorant,2023,GR,Greece,118815,0.013494845161664026
Valorant,2023,GT,Guatemala,799000,0.09074932697192742
Valorant,2023,HK,Hong Kong,2815226,0.31974951786467004
Valorant,2023,HR,Croatia,213100,0.024203606480247476
Valorant,2023,HU,Hungary,351863,0.039964118193145555
Valorant,2023,ID,Indonesia,38263764,4.3459459704789305
Valorant,2023,IE,Ireland,712605,0.08093670105986275
Valorant,2023,IL,Israel,938695,0.10661569396985407
Valorant,2023,IN,India,12724752,1.4452599247618114
Valorant,2023,IQ,Iraq,60000,0.006814717920294926
Valorant,2023,IR,"Iran, Islamic Republic of",498970,0.05667233001149265
Valorant,2023,IS,Iceland,50000,0.0056789316002457705
Valorant,2023,IT,Italy,1963235,0.22298154560417013
Valorant,2023,JO,Jordan,1188371,0.13497355249431334
Valorant,2023,JP,Japan,11875776,1.3488343920768064
Valorant,2023,KH,Cambodia,25066667,2.8470377467827572
Valorant,2023,KR,"Korea, Republic of",55474159,6.300679090843167
Valorant,2023,KW,Kuwait,1407335,0.15984318407263765
Valorant,2023,KZ,Kazakhstan,57459,0.006526114616370435
Valorant,2023,LA,Lao People's Democratic Republic,100000,0.011357863200491541
Valorant,2023,LB,Lebanon,1385977,0.15741737165027664
Valorant,2023,LK,Sri Lanka,20000,0.0022715726400983085
Valorant,2023,LT,Lithuania,3219682,0.3656870770508501
Valorant,2023,LV,Latvia,4021664,0.45677509550341616
Valorant,2023,MA,Morocco,2627682,0.2984485269039402
Valorant,2023,MD,"Moldova, Republic of",10000,0.0011357863200491542
Valorant,2023,MK,North Macedonia,514711,0.05846017125788202
Valorant,2023,MN,Mongolia,631320,0.0717044619573432
Valorant,2023,MX,Mexico,1799500,0.2043847482928453
Valorant,2023,MY,Malaysia,14043699,1.5950641207087988
Valorant,2023,NL,Netherlands,2815967,0.31983367963098563
Valorant,2023,NO,Norway,1765962,0.20057554813266446
Valorant,2023,NZ,New Zealand,1377447,0.1564485459192747
Valorant,2023,PA,Panama,28000,0.003180201696137632
Valorant,2023,PE,Peru,180000,0.020444153760884775
Valorant,2023,PH,Philippines,19358702,2.19873489055082
Valorant,2023,PK,Pakistan,229333,0.02604732841358327
Valorant,2023,PL,Poland,5142737,0.5841050332210628
Valorant,2023,PR,Puerto Rico,252500,0.028678604581241145
Valorant,2023,PS,"Palestine, State of",217400,0.024691994597868614
Valorant,2023,PT,Portugal,3393552,0.38543499379754476
Valorant,2023,QA,Qatar,1139853,0.12946294442669884
Valorant,2023,RO,Romania,251625,0.02857922327823684
Valorant,2023,RS,Serbia,677941,0.07699961136004436
Valorant,2023,RU,Russian Federation,44594925,5.065030575861803
Valorant,2023,SA,Saudi Arabia,13857347,1.5738985154774188
Valorant,2023,SE,Sweden,22706405,2.5789624176495716
Valorant,2023,SG,Singapore,20591630,2.3387691661513768
Valorant,2023,SI,Slovenia,324504,0.03685672040012307
Valorant,2023,SK,Slovakia,76291,0.008665027414287001
Valorant,2023,SY,Syrian Arab Republic,652259,0.07408268493289412
Valorant,2023,TH,Thailand,16873337,1.9164505338179236
Valorant,2023,TN,Tunisia,463794,0.05267708805208774
Valorant,2023,TR,Turkey,44156352,5.0152180544875105
Valorant,2023,TW,"Taiwan, Republic of China",12668727,1.438896681903736
Valorant,2023,UA,Ukraine,2454369,0.27876387345527226
Valorant,2023,US,United States,175375108,19.918864854354297
Valorant,2023,UY,Uruguay,148570,0.016874377356970286
Valorant,2023,UZ,Uzbekistan,764688,0.08685221695057475
Valorant,2023,VE,Venezuela,587600,0.0667388041660883
Valorant,2023,VN,Viet Nam,10227020,1.1615709410869102
Valorant,2023,ZA,South Africa,870741,0.09889757161059207
Valorant,2024,AE,United Arab Emirates,1305790,0.18489149778545141
Valorant,2024,AR,Argentina,5461621,0.7733305409188882
Valorant,2024,AT,Austria,293262,0.04152402026631928
Valorant,2024,AU,Australia,4070000,0.5762859234538381
Valorant,2024,BA,Bosnia and Herzegovina,82664,0.011704692770611322
Valorant,2024,BE,Belgium,379528,0.0537387331588669
Valorant,2024,BG,Bulgaria,174560,0.024716577591671247
Valorant,2024,BH,Bahrain,1046326,0.14815305777487975
Valorant,2024,BN,Brunei Darussalam,38133,0.005399388481342803
Valorant,2024,BR,Brazil,48575397,6.8779649919611305
Valorant,2024,BY,Belarus,1818313,0.2574614708435181
Valorant,2024,CA,Canada,28137904,3.984146926460798
Valorant,2024,CH,Switzerland,314859,0.04458201709404227
Valorant,2024,CL,Chile,26316009,3.726178267367203
Valorant,2024,CN,China,95732900,13.555165277988685
Valorant,2024,CO,Colombia,2124088,0.30075725173887374
Valorant,2024,CR,Costa Rica,817550,0.11575984194586865
Valorant,2024,CZ,Czech Republic,1899724,0.26898874684211777
Valorant,2024,DE,Germany,3114129,0.44094071413252517
Valorant,2024,DK,Denmark,7219212,1.0221941656090983
Valorant,2024,DO,Dominican Republic,600000,0.08495615579172061
Valorant,2024,DZ,Algeria,1190813,0.168611491244677
Valorant,2024,EC,Ecuador,125651,0.017791376552309144
Valorant,2024,EE,Estonia,2141689,0.30324944056902386
Valorant,2024,EG,Egypt,3489939,0.49415300231266934
Valorant,2024,ES,Spain,2891638,0.4094374140354323
Valorant,2024,FI,Finland,5259785,0.7447518564849254
Valorant,2024,FR,France,3590572,0.5084019903556497
Valorant,2024,GB,United Kingdom,20084532,2.84384104932633
Valorant,2024,GR,Greece,64690,0.009159689530277345
Valorant,2024,GT,Guatemala,262807,0.03721178739192453
Valorant,2024,HK,Hong Kong,2256555,0.31951373022097684
Valorant,2024,HR,Croatia,25000,0.0035398398246550256
Valorant,2024,HU,Hungary,99282,0.014057695098856009
Valorant,2024,ID,Indonesia,17874068,2.53085350939968
Valorant,2024,IE,Ireland,281678,0.039883800085167134
Valorant,2024,IL,Israel,252942,0.03581496659711566
Valorant,2024,IN,India,8700000,1.231864258979949
Valorant,2024,IS,Iceland,140000,0.019823103018068142
Valorant,2024,IT,Italy,1196233,0.1693789285186622
Valorant,2024,JO,Jordan,282000,0.039929393222108686
Valorant,2024,JP,Japan,7204410,1.0200982972457164
Valorant,2024,KH,Cambodia,235924,0.033405326831676484
Valorant,2024,KR,"Korea, Republic of",90961325,12.879540829535552
Valorant,2024,KW,Kuwait,642471,0.09096977727943756
Valorant,2024,KZ,Kazakhstan,960000,0.13592984926675297
Valorant,2024,LA,Lao People's Democratic Republic,5000,0.0007079679649310051
Valorant,2024,LB,Lebanon,2100633,0.2974361740153824
Valorant,2024,LT,Lithuania,24807523,3.51258631465782
Valorant,2024,LU,Luxembourg,5396,0.0007640390277535407
Valorant,2024,LV,Latvia,296049,0.04191864160997183
Valorant,2024,MA,Morocco,7900000,1.118589384590988
Valorant,2024,MD,"Moldova, Republic of",152313,0.021566544928507236
Valorant,2024,MK,North Macedonia,2102429,0.2976904761083856
Valorant,2024,MN,Mongolia,300000,0.042478077895860306
Valorant,2024,MX,Mexico,1331729,0.1885642939939205
Valorant,2024,MY,Malaysia,4662723,0.6602117026693981
Valorant,2024,NL,Netherlands,8988748,1.2727491257675285
Valorant,2024,NO,Norway,83490,0.011821649078417923
Valorant,2024,NZ,New Zealand,570000,0.08070834800213458
Valorant,2024,PA,Panama,16073,0.002275833820067209
Valorant,2024,PE,Peru,137450,0.01946203935595333
Valorant,2024,PH,Philippines,18706435,2.648711343612825
Valorant,2024,PK,Pakistan,652652,0.09241134164963007
Valorant,2024,PL,Poland,7788038,1.102736282733067
Valorant,2024,PR,Puerto Rico,117235,0.016599724873737277
Valorant,2024,PS,"Palestine, State of",210980,0.029873416248228687
Valorant,2024,PT,Portugal,2949435,0.4176210989292558
Valorant,2024,QA,Qatar,270985,0.03836973979536568
Valorant,2024,RO,Romania,103367,0.014636104926204641
Valorant,2024,RS,Serbia,434091,0.06146450437297298
Valorant,2024,RU,Russian Federation,14308743,2.026026332486153
Valorant,2024,SA,Saudi Arabia,18566345,2.6288754971713884
Valorant,2024,SE,Sweden,4626777,0.6551219793759162
Valorant,2024,SG,Singapore,5816319,0.8235535051639077
Valorant,2024,SI,Slovenia,317126,0.04490300976934198
Valorant,2024,SK,Slovakia,42985,0.006086400594511851
Valorant,2024,SY,Syrian Arab Republic,45000,0.006371711684379046
Valorant,2024,TH,Thailand,9545600,1.3515958012090803
Valorant,2024,TN,Tunisia,56476,0.007996639757488688
Valorant,2024,TR,Turkey,52169395,7.386852081966351
Valorant,2024,TW,"Taiwan, Republic of China",25150000,3.561078863602955
Valorant,2024,UA,Ukraine,384634,0.054461710044654436
Valorant,2024,US,United States,84292275,11.935246078230929
Valorant,2024,UY,Uruguay,121120,0.017149815982488666
Valorant,2024,VE,Venezuela,410603,0.058138754060913095
Valorant,2024,VN,Viet Nam,5944500,0.841703113506472
Valorant,2024,ZA,South Africa,20000,0.0028318718597240204
Valorant,2025,AE,United Arab Emirates,370000,0.2079328425024261
Valorant,2025,AR,Argentina,800000,0.44958452432956997
Valorant,2025,BR,Brazil,700000,0.3933864587883738
Valorant,2025,CA,Canada,3700000,2.0793284250242614
Valorant,2025,CN,China,12300000,6.912362061567139
Valorant,2025,CZ,Czech Republic,1600000,0.8991690486591399
Valorant,2025,EE,Estonia,700000,0.3933864587883738
Valorant,2025,EG,Egypt,840000,0.4720637505460485
Valorant,2025,ES,Spain,300000,0.16859419662358877
Valorant,2025,FI,Finland,1500000,0.8429709831179438
Valorant,2025,GB,United Kingdom,15328174,8.614137270788603
Valorant,2025,HK,Hong Kong,500000,0.28099032770598126
Valorant,2025,ID,Indonesia,2900000,1.6297439006946912
Valorant,2025,KH,Cambodia,2300000,1.2925555074475137
Valorant,2025,KR,"Korea, Republic of",42000000,23.603187527302424
Valorant,2025,KW,Kuwait,120000,0.06743767864943549
Valorant,2025,LT,Lithuania,20000000,11.23961310823925
Valorant,2025,MA,Morocco,1000000,0.5619806554119625
Valorant,2025,MY,Malaysia,1400000,0.7867729175767476
Valorant,2025,PH,Philippines,1413894,0.7945810768030412
Valorant,2025,PK,Pakistan,170000,0.09553671142003363
Valorant,2025,PL,Poland,6300000,3.540478129095364
Valorant,2025,QA,Qatar,360000,0.2023130359483065
Valorant,2025,RU,Russian Federation,8940000,5.024107059382945
Valorant,2025,SA,Saudi Arabia,1400000,0.7867729175767476
Valorant,2025,SE,Sweden,700000,0.3933864587883738
Valorant,2025,SG,Singapore,1900000,1.0677632452827288
Valorant,2025,TR,Turkey,27000000,15.173477696122989
Valorant,2025,TW,"Taiwan, Republic of China",1600000,0.8991690486591399
Valorant,2025,US,United States,19300000,10.846226649450877
Valorant,2025,VN,Viet Nam,500000,0.28099032770598126
