tournament_id,game_slug,reason,affected_table,crawler_status,source_url,html_file,crawler_error
52743,cs2,prize_allocation_pending_review,placements,needs_review,https://www.esportsearnings.com/tournaments/52743-aveiro-techdays-cup-2023,sqlite_pipeline/html/52743.html,
61905,cs2,placements_unavailable_or_unapproved,placements,tournament_only,https://www.esportsearnings.com/tournaments/61905-faceit-cs2-10mans-march-2023,sqlite_pipeline/html/61905.html,Không tìm thấy đội cho hạng 1st.
62316,cs2,placements_unavailable_or_unapproved,placements,tournament_only,https://www.esportsearnings.com/tournaments/62316-faceit-cs2-10mans-april-2023-week-1,sqlite_pipeline/html/62316.html,Không tìm thấy đội cho hạng 1st.
62317,cs2,placements_unavailable_or_unapproved,placements,tournament_only,https://www.esportsearnings.com/tournaments/62317-faceit-cs2-10mans-april-2023-week-2,sqlite_pipeline/html/62317.html,Không tìm thấy đội cho hạng 1st.
62318,cs2,placements_unavailable_or_unapproved,placements,tournament_only,https://www.esportsearnings.com/tournaments/62318-faceit-cs2-10mans-april-2023-week-3,sqlite_pipeline/html/62318.html,Không tìm thấy đội cho hạng 1st.
66425,cs2,placements_unavailable_or_unapproved,placements,tournament_only,https://www.esportsearnings.com/tournaments/66425-esc-corporate-cup-2024,sqlite_pipeline/html/66425.html,Không tìm thấy đội cho hạng 1st.
66729,cs2,placements_unavailable_or_unapproved,placements,tournament_only,https://www.esportsearnings.com/tournaments/66729-faceit-pro-league-eu-october-2023-cs2,sqlite_pipeline/html/66729.html,Không tìm thấy đội cho hạng 1st.
66733,cs2,placements_unavailable_or_unapproved,placements,tournament_only,https://www.esportsearnings.com/tournaments/66733-faceit-pro-league-eu-november-2023-cs2,sqlite_pipeline/html/66733.html,Không tìm thấy đội cho hạng 1st.
66752,cs2,placements_unavailable_or_unapproved,placements,tournament_only,https://www.esportsearnings.com/tournaments/66752-esportz-premier-series-2023-open-qualifier-2,sqlite_pipeline/html/66752.html,Không đọc được hạng: See Note
66820,cs2,placements_unavailable_or_unapproved,placements,tournament_only,https://www.esportsearnings.com/tournaments/66820-faceit-pro-league-eu-december-2023-cs2,sqlite_pipeline/html/66820.html,Không tìm thấy đội cho hạng 1st.
66840,cs2,placements_unavailable_or_unapproved,placements,tournament_only,https://www.esportsearnings.com/tournaments/66840-faceit-pro-league-eu-january-2024-cs2,sqlite_pipeline/html/66840.html,Không tìm thấy đội cho hạng 1st.
67334,cs2,placements_unavailable_or_unapproved,placements,tournament_only,https://www.esportsearnings.com/tournaments/67334-500-casino-league-january-2024,sqlite_pipeline/html/67334.html,Không tìm thấy đội cho hạng 1st.
67335,cs2,placements_unavailable_or_unapproved,placements,tournament_only,https://www.esportsearnings.com/tournaments/67335-500-casino-league-february-2024,sqlite_pipeline/html/67335.html,Không tìm thấy đội cho hạng 1st.
67402,cs2,placements_unavailable_or_unapproved,placements,tournament_only,https://www.esportsearnings.com/tournaments/67402-skyesports-grand-slam-2024,sqlite_pipeline/html/67402.html,Không đọc được hạng: See Note
67762,cs2,placements_unavailable_or_unapproved,placements,tournament_only,https://www.esportsearnings.com/tournaments/67762-skyesports-masters-2024,sqlite_pipeline/html/67762.html,Không đọc được hạng: See Note
68070,cs2,placements_unavailable_or_unapproved,placements,tournament_only,https://www.esportsearnings.com/tournaments/68070-500-casino-league-march-2024,sqlite_pipeline/html/68070.html,Không tìm thấy đội cho hạng 1st.
68207,cs2,game_version_date_needs_review,both,matched,https://www.esportsearnings.com/tournaments/68207-tipsport-grand-slam-season-1,sqlite_pipeline/html/68207.html,
69239,cs2,placements_unavailable_or_unapproved,placements,tournament_only,https://www.esportsearnings.com/tournaments/69239-esports-world-cup-2024-cs2,sqlite_pipeline/html/69239.html,Không đọc được hạng: See Note
69332,cs2,placements_unavailable_or_unapproved,placements,tournament_only,https://www.esportsearnings.com/tournaments/69332-skyesports-championship-2024,sqlite_pipeline/html/69332.html,Không đọc được hạng: See Note
69693,cs2,ambiguous_source_team_id,team_identity,matched,https://www.esportsearnings.com/tournaments/69693-tipsport-cup-summer-2024,sqlite_pipeline/html/69693.html,
69730,cs2,placements_unavailable_or_unapproved,placements,tournament_only,https://www.esportsearnings.com/tournaments/69730-betboom-dacha-belgrade-2024-2,sqlite_pipeline/html/69730.html,Không đọc được hạng: See Note
71204,cs2,placements_unavailable_or_unapproved,placements,tournament_only,https://www.esportsearnings.com/tournaments/71204-esc-corporate-cup-2024-ukraine,sqlite_pipeline/html/71204.html,Không tìm thấy đội cho hạng 1st.
71206,cs2,placements_unavailable_or_unapproved,placements,tournament_only,https://www.esportsearnings.com/tournaments/71206-esc-corporate-cup-2024-international,sqlite_pipeline/html/71206.html,Không tìm thấy đội cho hạng 1st.
71650,cs2,placements_unavailable_or_unapproved,placements,tournament_only,https://www.esportsearnings.com/tournaments/71650-esc-corporate-cup-2025-int-vs-ua,sqlite_pipeline/html/71650.html,Không tìm thấy đội cho hạng 1st.
71712,cs2,placements_unavailable_or_unapproved,placements,tournament_only,https://www.esportsearnings.com/tournaments/71712-evelone-duo-cup,sqlite_pipeline/html/71712.html,Không đọc được hạng: See Note
71999,cs2,ambiguous_source_team_id,team_identity,matched,https://www.esportsearnings.com/tournaments/71999-master-league-portugal-season-15,sqlite_pipeline/html/71999.html,
72311,cs2,placements_unavailable_or_unapproved,placements,tournament_only,https://www.esportsearnings.com/tournaments/72311-european-pro-league-season-22-cs2,sqlite_pipeline/html/72311.html,Đội bị trùng trong cùng giải.
72320,cs2,prize_allocation_pending_review,placements,needs_review,https://www.esportsearnings.com/tournaments/72320-asia-junior-league-season-1,sqlite_pipeline/html/72320.html,
72342,cs2,ambiguous_source_team_id,team_identity,matched,https://www.esportsearnings.com/tournaments/72342-esea-eu-cs2-open10-season-52,sqlite_pipeline/html/72342.html,
72362,cs2,ambiguous_source_team_id,team_identity,matched,https://www.esportsearnings.com/tournaments/72362-aztec-arena-2,sqlite_pipeline/html/72362.html,
72364,cs2,prize_allocation_pending_review,placements,needs_review,https://www.esportsearnings.com/tournaments/72364-blast-bounty-spring-2025,sqlite_pipeline/html/72364.html,
72456,cs2,prize_allocation_pending_review,placements,needs_review,https://www.esportsearnings.com/tournaments/72456-esl-challenger-league-season-49-europe,sqlite_pipeline/html/72456.html,
72689,cs2,placements_unavailable_or_unapproved,placements,tournament_only,https://www.esportsearnings.com/tournaments/72689-nsb-summer-cup-2025,sqlite_pipeline/html/72689.html,Không đọc được hạng: See Note
72692,cs2,placements_unavailable_or_unapproved,placements,tournament_only,https://www.esportsearnings.com/tournaments/72692-national-student-esports-league-2025,sqlite_pipeline/html/72692.html,Không đọc được hạng: See Note
72705,cs2,placements_unavailable_or_unapproved,placements,tournament_only,https://www.esportsearnings.com/tournaments/72705-gplay-premier-hanoi-final-2025,sqlite_pipeline/html/72705.html,Không đọc được hạng: See Note
72710,cs2,ambiguous_source_team_id,team_identity,matched,https://www.esportsearnings.com/tournaments/72710-european-pro-league-season-28-division-2-cs2,sqlite_pipeline/html/72710.html,
72805,cs2,prize_allocation_pending_review,placements,needs_review,https://www.esportsearnings.com/tournaments/72805-yalla-compass-qatar-2025-closed-qualifier,sqlite_pipeline/html/72805.html,
72821,cs2,ambiguous_source_team_id,team_identity,matched,https://www.esportsearnings.com/tournaments/72821-pgl-bucharest-2025,sqlite_pipeline/html/72821.html,
72838,cs2,placements_unavailable_or_unapproved,placements,tournament_only,https://www.esportsearnings.com/tournaments/72838-betboom-streamers-battle-2,sqlite_pipeline/html/72838.html,Không đọc được hạng: See Note
72853,cs2,prize_allocation_pending_review,placements,needs_review,https://www.esportsearnings.com/tournaments/72853-digital-warriors-spring-2025-online-stage,sqlite_pipeline/html/72853.html,
72956,cs2,placements_unavailable_or_unapproved,placements,tournament_only,https://www.esportsearnings.com/tournaments/72956-kiyarpeek-open-lan,sqlite_pipeline/html/72956.html,Không đọc được hạng: See Note
73486,cs2,invalid_date,both,matched,https://www.esportsearnings.com/tournaments/73486-epl-world-series-oceania-season-1,sqlite_pipeline/html/73486.html,
73531,cs2,prize_allocation_pending_review,placements,needs_review,https://www.esportsearnings.com/tournaments/73531-esl-pro-league-season-21,sqlite_pipeline/html/73531.html,
74008,cs2,prize_allocation_pending_review,placements,needs_review,https://www.esportsearnings.com/tournaments/74008-blast-bounty-fall-2025,sqlite_pipeline/html/74008.html,
10417,csgo,ambiguous_source_team_id,team_identity,matched,https://www.esportsearnings.com/tournaments/10417-evry-games-city-2015-csgo,sqlite_pipeline/html/10417.html,
10496,csgo,prize_allocation_pending_review,placements,needs_review,https://www.esportsearnings.com/tournaments/10496-esl-fruhlingsmeisterschaft-2015-csgo,sqlite_pipeline/html/10496.html,
10623,csgo,placements_unavailable_or_unapproved,placements,tournament_only,https://www.esportsearnings.com/tournaments/10623-press-start-lan-2015-csgo,sqlite_pipeline/html/10623.html,Không lấy được kết quả thi đấu nào.
10739,csgo,placements_unavailable_or_unapproved,placements,tournament_only,https://www.esportsearnings.com/tournaments/10739-gamers-for-giving-2015-csgo,sqlite_pipeline/html/10739.html,Đội bị trùng trong cùng giải.
10780,csgo,placements_unavailable_or_unapproved,placements,tournament_only,https://www.esportsearnings.com/tournaments/10780-showmatch-olofmeister-vs-pashabiceps,batch_runs/csgo_resumable/html/10780.html,Không tìm thấy đội cho hạng WIN.
11025,csgo,ambiguous_source_team_id,team_identity,matched,https://www.esportsearnings.com/tournaments/11025-ultimate-arena-4,batch_runs/csgo_resumable/html/11025.html,
11158,csgo,ambiguous_source_team_id,team_identity,rounding_difference,https://www.esportsearnings.com/tournaments/11158-fragbite-masters-season-4-csgo,sqlite_pipeline/html/11158.html,
12182,csgo,placements_unavailable_or_unapproved,placements,tournament_only,https://www.esportsearnings.com/tournaments/12182-showmatch-devilwalk-vs-moses,sqlite_pipeline/html/12182.html,Không tìm thấy đội cho hạng WIN.
14638,csgo,placements_unavailable_or_unapproved,placements,tournament_only,https://www.esportsearnings.com/tournaments/14638-tceg-con-2015-csgo,sqlite_pipeline/html/14638.html,Đội bị trùng trong cùng giải.
15162,csgo,ambiguous_source_team_id,team_identity,matched,https://www.esportsearnings.com/tournaments/15162-eswc-pgw-open-csgo,sqlite_pipeline/html/15162.html,
15275,csgo,ambiguous_source_team_id,team_identity,matched,https://www.esportsearnings.com/tournaments/15275-underdogs-1-csgo,sqlite_pipeline/html/15275.html,
15347,csgo,placements_unavailable_or_unapproved,placements,tournament_only,https://www.esportsearnings.com/tournaments/15347-faceit-pro-league-august-2015-csgo,sqlite_pipeline/html/15347.html,Không tìm thấy đội cho hạng 1st.
15348,csgo,placements_unavailable_or_unapproved,placements,tournament_only,https://www.esportsearnings.com/tournaments/15348-faceit-pro-league-september-2015-csgo,sqlite_pipeline/html/15348.html,Không tìm thấy đội cho hạng 1st.
15349,csgo,placements_unavailable_or_unapproved,placements,tournament_only,https://www.esportsearnings.com/tournaments/15349-faceit-pro-league-october-2015-csgo,sqlite_pipeline/html/15349.html,Không tìm thấy đội cho hạng 1st.
15439,csgo,ambiguous_source_team_id,team_identity,matched,https://www.esportsearnings.com/tournaments/15439-esl-esea-na-pro-league-s2,sqlite_pipeline/html/15439.html,
15678,csgo,placements_unavailable_or_unapproved,placements,tournament_only,https://www.esportsearnings.com/tournaments/15678-faceit-pro-league-november-2015-csgo,sqlite_pipeline/html/15678.html,Không tìm thấy đội cho hạng 1st.
15767,csgo,prize_allocation_pending_review,placements,needs_review,https://www.esportsearnings.com/tournaments/15767-esl-wintermeisterschaft-2015-csgo,sqlite_pipeline/html/15767.html,
16120,csgo,placements_unavailable_or_unapproved,placements,tournament_only,https://www.esportsearnings.com/tournaments/16120-faceit-pro-league-na-december-2015-csgo,sqlite_pipeline/html/16120.html,Không tìm thấy đội cho hạng 1st.
16121,csgo,placements_unavailable_or_unapproved,placements,tournament_only,https://www.esportsearnings.com/tournaments/16121-faceit-pro-league-eu-december-2015-csgo,sqlite_pipeline/html/16121.html,Không tìm thấy đội cho hạng 1st.
16274,csgo,placements_unavailable_or_unapproved,placements,tournament_only,https://www.esportsearnings.com/tournaments/16274-esl-premium-only-50eur-csgo-1on1-cup-1-germany,sqlite_pipeline/html/16274.html,Không tìm thấy đội cho hạng 1st.
16321,csgo,ambiguous_source_team_id,team_identity,matched,https://www.esportsearnings.com/tournaments/16321-spektrum-8-csgo,sqlite_pipeline/html/16321.html,
16437,csgo,placements_unavailable_or_unapproved,placements,tournament_only,https://www.esportsearnings.com/tournaments/16437-gigacon-prime-2015-csgo,sqlite_pipeline/html/16437.html,Không lấy được kết quả thi đấu nào.
16576,csgo,placements_unavailable_or_unapproved,placements,tournament_only,https://www.esportsearnings.com/tournaments/16576-faceit-pro-league-eu-january-2016-csgo,sqlite_pipeline/html/16576.html,Không tìm thấy đội cho hạng 1st.
16577,csgo,placements_unavailable_or_unapproved,placements,tournament_only,https://www.esportsearnings.com/tournaments/16577-faceit-pro-league-na-january-2016-csgo,sqlite_pipeline/html/16577.html,Không tìm thấy đội cho hạng 1st.
16644,csgo,ambiguous_source_team_id,team_identity,matched,https://www.esportsearnings.com/tournaments/16644-asus-rog-csgo-assembly-winter-2016,sqlite_pipeline/html/16644.html,
16659,csgo,placements_unavailable_or_unapproved,placements,tournament_only,https://www.esportsearnings.com/tournaments/16659-esl-premium-only-50eur-csgo-1on1-cup-2-germany,sqlite_pipeline/html/16659.html,Không tìm thấy đội cho hạng 1st.
16941,csgo,ambiguous_source_team_id,team_identity,matched,https://www.esportsearnings.com/tournaments/16941-epic-seventeen-csgo,sqlite_pipeline/html/16941.html,
17220,csgo,placements_unavailable_or_unapproved,placements,tournament_only,https://www.esportsearnings.com/tournaments/17220-faceit-pro-league-na-february-2016-csgo,sqlite_pipeline/html/17220.html,Không tìm thấy đội cho hạng 1st.
17221,csgo,placements_unavailable_or_unapproved,placements,tournament_only,https://www.esportsearnings.com/tournaments/17221-faceit-pro-league-eu-february-2016-csgo,sqlite_pipeline/html/17221.html,Không tìm thấy đội cho hạng 1st.
17482,csgo,placements_unavailable_or_unapproved,placements,tournament_only,https://www.esportsearnings.com/tournaments/17482-esl-premium-only-50eur-csgo-1on1-cup-3-germany,sqlite_pipeline/html/17482.html,Không tìm thấy đội cho hạng 1st.
17670,csgo,placements_unavailable_or_unapproved,placements,tournament_only,https://www.esportsearnings.com/tournaments/17670-faceit-pro-league-eu-march-2016-csgo,sqlite_pipeline/html/17670.html,Không tìm thấy đội cho hạng 1st.
17671,csgo,placements_unavailable_or_unapproved,placements,tournament_only,https://www.esportsearnings.com/tournaments/17671-faceit-pro-league-na-march-2016-csgo,sqlite_pipeline/html/17671.html,Không tìm thấy đội cho hạng 1st.
17672,csgo,placements_unavailable_or_unapproved,placements,tournament_only,https://www.esportsearnings.com/tournaments/17672-esea-rank-s-na-march-2016,sqlite_pipeline/html/17672.html,Không tìm thấy đội cho hạng 1st.
17809,csgo,invalid_date,both,rounding_difference,https://www.esportsearnings.com/tournaments/17809-yoggi-yalla-cup-qualifier-2,sqlite_pipeline/html/17809.html,
17810,csgo,ambiguous_source_team_id,team_identity,rounding_difference,https://www.esportsearnings.com/tournaments/17810-alientech-league-season-1-finals,sqlite_pipeline/html/17810.html,
18265,csgo,placements_unavailable_or_unapproved,placements,tournament_only,https://www.esportsearnings.com/tournaments/18265-htc-1vs1-invitational-by-pgl,sqlite_pipeline/html/18265.html,Không tìm thấy đội cho hạng 1st.
18368,csgo,placements_unavailable_or_unapproved,placements,tournament_only,https://www.esportsearnings.com/tournaments/18368-esea-rank-s-eu-april-2016,sqlite_pipeline/html/18368.html,Không tìm thấy đội cho hạng 1st.
18369,csgo,placements_unavailable_or_unapproved,placements,tournament_only,https://www.esportsearnings.com/tournaments/18369-faceit-pro-league-eu-april-2016-csgo,sqlite_pipeline/html/18369.html,Không tìm thấy đội cho hạng 1st.
18373,csgo,placements_unavailable_or_unapproved,placements,tournament_only,https://www.esportsearnings.com/tournaments/18373-esea-rank-s-na-april-2016,sqlite_pipeline/html/18373.html,Không tìm thấy đội cho hạng 1st.
18464,csgo,source_page_empty,both,failed,https://www.esportsearnings.com/tournaments/18464-ttu-spring-2016,batch_runs/csgo_resumable/html/18464.html,Không tìm thấy tên giải trong HTML.
18500,csgo,ambiguous_source_team_id,team_identity,matched,https://www.esportsearnings.com/tournaments/18500-esl-pro-league-s3-finals,batch_runs/csgo_resumable/html/18500.html,
18681,csgo,placements_unavailable_or_unapproved,placements,tournament_only,https://www.esportsearnings.com/tournaments/18681-faceit-pro-league-eu-may-2016-csgo,sqlite_pipeline/html/18681.html,Không tìm thấy đội cho hạng 1st.
18682,csgo,placements_unavailable_or_unapproved,placements,tournament_only,https://www.esportsearnings.com/tournaments/18682-esea-rank-s-na-may-2016,sqlite_pipeline/html/18682.html,Không tìm thấy đội cho hạng 1st.
18683,csgo,placements_unavailable_or_unapproved,placements,tournament_only,https://www.esportsearnings.com/tournaments/18683-esea-rank-s-eu-may-2016,sqlite_pipeline/html/18683.html,Không tìm thấy đội cho hạng 1st.
18776,csgo,placements_unavailable_or_unapproved,placements,tournament_only,https://www.esportsearnings.com/tournaments/18776-esl-premium-only-50eur-csgo-1on1-cup-4-germany,sqlite_pipeline/html/18776.html,Không tìm thấy đội cho hạng 1st.
18777,csgo,placements_unavailable_or_unapproved,placements,tournament_only,https://www.esportsearnings.com/tournaments/18777-esl-premium-only-50eur-csgo-1on1-cup-5-germany,sqlite_pipeline/html/18777.html,Không tìm thấy đội cho hạng 1st.
18793,csgo,placements_unavailable_or_unapproved,placements,tournament_only,https://www.esportsearnings.com/tournaments/18793-rumble-town-aim-night,batch_runs/csgo_resumable/html/18793.html,Không tìm thấy đội cho hạng 1st.
18902,csgo,placements_unavailable_or_unapproved,placements,tournament_only,https://www.esportsearnings.com/tournaments/18902-esea-rank-s-eu-june-2016,sqlite_pipeline/html/18902.html,Không tìm thấy đội cho hạng 1st.
18903,csgo,placements_unavailable_or_unapproved,placements,tournament_only,https://www.esportsearnings.com/tournaments/18903-faceit-pro-league-eu-june-2016-csgo,sqlite_pipeline/html/18903.html,Không tìm thấy đội cho hạng 1st.
18904,csgo,placements_unavailable_or_unapproved,placements,tournament_only,https://www.esportsearnings.com/tournaments/18904-esea-rank-s-na-june-2016,sqlite_pipeline/html/18904.html,Không tìm thấy đội cho hạng 1st.
19191,csgo,prize_allocation_pending_review,placements,needs_review,https://www.esportsearnings.com/tournaments/19191-eleague-season-1,batch_runs/20261004T170535427493Z/html/19191.html,
19200,csgo,placements_unavailable_or_unapproved,placements,tournament_only,https://www.esportsearnings.com/tournaments/19200-faceit-pro-league-eu-july-2016-csgo,sqlite_pipeline/html/19200.html,Không tìm thấy đội cho hạng 1st.
19201,csgo,placements_unavailable_or_unapproved,placements,tournament_only,https://www.esportsearnings.com/tournaments/19201-esea-rank-s-na-july-2016,sqlite_pipeline/html/19201.html,Không tìm thấy đội cho hạng 1st.
19202,csgo,placements_unavailable_or_unapproved,placements,tournament_only,https://www.esportsearnings.com/tournaments/19202-esea-rank-s-eu-july-2016,sqlite_pipeline/html/19202.html,Không tìm thấy đội cho hạng 1st.
19531,csgo,placements_unavailable_or_unapproved,placements,tournament_only,https://www.esportsearnings.com/tournaments/19531-esea-rank-s-eu-august-2016,sqlite_pipeline/html/19531.html,Không tìm thấy đội cho hạng 1st.
19532,csgo,placements_unavailable_or_unapproved,placements,tournament_only,https://www.esportsearnings.com/tournaments/19532-esea-rank-s-na-august-2016,sqlite_pipeline/html/19532.html,Không tìm thấy đội cho hạng 1st.
19533,csgo,placements_unavailable_or_unapproved,placements,tournament_only,https://www.esportsearnings.com/tournaments/19533-faceit-pro-league-eu-august-2016-csgo,sqlite_pipeline/html/19533.html,Không tìm thấy đội cho hạng 1st.
19838,csgo,placements_unavailable_or_unapproved,placements,tournament_only,https://www.esportsearnings.com/tournaments/19838-csgo-predator-mweb-gamezone-master-series-2016-finals,sqlite_pipeline/html/19838.html,Đội bị trùng trong cùng giải.
19867,csgo,placements_unavailable_or_unapproved,placements,tournament_only,https://www.esportsearnings.com/tournaments/19867-esea-rank-s-eu-september-2016,sqlite_pipeline/html/19867.html,Không tìm thấy đội cho hạng 1st.
19868,csgo,placements_unavailable_or_unapproved,placements,tournament_only,https://www.esportsearnings.com/tournaments/19868-esea-rank-s-na-september-2016,sqlite_pipeline/html/19868.html,Không tìm thấy đội cho hạng 1st.
19869,csgo,placements_unavailable_or_unapproved,placements,tournament_only,https://www.esportsearnings.com/tournaments/19869-faceit-pro-league-eu-september-2016-csgo,sqlite_pipeline/html/19869.html,Không tìm thấy đội cho hạng 1st.
19909,csgo,placements_unavailable_or_unapproved,placements,tournament_only,https://www.esportsearnings.com/tournaments/19909-capital-neo-gaming-tournament-2016,batch_runs/csgo_resumable/html/19909.html,Đội bị trùng trong cùng giải.
20026,csgo,placements_unavailable_or_unapproved,placements,tournament_only,https://www.esportsearnings.com/tournaments/20026-netparty-fyn-17-csgo,sqlite_pipeline/html/20026.html,Không lấy được kết quả thi đấu nào.
20410,csgo,placements_unavailable_or_unapproved,placements,tournament_only,https://www.esportsearnings.com/tournaments/20410-esea-rank-s-eu-october-2016,sqlite_pipeline/html/20410.html,Không tìm thấy đội cho hạng 1st.
20411,csgo,placements_unavailable_or_unapproved,placements,tournament_only,https://www.esportsearnings.com/tournaments/20411-faceit-pro-league-eu-october-2016-csgo,sqlite_pipeline/html/20411.html,Không tìm thấy đội cho hạng 1st.
20427,csgo,placements_unavailable_or_unapproved,placements,tournament_only,https://www.esportsearnings.com/tournaments/20427-esea-rank-s-na-october-2016,sqlite_pipeline/html/20427.html,Không tìm thấy đội cho hạng 1st.
20453,csgo,placements_unavailable_or_unapproved,placements,tournament_only,https://www.esportsearnings.com/tournaments/20453-tournoi-ovo-csgo-1v1,batch_runs/csgo_resumable/html/20453.html,Không tìm thấy đội cho hạng 1st.
20490,csgo,ambiguous_source_team_id,team_identity,matched,https://www.esportsearnings.com/tournaments/20490-tgx-power-cup-1,sqlite_pipeline/html/20490.html,
20613,csgo,prize_allocation_pending_review,placements,needs_review,https://www.esportsearnings.com/tournaments/20613-esl-india-premiership-2016-challenger-2-csgo,sqlite_pipeline/html/20613.html,
20640,csgo,prize_allocation_pending_review,placements,needs_review,https://www.esportsearnings.com/tournaments/20640-iem-xi-oakland-csgo,sqlite_pipeline/html/20640.html,
20792,csgo,placements_unavailable_or_unapproved,placements,tournament_only,https://www.esportsearnings.com/tournaments/20792-esea-rank-s-eu-november-2016,sqlite_pipeline/html/20792.html,Không tìm thấy đội cho hạng 1st.
20793,csgo,placements_unavailable_or_unapproved,placements,tournament_only,https://www.esportsearnings.com/tournaments/20793-esea-rank-s-na-november-2016,sqlite_pipeline/html/20793.html,Không tìm thấy đội cho hạng 1st.
20794,csgo,placements_unavailable_or_unapproved,placements,tournament_only,https://www.esportsearnings.com/tournaments/20794-faceit-pro-league-eu-november-2016-csgo,sqlite_pipeline/html/20794.html,Không tìm thấy đội cho hạng 1st.
20889,csgo,prize_allocation_pending_review,placements,needs_review,https://www.esportsearnings.com/tournaments/20889-esl-india-premiership-2016-finals-csgo,sqlite_pipeline/html/20889.html,
21340,csgo,placements_unavailable_or_unapproved,placements,tournament_only,https://www.esportsearnings.com/tournaments/21340-esea-rank-s-eu-december-2016,sqlite_pipeline/html/21340.html,Không tìm thấy đội cho hạng 1st.
21341,csgo,placements_unavailable_or_unapproved,placements,tournament_only,https://www.esportsearnings.com/tournaments/21341-esea-rank-s-na-december-2016,sqlite_pipeline/html/21341.html,Không tìm thấy đội cho hạng 1st.
21342,csgo,placements_unavailable_or_unapproved,placements,tournament_only,https://www.esportsearnings.com/tournaments/21342-faceit-pro-league-eu-december-2016-csgo,sqlite_pipeline/html/21342.html,Không tìm thấy đội cho hạng 1st.
21600,csgo,placements_unavailable_or_unapproved,placements,tournament_only,https://www.esportsearnings.com/tournaments/21600-imbatv-howl-cup-1vs1-championship-season-1-finals,batch_runs/csgo_resumable/html/21600.html,Không tìm thấy đội cho hạng 1st.
22001,csgo,placements_unavailable_or_unapproved,placements,tournament_only,https://www.esportsearnings.com/tournaments/22001-esea-rank-s-eu-january-2017,sqlite_pipeline/html/22001.html,Không tìm thấy đội cho hạng 1st.
22002,csgo,placements_unavailable_or_unapproved,placements,tournament_only,https://www.esportsearnings.com/tournaments/22002-esea-rank-s-na-january-2017,sqlite_pipeline/html/22002.html,Không tìm thấy đội cho hạng 1st.
22003,csgo,placements_unavailable_or_unapproved,placements,tournament_only,https://www.esportsearnings.com/tournaments/22003-faceit-pro-league-eu-january-2017-csgo,sqlite_pipeline/html/22003.html,Không tìm thấy đội cho hạng 1st.
22091,csgo,ambiguous_source_team_id,team_identity,matched,https://www.esportsearnings.com/tournaments/22091-1-torneio-2017,sqlite_pipeline/html/22091.html,
22222,csgo,placements_unavailable_or_unapproved,placements,tournament_only,https://www.esportsearnings.com/tournaments/22222-esea-rank-s-eu-february-2017,sqlite_pipeline/html/22222.html,Không tìm thấy đội cho hạng 1st.
22223,csgo,placements_unavailable_or_unapproved,placements,tournament_only,https://www.esportsearnings.com/tournaments/22223-esea-rank-s-na-february-2017,sqlite_pipeline/html/22223.html,Không tìm thấy đội cho hạng 1st.
22227,csgo,placements_unavailable_or_unapproved,placements,tournament_only,https://www.esportsearnings.com/tournaments/22227-faceit-pro-league-eu-february-2017-csgo,sqlite_pipeline/html/22227.html,Không tìm thấy đội cho hạng 1st.
22267,csgo,prize_allocation_pending_review,placements,needs_review,https://www.esportsearnings.com/tournaments/22267-iem-xi-world-championship-csgo,sqlite_pipeline/html/22267.html,
22518,csgo,ambiguous_source_team_id,team_identity,matched,https://www.esportsearnings.com/tournaments/22518-puchar-polski-cybersport-season-1-csgo,sqlite_pipeline/html/22518.html,
22672,csgo,placements_unavailable_or_unapproved,placements,tournament_only,https://www.esportsearnings.com/tournaments/22672-esea-rank-s-eu-march-2017,sqlite_pipeline/html/22672.html,Không tìm thấy đội cho hạng 1st.
22673,csgo,placements_unavailable_or_unapproved,placements,tournament_only,https://www.esportsearnings.com/tournaments/22673-faceit-pro-league-eu-march-2017-csgo,sqlite_pipeline/html/22673.html,Không tìm thấy đội cho hạng 1st.
22675,csgo,placements_unavailable_or_unapproved,placements,tournament_only,https://www.esportsearnings.com/tournaments/22675-esea-rank-s-na-march-2017,sqlite_pipeline/html/22675.html,Không tìm thấy đội cho hạng 1st.
22962,csgo,ambiguous_source_team_id,team_identity,matched,https://www.esportsearnings.com/tournaments/22962-esea-au-csgo-premier-season-24,sqlite_pipeline/html/22962.html,
23020,csgo,placements_unavailable_or_unapproved,placements,tournament_only,https://www.esportsearnings.com/tournaments/23020-esea-rank-s-au-march-2017,sqlite_pipeline/html/23020.html,Không tìm thấy đội cho hạng 1st.
23113,csgo,placements_unavailable_or_unapproved,placements,tournament_only,https://www.esportsearnings.com/tournaments/23113-esea-rank-s-eu-april-2017,sqlite_pipeline/html/23113.html,Không tìm thấy đội cho hạng 1st.
23114,csgo,placements_unavailable_or_unapproved,placements,tournament_only,https://www.esportsearnings.com/tournaments/23114-esea-rank-s-na-april-2017,sqlite_pipeline/html/23114.html,Không tìm thấy đội cho hạng 1st.
23115,csgo,placements_unavailable_or_unapproved,placements,tournament_only,https://www.esportsearnings.com/tournaments/23115-esea-rank-s-au-april-2017,sqlite_pipeline/html/23115.html,Không tìm thấy đội cho hạng 1st.
23116,csgo,placements_unavailable_or_unapproved,placements,tournament_only,https://www.esportsearnings.com/tournaments/23116-faceit-pro-league-eu-april-2017-csgo,sqlite_pipeline/html/23116.html,Không tìm thấy đội cho hạng 1st.
23432,csgo,placements_unavailable_or_unapproved,placements,tournament_only,https://www.esportsearnings.com/tournaments/23432-esea-rank-s-au-may-2017,sqlite_pipeline/html/23432.html,Không tìm thấy đội cho hạng 1st.
23433,csgo,placements_unavailable_or_unapproved,placements,tournament_only,https://www.esportsearnings.com/tournaments/23433-esea-rank-s-eu-may-2017,sqlite_pipeline/html/23433.html,Không tìm thấy đội cho hạng 1st.
23435,csgo,placements_unavailable_or_unapproved,placements,tournament_only,https://www.esportsearnings.com/tournaments/23435-esea-rank-s-na-may-2017,sqlite_pipeline/html/23435.html,Không tìm thấy đội cho hạng 1st.
23438,csgo,placements_unavailable_or_unapproved,placements,tournament_only,https://www.esportsearnings.com/tournaments/23438-faceit-pro-league-eu-may-2017-csgo,sqlite_pipeline/html/23438.html,Không tìm thấy đội cho hạng 1st.
23746,csgo,prize_allocation_pending_review,placements,needs_review,https://www.esportsearnings.com/tournaments/23746-bsl-nordeste,batch_runs/csgo_resumable/html/23746.html,
23773,csgo,placements_unavailable_or_unapproved,placements,tournament_only,https://www.esportsearnings.com/tournaments/23773-faceit-pro-league-eu-june-2017-csgo,sqlite_pipeline/html/23773.html,Không tìm thấy đội cho hạng 1st.
23785,csgo,placements_unavailable_or_unapproved,placements,tournament_only,https://www.esportsearnings.com/tournaments/23785-esea-rank-s-au-june-2017,sqlite_pipeline/html/23785.html,Không tìm thấy đội cho hạng 1st.
23786,csgo,placements_unavailable_or_unapproved,placements,tournament_only,https://www.esportsearnings.com/tournaments/23786-esea-rank-s-br-june-2017,sqlite_pipeline/html/23786.html,Không tìm thấy đội cho hạng 1st.
23787,csgo,placements_unavailable_or_unapproved,placements,tournament_only,https://www.esportsearnings.com/tournaments/23787-esea-rank-s-na-june-2017,sqlite_pipeline/html/23787.html,Không tìm thấy đội cho hạng 1st.
23788,csgo,placements_unavailable_or_unapproved,placements,tournament_only,https://www.esportsearnings.com/tournaments/23788-esea-rank-s-eu-june-2017,sqlite_pipeline/html/23788.html,Không tìm thấy đội cho hạng 1st.
23806,csgo,ambiguous_source_team_id,team_identity,matched,https://www.esportsearnings.com/tournaments/23806-polska-liga-esportowa-season-1-csgo,sqlite_pipeline/html/23806.html,
23922,csgo,placements_unavailable_or_unapproved,placements,tournament_only,https://www.esportsearnings.com/tournaments/23922-esea-rank-s-eu-7-27-8-2017,sqlite_pipeline/html/23922.html,Không tìm thấy đội cho hạng 1st.
23923,csgo,placements_unavailable_or_unapproved,placements,tournament_only,https://www.esportsearnings.com/tournaments/23923-esea-rank-s-na-7-27-8-2017,sqlite_pipeline/html/23923.html,Không tìm thấy đội cho hạng 1st.
23924,csgo,placements_unavailable_or_unapproved,placements,tournament_only,https://www.esportsearnings.com/tournaments/23924-esea-rank-s-au-7-27-8-2017,sqlite_pipeline/html/23924.html,Không tìm thấy đội cho hạng 1st.
23926,csgo,placements_unavailable_or_unapproved,placements,tournament_only,https://www.esportsearnings.com/tournaments/23926-esea-rank-s-br-7-27-8-2017,sqlite_pipeline/html/23926.html,Không tìm thấy đội cho hạng 1st.
23928,csgo,placements_unavailable_or_unapproved,placements,tournament_only,https://www.esportsearnings.com/tournaments/23928-esea-rank-s-br-7-97-15-2017,sqlite_pipeline/html/23928.html,Không tìm thấy đội cho hạng 1st.
23930,csgo,placements_unavailable_or_unapproved,placements,tournament_only,https://www.esportsearnings.com/tournaments/23930-esea-rank-s-eu-7-97-15-2017,sqlite_pipeline/html/23930.html,Không tìm thấy đội cho hạng 1st.
23931,csgo,placements_unavailable_or_unapproved,placements,tournament_only,https://www.esportsearnings.com/tournaments/23931-esea-rank-s-na-7-97-15-2017,sqlite_pipeline/html/23931.html,Không tìm thấy đội cho hạng 1st.
23932,csgo,placements_unavailable_or_unapproved,placements,tournament_only,https://www.esportsearnings.com/tournaments/23932-esea-rank-s-au-7-97-15-2017,sqlite_pipeline/html/23932.html,Không tìm thấy đội cho hạng 1st.
23989,csgo,ambiguous_source_team_id,team_identity,matched,https://www.esportsearnings.com/tournaments/23989-amd-red-league-latam-north,batch_runs/csgo_resumable/html/23989.html,
23997,csgo,placements_unavailable_or_unapproved,placements,tournament_only,https://www.esportsearnings.com/tournaments/23997-esea-rank-s-eu-7-167-22-2017,sqlite_pipeline/html/23997.html,Không tìm thấy đội cho hạng 1st.
23998,csgo,placements_unavailable_or_unapproved,placements,tournament_only,https://www.esportsearnings.com/tournaments/23998-esea-rank-s-na-7-167-22-2017,sqlite_pipeline/html/23998.html,Không tìm thấy đội cho hạng 1st.
23999,csgo,placements_unavailable_or_unapproved,placements,tournament_only,https://www.esportsearnings.com/tournaments/23999-esea-rank-s-br-7-167-22-2017,sqlite_pipeline/html/23999.html,Không tìm thấy đội cho hạng 1st.
24000,csgo,placements_unavailable_or_unapproved,placements,tournament_only,https://www.esportsearnings.com/tournaments/24000-esea-rank-s-au-7-167-22-2017,sqlite_pipeline/html/24000.html,Không tìm thấy đội cho hạng 1st.
24037,csgo,prize_allocation_pending_review,placements,needs_review,https://www.esportsearnings.com/tournaments/24037-gamers-club-masters-2017,sqlite_pipeline/html/24037.html,
24044,csgo,placements_unavailable_or_unapproved,placements,tournament_only,https://www.esportsearnings.com/tournaments/24044-esea-rank-s-eu-7-237-29-2017,sqlite_pipeline/html/24044.html,Không tìm thấy đội cho hạng 1st.
24045,csgo,placements_unavailable_or_unapproved,placements,tournament_only,https://www.esportsearnings.com/tournaments/24045-esea-rank-s-na-7-237-29-2017,sqlite_pipeline/html/24045.html,Không tìm thấy đội cho hạng 1st.
24046,csgo,placements_unavailable_or_unapproved,placements,tournament_only,https://www.esportsearnings.com/tournaments/24046-esea-rank-s-br-7-237-29-2017,sqlite_pipeline/html/24046.html,Không tìm thấy đội cho hạng 1st.
24047,csgo,placements_unavailable_or_unapproved,placements,tournament_only,https://www.esportsearnings.com/tournaments/24047-esea-rank-s-au-7-237-29-2017,sqlite_pipeline/html/24047.html,Không tìm thấy đội cho hạng 1st.
24060,csgo,placements_unavailable_or_unapproved,placements,tournament_only,https://www.esportsearnings.com/tournaments/24060-faceit-pro-league-eu-july-2017-csgo,sqlite_pipeline/html/24060.html,Không tìm thấy đội cho hạng 1st.
24111,csgo,placements_unavailable_or_unapproved,placements,tournament_only,https://www.esportsearnings.com/tournaments/24111-esea-rank-s-au-7-308-05-2017,sqlite_pipeline/html/24111.html,Không tìm thấy đội cho hạng 1st.
24112,csgo,placements_unavailable_or_unapproved,placements,tournament_only,https://www.esportsearnings.com/tournaments/24112-esea-rank-s-br-7-308-05-2017,sqlite_pipeline/html/24112.html,Không tìm thấy đội cho hạng 1st.
24113,csgo,placements_unavailable_or_unapproved,placements,tournament_only,https://www.esportsearnings.com/tournaments/24113-esea-rank-s-na-7-308-05-2017,sqlite_pipeline/html/24113.html,Không tìm thấy đội cho hạng 1st.
24114,csgo,placements_unavailable_or_unapproved,placements,tournament_only,https://www.esportsearnings.com/tournaments/24114-esea-rank-s-eu-7-308-05-2017,sqlite_pipeline/html/24114.html,Không tìm thấy đội cho hạng 1st.
24193,csgo,placements_unavailable_or_unapproved,placements,tournament_only,https://www.esportsearnings.com/tournaments/24193-esea-rank-s-eu-8-068-12-2017,sqlite_pipeline/html/24193.html,Không tìm thấy đội cho hạng 1st.
24194,csgo,placements_unavailable_or_unapproved,placements,tournament_only,https://www.esportsearnings.com/tournaments/24194-esea-rank-s-na-8-068-12-2017,sqlite_pipeline/html/24194.html,Không tìm thấy đội cho hạng 1st.
24195,csgo,placements_unavailable_or_unapproved,placements,tournament_only,https://www.esportsearnings.com/tournaments/24195-esea-rank-s-au-8-068-12-2017,sqlite_pipeline/html/24195.html,Không tìm thấy đội cho hạng 1st.
24219,csgo,placements_unavailable_or_unapproved,placements,tournament_only,https://www.esportsearnings.com/tournaments/24219-esea-rank-s-br-8-068-12-2017,sqlite_pipeline/html/24219.html,Không tìm thấy đội cho hạng 1st.
24309,csgo,placements_unavailable_or_unapproved,placements,tournament_only,https://www.esportsearnings.com/tournaments/24309-esea-rank-s-eu-8-138-19-2017,sqlite_pipeline/html/24309.html,Không tìm thấy đội cho hạng 1st.
24310,csgo,placements_unavailable_or_unapproved,placements,tournament_only,https://www.esportsearnings.com/tournaments/24310-esea-rank-s-na-8-138-19-2017,sqlite_pipeline/html/24310.html,Không tìm thấy đội cho hạng 1st.
24318,csgo,placements_unavailable_or_unapproved,placements,tournament_only,https://www.esportsearnings.com/tournaments/24318-esea-rank-s-au-8-138-19-2017,sqlite_pipeline/html/24318.html,Không tìm thấy đội cho hạng 1st.
24350,csgo,placements_unavailable_or_unapproved,placements,tournament_only,https://www.esportsearnings.com/tournaments/24350-esea-rank-s-br-8-138-19-2017,sqlite_pipeline/html/24350.html,Không tìm thấy đội cho hạng 1st.
24394,csgo,placements_unavailable_or_unapproved,placements,tournament_only,https://www.esportsearnings.com/tournaments/24394-esea-rank-s-eu-8-208-26-2017,sqlite_pipeline/html/24394.html,Không tìm thấy đội cho hạng 1st.
24395,csgo,placements_unavailable_or_unapproved,placements,tournament_only,https://www.esportsearnings.com/tournaments/24395-esea-rank-s-na-8-208-26-2017,sqlite_pipeline/html/24395.html,Không tìm thấy đội cho hạng 1st.
24396,csgo,placements_unavailable_or_unapproved,placements,tournament_only,https://www.esportsearnings.com/tournaments/24396-esea-rank-s-au-8-208-26-2017,sqlite_pipeline/html/24396.html,Không tìm thấy đội cho hạng 1st.
24397,csgo,placements_unavailable_or_unapproved,placements,tournament_only,https://www.esportsearnings.com/tournaments/24397-esea-rank-s-br-8-208-26-2017,sqlite_pipeline/html/24397.html,Không tìm thấy đội cho hạng 1st.
24456,csgo,placements_unavailable_or_unapproved,placements,tournament_only,https://www.esportsearnings.com/tournaments/24456-faceit-pro-league-eu-august-2017-csgo,sqlite_pipeline/html/24456.html,Không tìm thấy đội cho hạng 1st.
24458,csgo,placements_unavailable_or_unapproved,placements,tournament_only,https://www.esportsearnings.com/tournaments/24458-gfinity-elite-series-season-1-csgo,sqlite_pipeline/html/24458.html,Đội bị trùng trong cùng giải.
24465,csgo,placements_unavailable_or_unapproved,placements,tournament_only,https://www.esportsearnings.com/tournaments/24465-esea-rank-s-eu-8-279-02-2017,sqlite_pipeline/html/24465.html,Không tìm thấy đội cho hạng 1st.
24466,csgo,placements_unavailable_or_unapproved,placements,tournament_only,https://www.esportsearnings.com/tournaments/24466-esea-rank-s-na-8-279-02-2017,sqlite_pipeline/html/24466.html,Không tìm thấy đội cho hạng 1st.
24467,csgo,placements_unavailable_or_unapproved,placements,tournament_only,https://www.esportsearnings.com/tournaments/24467-esea-rank-s-au-8-279-02-2017,sqlite_pipeline/html/24467.html,Không tìm thấy đội cho hạng 1st.
24468,csgo,placements_unavailable_or_unapproved,placements,tournament_only,https://www.esportsearnings.com/tournaments/24468-esea-rank-s-br-8-279-02-2017,sqlite_pipeline/html/24468.html,Không tìm thấy đội cho hạng 1st.
24602,csgo,placements_unavailable_or_unapproved,placements,tournament_only,https://www.esportsearnings.com/tournaments/24602-esea-rank-s-eu-9-039-09-2017,sqlite_pipeline/html/24602.html,Không tìm thấy đội cho hạng 1st.
24603,csgo,placements_unavailable_or_unapproved,placements,tournament_only,https://www.esportsearnings.com/tournaments/24603-esea-rank-s-na-9-039-09-2017,sqlite_pipeline/html/24603.html,Không tìm thấy đội cho hạng 1st.
24604,csgo,placements_unavailable_or_unapproved,placements,tournament_only,https://www.esportsearnings.com/tournaments/24604-esea-rank-s-au-9-039-09-2017,sqlite_pipeline/html/24604.html,Không tìm thấy đội cho hạng 1st.
24605,csgo,placements_unavailable_or_unapproved,placements,tournament_only,https://www.esportsearnings.com/tournaments/24605-esea-rank-s-br-9-039-09-2017,sqlite_pipeline/html/24605.html,Không tìm thấy đội cho hạng 1st.
24700,csgo,placements_unavailable_or_unapproved,placements,tournament_only,https://www.esportsearnings.com/tournaments/24700-esea-rank-s-eu-9-109-16-2017,sqlite_pipeline/html/24700.html,Không tìm thấy đội cho hạng 1st.
24701,csgo,placements_unavailable_or_unapproved,placements,tournament_only,https://www.esportsearnings.com/tournaments/24701-esea-rank-s-na-9-109-16-2017,sqlite_pipeline/html/24701.html,Không tìm thấy đội cho hạng 1st.
24702,csgo,placements_unavailable_or_unapproved,placements,tournament_only,https://www.esportsearnings.com/tournaments/24702-esea-rank-s-br-9-109-16-2017,sqlite_pipeline/html/24702.html,Không tìm thấy đội cho hạng 1st.
24703,csgo,placements_unavailable_or_unapproved,placements,tournament_only,https://www.esportsearnings.com/tournaments/24703-esea-rank-s-au-9-109-16-2017,sqlite_pipeline/html/24703.html,Không tìm thấy đội cho hạng 1st.
24850,csgo,ambiguous_source_team_id,team_identity,rounding_difference,https://www.esportsearnings.com/tournaments/24850-worldgaming-canadian-championship-series,sqlite_pipeline/html/24850.html,
24858,csgo,placements_unavailable_or_unapproved,placements,tournament_only,https://www.esportsearnings.com/tournaments/24858-esea-rank-s-na-9-179-23-2017,sqlite_pipeline/html/24858.html,Không tìm thấy đội cho hạng 1st.
24859,csgo,placements_unavailable_or_unapproved,placements,tournament_only,https://www.esportsearnings.com/tournaments/24859-esea-rank-s-au-9-179-23-2017,sqlite_pipeline/html/24859.html,Không tìm thấy đội cho hạng 1st.
24860,csgo,placements_unavailable_or_unapproved,placements,tournament_only,https://www.esportsearnings.com/tournaments/24860-esea-rank-s-br-9-179-23-2017,sqlite_pipeline/html/24860.html,Không tìm thấy đội cho hạng 1st.
24861,csgo,placements_unavailable_or_unapproved,placements,tournament_only,https://www.esportsearnings.com/tournaments/24861-esea-rank-s-eu-9-179-23-2017,sqlite_pipeline/html/24861.html,Không tìm thấy đội cho hạng 1st.
25019,csgo,placements_unavailable_or_unapproved,placements,tournament_only,https://www.esportsearnings.com/tournaments/25019-esea-rank-s-eu-9-249-30-2017,sqlite_pipeline/html/25019.html,Không tìm thấy đội cho hạng 1st.
25020,csgo,placements_unavailable_or_unapproved,placements,tournament_only,https://www.esportsearnings.com/tournaments/25020-esea-rank-s-na-9-249-30-2017,sqlite_pipeline/html/25020.html,Không tìm thấy đội cho hạng 1st.
25021,csgo,placements_unavailable_or_unapproved,placements,tournament_only,https://www.esportsearnings.com/tournaments/25021-esea-rank-s-br-9-249-30-2017,sqlite_pipeline/html/25021.html,Không tìm thấy đội cho hạng 1st.
25022,csgo,placements_unavailable_or_unapproved,placements,tournament_only,https://www.esportsearnings.com/tournaments/25022-esea-rank-s-au-9-249-30-2017,sqlite_pipeline/html/25022.html,Không tìm thấy đội cho hạng 1st.
25059,csgo,placements_unavailable_or_unapproved,placements,tournament_only,https://www.esportsearnings.com/tournaments/25059-aim-king-19,sqlite_pipeline/html/25059.html,Không tìm thấy đội cho hạng 1st.
25060,csgo,placements_unavailable_or_unapproved,placements,tournament_only,https://www.esportsearnings.com/tournaments/25060-aim-king-17,sqlite_pipeline/html/25060.html,Không tìm thấy đội cho hạng 1st.
25064,csgo,placements_unavailable_or_unapproved,placements,tournament_only,https://www.esportsearnings.com/tournaments/25064-faceit-pro-league-eu-september-2017-csgo,sqlite_pipeline/html/25064.html,Không tìm thấy đội cho hạng 1st.
25106,csgo,placements_unavailable_or_unapproved,placements,tournament_only,https://www.esportsearnings.com/tournaments/25106-esea-rank-s-na-10-0110-07-2017,sqlite_pipeline/html/25106.html,Không tìm thấy đội cho hạng 1st.
25107,csgo,placements_unavailable_or_unapproved,placements,tournament_only,https://www.esportsearnings.com/tournaments/25107-esea-rank-s-eu-10-0110-07-2017,sqlite_pipeline/html/25107.html,Không tìm thấy đội cho hạng 1st.
25108,csgo,placements_unavailable_or_unapproved,placements,tournament_only,https://www.esportsearnings.com/tournaments/25108-esea-rank-s-br-10-0110-07-2017,sqlite_pipeline/html/25108.html,Không tìm thấy đội cho hạng 1st.
25109,csgo,placements_unavailable_or_unapproved,placements,tournament_only,https://www.esportsearnings.com/tournaments/25109-esea-rank-s-au-10-0110-07-2017,sqlite_pipeline/html/25109.html,Không tìm thấy đội cho hạng 1st.
25168,csgo,placements_unavailable_or_unapproved,placements,tournament_only,https://www.esportsearnings.com/tournaments/25168-esl-brasil-premier-league-season-4-csgo,sqlite_pipeline/html/25168.html,Không đọc được hạng: DISQUALIFIED
25175,csgo,placements_unavailable_or_unapproved,placements,tournament_only,https://www.esportsearnings.com/tournaments/25175-esea-rank-s-eu-10-0810-14-2017,sqlite_pipeline/html/25175.html,Không tìm thấy đội cho hạng 1st.
25176,csgo,placements_unavailable_or_unapproved,placements,tournament_only,https://www.esportsearnings.com/tournaments/25176-esea-rank-s-na-10-0810-14-2017,sqlite_pipeline/html/25176.html,Không tìm thấy đội cho hạng 1st.
25177,csgo,placements_unavailable_or_unapproved,placements,tournament_only,https://www.esportsearnings.com/tournaments/25177-esea-rank-s-au-10-0810-14-2017,sqlite_pipeline/html/25177.html,Không tìm thấy đội cho hạng 1st.
25178,csgo,placements_unavailable_or_unapproved,placements,tournament_only,https://www.esportsearnings.com/tournaments/25178-esea-rank-s-br-10-0810-14-2017,sqlite_pipeline/html/25178.html,Không tìm thấy đội cho hạng 1st.
25251,csgo,placements_unavailable_or_unapproved,placements,tournament_only,https://www.esportsearnings.com/tournaments/25251-esea-rank-s-eu-10-1510-21-2017,sqlite_pipeline/html/25251.html,Không tìm thấy đội cho hạng 1st.
25252,csgo,placements_unavailable_or_unapproved,placements,tournament_only,https://www.esportsearnings.com/tournaments/25252-esea-rank-s-na-10-1510-21-2017,sqlite_pipeline/html/25252.html,Không tìm thấy đội cho hạng 1st.
25253,csgo,placements_unavailable_or_unapproved,placements,tournament_only,https://www.esportsearnings.com/tournaments/25253-esea-rank-s-br-10-1510-21-2017,sqlite_pipeline/html/25253.html,Không tìm thấy đội cho hạng 1st.
25254,csgo,placements_unavailable_or_unapproved,placements,tournament_only,https://www.esportsearnings.com/tournaments/25254-esea-rank-s-au-10-1510-21-2017,sqlite_pipeline/html/25254.html,Không tìm thấy đội cho hạng 1st.
25325,csgo,placements_unavailable_or_unapproved,placements,tournament_only,https://www.esportsearnings.com/tournaments/25325-esea-rank-s-eu-10-2210-28-2017,sqlite_pipeline/html/25325.html,Không tìm thấy đội cho hạng 1st.
25326,csgo,placements_unavailable_or_unapproved,placements,tournament_only,https://www.esportsearnings.com/tournaments/25326-esea-rank-s-au-10-2210-28-2017,sqlite_pipeline/html/25326.html,Không tìm thấy đội cho hạng 1st.
25327,csgo,placements_unavailable_or_unapproved,placements,tournament_only,https://www.esportsearnings.com/tournaments/25327-esea-rank-s-br-10-2210-28-2017,sqlite_pipeline/html/25327.html,Không tìm thấy đội cho hạng 1st.
25328,csgo,placements_unavailable_or_unapproved,placements,tournament_only,https://www.esportsearnings.com/tournaments/25328-esea-rank-s-na-10-2210-28-2017,sqlite_pipeline/html/25328.html,Không tìm thấy đội cho hạng 1st.
25391,csgo,invalid_date,both,rounding_difference,https://www.esportsearnings.com/tournaments/25391-mga-thailand-csgo-season-4,sqlite_pipeline/html/25391.html,
25413,csgo,placements_unavailable_or_unapproved,placements,tournament_only,https://www.esportsearnings.com/tournaments/25413-esea-rank-s-eu-10-2911-04-2017,sqlite_pipeline/html/25413.html,Không tìm thấy đội cho hạng 1st.
25414,csgo,placements_unavailable_or_unapproved,placements,tournament_only,https://www.esportsearnings.com/tournaments/25414-esea-rank-s-na-10-2911-04-2017,sqlite_pipeline/html/25414.html,Không tìm thấy đội cho hạng 1st.
25415,csgo,placements_unavailable_or_unapproved,placements,tournament_only,https://www.esportsearnings.com/tournaments/25415-esea-rank-s-br-10-2911-04-2017,sqlite_pipeline/html/25415.html,Không tìm thấy đội cho hạng 1st.
25416,csgo,placements_unavailable_or_unapproved,placements,tournament_only,https://www.esportsearnings.com/tournaments/25416-esea-rank-s-au-10-2911-04-2017,sqlite_pipeline/html/25416.html,Không tìm thấy đội cho hạng 1st.
25434,csgo,placements_unavailable_or_unapproved,placements,tournament_only,https://www.esportsearnings.com/tournaments/25434-falkon-2017-csgo-1v1,sqlite_pipeline/html/25434.html,Không tìm thấy đội cho hạng 1st.
25505,csgo,placements_unavailable_or_unapproved,placements,tournament_only,https://www.esportsearnings.com/tournaments/25505-esea-rank-s-na-11-0511-11-2017,sqlite_pipeline/html/25505.html,Không tìm thấy đội cho hạng 1st.
25506,csgo,placements_unavailable_or_unapproved,placements,tournament_only,https://www.esportsearnings.com/tournaments/25506-esea-rank-s-eu-11-0511-11-2017,sqlite_pipeline/html/25506.html,Không tìm thấy đội cho hạng 1st.
25507,csgo,placements_unavailable_or_unapproved,placements,tournament_only,https://www.esportsearnings.com/tournaments/25507-esea-rank-s-br-11-0511-11-2017,sqlite_pipeline/html/25507.html,Không tìm thấy đội cho hạng 1st.
25527,csgo,placements_unavailable_or_unapproved,placements,tournament_only,https://www.esportsearnings.com/tournaments/25527-esea-rank-s-au-11-0511-11-2017,sqlite_pipeline/html/25527.html,Không tìm thấy đội cho hạng 1st.
25557,csgo,placements_unavailable_or_unapproved,placements,tournament_only,https://www.esportsearnings.com/tournaments/25557-faceit-pro-league-eu-october-2017-csgo,sqlite_pipeline/html/25557.html,Không tìm thấy đội cho hạng 1st.
25704,csgo,placements_unavailable_or_unapproved,placements,tournament_only,https://www.esportsearnings.com/tournaments/25704-esea-rank-s-na-11-1211-18-2017,sqlite_pipeline/html/25704.html,Không tìm thấy đội cho hạng 1st.
25705,csgo,placements_unavailable_or_unapproved,placements,tournament_only,https://www.esportsearnings.com/tournaments/25705-esea-rank-s-eu-11-1211-18-2017,sqlite_pipeline/html/25705.html,Không tìm thấy đội cho hạng 1st.
25706,csgo,placements_unavailable_or_unapproved,placements,tournament_only,https://www.esportsearnings.com/tournaments/25706-esea-rank-s-au-11-1211-18-2017,sqlite_pipeline/html/25706.html,Không tìm thấy đội cho hạng 1st.
25707,csgo,placements_unavailable_or_unapproved,placements,tournament_only,https://www.esportsearnings.com/tournaments/25707-esea-rank-s-br-11-1211-18-2017,sqlite_pipeline/html/25707.html,Không tìm thấy đội cho hạng 1st.
25828,csgo,placements_unavailable_or_unapproved,placements,tournament_only,https://www.esportsearnings.com/tournaments/25828-esea-rank-s-eu-11-1911-25-2017,sqlite_pipeline/html/25828.html,Không tìm thấy đội cho hạng 1st.
25829,csgo,placements_unavailable_or_unapproved,placements,tournament_only,https://www.esportsearnings.com/tournaments/25829-esea-rank-s-na-11-1911-25-2017,sqlite_pipeline/html/25829.html,Không tìm thấy đội cho hạng 1st.
25830,csgo,placements_unavailable_or_unapproved,placements,tournament_only,https://www.esportsearnings.com/tournaments/25830-esea-rank-s-au-11-1911-25-2017,sqlite_pipeline/html/25830.html,Không tìm thấy đội cho hạng 1st.
25832,csgo,placements_unavailable_or_unapproved,placements,tournament_only,https://www.esportsearnings.com/tournaments/25832-esea-rank-s-br-11-1911-25-2017,sqlite_pipeline/html/25832.html,Không tìm thấy đội cho hạng 1st.
25912,csgo,placements_unavailable_or_unapproved,placements,tournament_only,https://www.esportsearnings.com/tournaments/25912-esea-rank-s-eu-11-2612-02-2017,sqlite_pipeline/html/25912.html,Không tìm thấy đội cho hạng 1st.
25913,csgo,placements_unavailable_or_unapproved,placements,tournament_only,https://www.esportsearnings.com/tournaments/25913-esea-rank-s-na-11-2612-02-2017,sqlite_pipeline/html/25913.html,Không tìm thấy đội cho hạng 1st.
25914,csgo,placements_unavailable_or_unapproved,placements,tournament_only,https://www.esportsearnings.com/tournaments/25914-esea-rank-s-au-11-2612-02-2017,sqlite_pipeline/html/25914.html,Không tìm thấy đội cho hạng 1st.
25915,csgo,placements_unavailable_or_unapproved,placements,tournament_only,https://www.esportsearnings.com/tournaments/25915-esea-rank-s-br-11-2612-02-2017,sqlite_pipeline/html/25915.html,Không tìm thấy đội cho hạng 1st.
26012,csgo,invalid_date,both,matched,https://www.esportsearnings.com/tournaments/26012-stream-me-gauntlet-cis-vs-eu-16,sqlite_pipeline/html/26012.html,
26061,csgo,placements_unavailable_or_unapproved,placements,tournament_only,https://www.esportsearnings.com/tournaments/26061-faceit-pro-league-eu-november-2017-csgo,sqlite_pipeline/html/26061.html,Không tìm thấy đội cho hạng 1st.
26064,csgo,placements_unavailable_or_unapproved,placements,tournament_only,https://www.esportsearnings.com/tournaments/26064-esea-rank-s-eu-12-0312-09-2017,sqlite_pipeline/html/26064.html,Không tìm thấy đội cho hạng 1st.
26065,csgo,placements_unavailable_or_unapproved,placements,tournament_only,https://www.esportsearnings.com/tournaments/26065-esea-rank-s-na-12-0312-09-2017,sqlite_pipeline/html/26065.html,Không tìm thấy đội cho hạng 1st.
26066,csgo,placements_unavailable_or_unapproved,placements,tournament_only,https://www.esportsearnings.com/tournaments/26066-esea-rank-s-au-12-0312-09-2017,sqlite_pipeline/html/26066.html,Không tìm thấy đội cho hạng 1st.
26067,csgo,placements_unavailable_or_unapproved,placements,tournament_only,https://www.esportsearnings.com/tournaments/26067-esea-rank-s-br-12-0312-09-2017,sqlite_pipeline/html/26067.html,Không tìm thấy đội cho hạng 1st.
26200,csgo,placements_unavailable_or_unapproved,placements,tournament_only,https://www.esportsearnings.com/tournaments/26200-esea-rank-s-eu-12-1012-16-2017,sqlite_pipeline/html/26200.html,Không tìm thấy đội cho hạng 1st.
26201,csgo,placements_unavailable_or_unapproved,placements,tournament_only,https://www.esportsearnings.com/tournaments/26201-esea-rank-s-na-12-1012-16-2017,sqlite_pipeline/html/26201.html,Không tìm thấy đội cho hạng 1st.
26202,csgo,placements_unavailable_or_unapproved,placements,tournament_only,https://www.esportsearnings.com/tournaments/26202-esea-rank-s-au-12-1012-16-2017,sqlite_pipeline/html/26202.html,Không tìm thấy đội cho hạng 1st.
26203,csgo,placements_unavailable_or_unapproved,placements,tournament_only,https://www.esportsearnings.com/tournaments/26203-esea-rank-s-br-12-1012-16-2017,sqlite_pipeline/html/26203.html,Không tìm thấy đội cho hạng 1st.
26208,csgo,ambiguous_source_team_id,team_identity,matched,https://www.esportsearnings.com/tournaments/26208-hitpoint-masters-finals-13,sqlite_pipeline/html/26208.html,
26236,csgo,placements_unavailable_or_unapproved,placements,tournament_only,https://www.esportsearnings.com/tournaments/26236-esea-rank-s-br-12-1712-23-2017,sqlite_pipeline/html/26236.html,Không tìm thấy đội cho hạng 1st.
26237,csgo,placements_unavailable_or_unapproved,placements,tournament_only,https://www.esportsearnings.com/tournaments/26237-esea-rank-s-au-12-1712-23-2017,sqlite_pipeline/html/26237.html,Không tìm thấy đội cho hạng 1st.
26238,csgo,placements_unavailable_or_unapproved,placements,tournament_only,https://www.esportsearnings.com/tournaments/26238-esea-rank-s-na-12-1712-23-2017,sqlite_pipeline/html/26238.html,Không tìm thấy đội cho hạng 1st.
26239,csgo,placements_unavailable_or_unapproved,placements,tournament_only,https://www.esportsearnings.com/tournaments/26239-esea-rank-s-eu-12-1712-23-2017,sqlite_pipeline/html/26239.html,Không tìm thấy đội cho hạng 1st.
26428,csgo,placements_unavailable_or_unapproved,placements,tournament_only,https://www.esportsearnings.com/tournaments/26428-esea-rank-s-eu-12-2412-30-2017,sqlite_pipeline/html/26428.html,Không tìm thấy đội cho hạng 1st.
26429,csgo,placements_unavailable_or_unapproved,placements,tournament_only,https://www.esportsearnings.com/tournaments/26429-esea-rank-s-na-12-2412-30-2017,sqlite_pipeline/html/26429.html,Không tìm thấy đội cho hạng 1st.
26430,csgo,placements_unavailable_or_unapproved,placements,tournament_only,https://www.esportsearnings.com/tournaments/26430-esea-rank-s-au-12-2412-30-2017,sqlite_pipeline/html/26430.html,Không tìm thấy đội cho hạng 1st.
26431,csgo,placements_unavailable_or_unapproved,placements,tournament_only,https://www.esportsearnings.com/tournaments/26431-esea-rank-s-br-12-2412-30-2017,sqlite_pipeline/html/26431.html,Không tìm thấy đội cho hạng 1st.
26609,csgo,placements_unavailable_or_unapproved,placements,tournament_only,https://www.esportsearnings.com/tournaments/26609-esea-rank-s-eu-12-3101-06-2018,sqlite_pipeline/html/26609.html,Không tìm thấy đội cho hạng 1st.
26610,csgo,placements_unavailable_or_unapproved,placements,tournament_only,https://www.esportsearnings.com/tournaments/26610-esea-rank-s-na-12-3101-06-2018,sqlite_pipeline/html/26610.html,Không tìm thấy đội cho hạng 1st.
26611,csgo,placements_unavailable_or_unapproved,placements,tournament_only,https://www.esportsearnings.com/tournaments/26611-esea-rank-s-au-12-3101-06-2018,sqlite_pipeline/html/26611.html,Không tìm thấy đội cho hạng 1st.
26612,csgo,placements_unavailable_or_unapproved,placements,tournament_only,https://www.esportsearnings.com/tournaments/26612-esea-rank-s-br-12-3101-06-2018,sqlite_pipeline/html/26612.html,Không tìm thấy đội cho hạng 1st.
26618,csgo,placements_unavailable_or_unapproved,placements,tournament_only,https://www.esportsearnings.com/tournaments/26618-faceit-pro-league-eu-december-2017-csgo,sqlite_pipeline/html/26618.html,Không tìm thấy đội cho hạng 1st.
26655,csgo,placements_unavailable_or_unapproved,placements,tournament_only,https://www.esportsearnings.com/tournaments/26655-esea-rank-s-eu-01-0701-13-2018,sqlite_pipeline/html/26655.html,Không tìm thấy đội cho hạng 1st.
26656,csgo,placements_unavailable_or_unapproved,placements,tournament_only,https://www.esportsearnings.com/tournaments/26656-esea-rank-s-na-01-0701-13-2018,sqlite_pipeline/html/26656.html,Không tìm thấy đội cho hạng 1st.
26657,csgo,placements_unavailable_or_unapproved,placements,tournament_only,https://www.esportsearnings.com/tournaments/26657-esea-rank-s-au-01-0701-13-2018,sqlite_pipeline/html/26657.html,Không tìm thấy đội cho hạng 1st.
26658,csgo,placements_unavailable_or_unapproved,placements,tournament_only,https://www.esportsearnings.com/tournaments/26658-esea-rank-s-br-01-0701-13-2018,sqlite_pipeline/html/26658.html,Không tìm thấy đội cho hạng 1st.
26701,csgo,placements_unavailable_or_unapproved,placements,tournament_only,https://www.esportsearnings.com/tournaments/26701-esea-rank-s-au-01-1401-20-2018,sqlite_pipeline/html/26701.html,Không tìm thấy đội cho hạng 1st.
26702,csgo,placements_unavailable_or_unapproved,placements,tournament_only,https://www.esportsearnings.com/tournaments/26702-esea-rank-s-br-01-1401-20-2018,sqlite_pipeline/html/26702.html,Không tìm thấy đội cho hạng 1st.
26703,csgo,placements_unavailable_or_unapproved,placements,tournament_only,https://www.esportsearnings.com/tournaments/26703-esea-rank-s-na-01-1401-20-2018,sqlite_pipeline/html/26703.html,Không tìm thấy đội cho hạng 1st.
26704,csgo,placements_unavailable_or_unapproved,placements,tournament_only,https://www.esportsearnings.com/tournaments/26704-esea-rank-s-eu-01-1401-20-2018,sqlite_pipeline/html/26704.html,Không tìm thấy đội cho hạng 1st.
26773,csgo,placements_unavailable_or_unapproved,placements,tournament_only,https://www.esportsearnings.com/tournaments/26773-esea-rank-s-eu-01-2101-27-2018,sqlite_pipeline/html/26773.html,Không tìm thấy đội cho hạng 1st.
26774,csgo,placements_unavailable_or_unapproved,placements,tournament_only,https://www.esportsearnings.com/tournaments/26774-esea-rank-s-na-01-2101-27-2018,sqlite_pipeline/html/26774.html,Không tìm thấy đội cho hạng 1st.
26775,csgo,placements_unavailable_or_unapproved,placements,tournament_only,https://www.esportsearnings.com/tournaments/26775-esea-rank-s-au-01-2101-27-2018,sqlite_pipeline/html/26775.html,Không tìm thấy đội cho hạng 1st.
26776,csgo,placements_unavailable_or_unapproved,placements,tournament_only,https://www.esportsearnings.com/tournaments/26776-esea-rank-s-br-01-2101-27-2018,sqlite_pipeline/html/26776.html,Không tìm thấy đội cho hạng 1st.
26810,csgo,placements_unavailable_or_unapproved,placements,tournament_only,https://www.esportsearnings.com/tournaments/26810-faceit-pro-league-eu-january-2018-csgo,sqlite_pipeline/html/26810.html,Không tìm thấy đội cho hạng 1st.
26856,csgo,ambiguous_source_team_id,team_identity,matched,https://www.esportsearnings.com/tournaments/26856-wesg-2017-north-american-finals-csgo-female,sqlite_pipeline/html/26856.html,
26901,csgo,placements_unavailable_or_unapproved,placements,tournament_only,https://www.esportsearnings.com/tournaments/26901-esea-rank-s-eu-01-2802-03-2018,sqlite_pipeline/html/26901.html,Không tìm thấy đội cho hạng 1st.
26902,csgo,placements_unavailable_or_unapproved,placements,tournament_only,https://www.esportsearnings.com/tournaments/26902-esea-rank-s-na-01-2802-03-2018,sqlite_pipeline/html/26902.html,Không tìm thấy đội cho hạng 1st.
26918,csgo,ambiguous_source_team_id,team_identity,matched,https://www.esportsearnings.com/tournaments/26918-malta-esport-masters-2018,batch_runs/csgo_resumable/html/26918.html,
27025,csgo,placements_unavailable_or_unapproved,placements,tournament_only,https://www.esportsearnings.com/tournaments/27025-faceit-pro-league-eu-february-2018-csgo,sqlite_pipeline/html/27025.html,Không tìm thấy đội cho hạng 1st.
27097,csgo,ambiguous_source_team_id,team_identity,matched,https://www.esportsearnings.com/tournaments/27097-mad-city-chicago-csgo-open-2018,batch_runs/csgo_resumable/html/27097.html,
27251,csgo,placements_unavailable_or_unapproved,placements,tournament_only,https://www.esportsearnings.com/tournaments/27251-faceit-pro-league-eu-march-2018-csgo,sqlite_pipeline/html/27251.html,Không tìm thấy đội cho hạng 1st.
27252,csgo,placements_unavailable_or_unapproved,placements,tournament_only,https://www.esportsearnings.com/tournaments/27252-faceit-pro-league-na-march-week-1-2018-csgo,sqlite_pipeline/html/27252.html,Không tìm thấy đội cho hạng 1st.
27253,csgo,placements_unavailable_or_unapproved,placements,tournament_only,https://www.esportsearnings.com/tournaments/27253-faceit-pro-league-na-march-week-2-2018-csgo,sqlite_pipeline/html/27253.html,Không tìm thấy đội cho hạng 1st.
27254,csgo,placements_unavailable_or_unapproved,placements,tournament_only,https://www.esportsearnings.com/tournaments/27254-faceit-pro-league-na-march-week-3-2018-csgo,sqlite_pipeline/html/27254.html,Không tìm thấy đội cho hạng 1st.
27362,csgo,placements_unavailable_or_unapproved,placements,tournament_only,https://www.esportsearnings.com/tournaments/27362-faceit-pro-league-na-april-week-1-2018-csgo,sqlite_pipeline/html/27362.html,Không tìm thấy đội cho hạng 1st.
27405,csgo,prize_allocation_pending_review,placements,needs_review,https://www.esportsearnings.com/tournaments/27405-esl-fruhlingsmeisterschaft-2018-csgo,sqlite_pipeline/html/27405.html,
27493,csgo,ambiguous_source_team_id,team_identity,matched,https://www.esportsearnings.com/tournaments/27493-ucc-ggorigin-iem-season-xiii-sydney-qualifier,batch_runs/csgo_resumable/html/27493.html,
27562,csgo,placements_unavailable_or_unapproved,placements,tournament_only,https://www.esportsearnings.com/tournaments/27562-faceit-pro-league-na-april-week-2-2018-csgo,sqlite_pipeline/html/27562.html,Không tìm thấy đội cho hạng 1st.
27563,csgo,placements_unavailable_or_unapproved,placements,tournament_only,https://www.esportsearnings.com/tournaments/27563-faceit-pro-league-na-april-week-3-2018-csgo,sqlite_pipeline/html/27563.html,Không tìm thấy đội cho hạng 1st.
27636,csgo,placements_unavailable_or_unapproved,placements,tournament_only,https://www.esportsearnings.com/tournaments/27636-faceit-pro-league-eu-april-2018-csgo,sqlite_pipeline/html/27636.html,Không tìm thấy đội cho hạng 1st.
27637,csgo,placements_unavailable_or_unapproved,placements,tournament_only,https://www.esportsearnings.com/tournaments/27637-faceit-pro-league-na-april-week-4-2018-csgo,sqlite_pipeline/html/27637.html,Không tìm thấy đội cho hạng 1st.
27685,csgo,placements_unavailable_or_unapproved,placements,tournament_only,https://www.esportsearnings.com/tournaments/27685-faceit-pro-league-na-may-week-1-2018-csgo,sqlite_pipeline/html/27685.html,Không tìm thấy đội cho hạng 1st.
27998,csgo,placements_unavailable_or_unapproved,placements,tournament_only,https://www.esportsearnings.com/tournaments/27998-faceit-pro-league-eu-may-2018-csgo,sqlite_pipeline/html/27998.html,Không tìm thấy đội cho hạng 1st.
27999,csgo,placements_unavailable_or_unapproved,placements,tournament_only,https://www.esportsearnings.com/tournaments/27999-faceit-pro-league-na-may-week-2-2018-csgo,sqlite_pipeline/html/27999.html,Không tìm thấy đội cho hạng 1st.
28000,csgo,placements_unavailable_or_unapproved,placements,tournament_only,https://www.esportsearnings.com/tournaments/28000-faceit-pro-league-na-may-week-3-2018-csgo,sqlite_pipeline/html/28000.html,Không tìm thấy đội cho hạng 1st.
28001,csgo,placements_unavailable_or_unapproved,placements,tournament_only,https://www.esportsearnings.com/tournaments/28001-faceit-pro-league-na-may-week-4-2018-csgo,sqlite_pipeline/html/28001.html,Không tìm thấy đội cho hạng 1st.
28002,csgo,placements_unavailable_or_unapproved,placements,tournament_only,https://www.esportsearnings.com/tournaments/28002-faceit-pro-league-na-may-week-5-2018-csgo,sqlite_pipeline/html/28002.html,Không tìm thấy đội cho hạng 1st.
28332,csgo,placements_unavailable_or_unapproved,placements,tournament_only,https://www.esportsearnings.com/tournaments/28332-polska-liga-esportowa-season-3-group-stage-csgo,sqlite_pipeline/html/28332.html,Không đọc được hạng: DISQUALIFIED
28369,csgo,placements_unavailable_or_unapproved,placements,tournament_only,https://www.esportsearnings.com/tournaments/28369-faceit-pro-league-na-june-week-1-2018-csgo,sqlite_pipeline/html/28369.html,Không tìm thấy đội cho hạng 1st.
28370,csgo,placements_unavailable_or_unapproved,placements,tournament_only,https://www.esportsearnings.com/tournaments/28370-faceit-pro-league-na-june-week-2-2018-csgo,sqlite_pipeline/html/28370.html,Không tìm thấy đội cho hạng 1st.
28723,csgo,placements_unavailable_or_unapproved,placements,tournament_only,https://www.esportsearnings.com/tournaments/28723-faceit-pro-league-eu-june-2018-csgo,sqlite_pipeline/html/28723.html,Không tìm thấy đội cho hạng 1st.
28724,csgo,placements_unavailable_or_unapproved,placements,tournament_only,https://www.esportsearnings.com/tournaments/28724-faceit-pro-league-na-june-week-3-2018-csgo,sqlite_pipeline/html/28724.html,Không tìm thấy đội cho hạng 1st.
28725,csgo,placements_unavailable_or_unapproved,placements,tournament_only,https://www.esportsearnings.com/tournaments/28725-faceit-pro-league-na-june-week-4-2018-csgo,sqlite_pipeline/html/28725.html,Không tìm thấy đội cho hạng 1st.
28726,csgo,placements_unavailable_or_unapproved,placements,tournament_only,https://www.esportsearnings.com/tournaments/28726-faceit-pro-league-na-july-week-1-2018-csgo,sqlite_pipeline/html/28726.html,Không tìm thấy đội cho hạng 1st.
28727,csgo,placements_unavailable_or_unapproved,placements,tournament_only,https://www.esportsearnings.com/tournaments/28727-faceit-pro-league-na-july-week-2-2018-csgo,sqlite_pipeline/html/28727.html,Không tìm thấy đội cho hạng 1st.
28728,csgo,placements_unavailable_or_unapproved,placements,tournament_only,https://www.esportsearnings.com/tournaments/28728-faceit-pro-league-na-july-week-3-2018-csgo,sqlite_pipeline/html/28728.html,Không tìm thấy đội cho hạng 1st.
28763,csgo,placements_unavailable_or_unapproved,placements,tournament_only,https://www.esportsearnings.com/tournaments/28763-wcg-asian-championship-2012-csgo,sqlite_pipeline/html/28763.html,Không lấy được kết quả thi đấu nào.
28831,csgo,placements_unavailable_or_unapproved,placements,tournament_only,https://www.esportsearnings.com/tournaments/28831-faceit-pro-league-na-july-week-4-2018-csgo,sqlite_pipeline/html/28831.html,Không tìm thấy đội cho hạng 1st.
28889,csgo,placements_unavailable_or_unapproved,placements,tournament_only,https://www.esportsearnings.com/tournaments/28889-faceit-pro-league-eu-july-2018-csgo,sqlite_pipeline/html/28889.html,Không tìm thấy đội cho hạng 1st.
29015,csgo,placements_unavailable_or_unapproved,placements,tournament_only,https://www.esportsearnings.com/tournaments/29015-faceit-pro-league-na-august-week-1-2018-csgo,sqlite_pipeline/html/29015.html,Không tìm thấy đội cho hạng 1st.
29124,csgo,ambiguous_source_team_id,team_identity,matched,https://www.esportsearnings.com/tournaments/29124-esea-za-csgo-open-season-28-playoffs,sqlite_pipeline/html/29124.html,
29210,csgo,placements_unavailable_or_unapproved,placements,tournament_only,https://www.esportsearnings.com/tournaments/29210-faceit-pro-league-na-august-week-2-2018-csgo,sqlite_pipeline/html/29210.html,Không tìm thấy đội cho hạng 1st.
29212,csgo,placements_unavailable_or_unapproved,placements,tournament_only,https://www.esportsearnings.com/tournaments/29212-faceit-pro-league-na-august-week-3-2018-csgo,sqlite_pipeline/html/29212.html,Không tìm thấy đội cho hạng 1st.
29448,csgo,placements_unavailable_or_unapproved,placements,tournament_only,https://www.esportsearnings.com/tournaments/29448-faceit-pro-league-na-august-week-4-2018-csgo,sqlite_pipeline/html/29448.html,Không tìm thấy đội cho hạng 1st.
29524,csgo,placements_unavailable_or_unapproved,placements,tournament_only,https://www.esportsearnings.com/tournaments/29524-wesg-2018-china-nanchang-qualifier-csgo,sqlite_pipeline/html/29524.html,Đội bị trùng trong cùng giải.
29612,csgo,placements_unavailable_or_unapproved,placements,tournament_only,https://www.esportsearnings.com/tournaments/29612-wesg-2018-china-guangzhou-qualifier-csgo,sqlite_pipeline/html/29612.html,Đội bị trùng trong cùng giải.
29634,csgo,placements_unavailable_or_unapproved,placements,tournament_only,https://www.esportsearnings.com/tournaments/29634-faceit-pro-league-eu-august-2018-csgo,sqlite_pipeline/html/29634.html,Không tìm thấy đội cho hạng 1st.
29774,csgo,placements_unavailable_or_unapproved,placements,tournament_only,https://www.esportsearnings.com/tournaments/29774-faceit-pro-league-na-september-week-1-2018-csgo,sqlite_pipeline/html/29774.html,Không tìm thấy đội cho hạng 1st.
29775,csgo,placements_unavailable_or_unapproved,placements,tournament_only,https://www.esportsearnings.com/tournaments/29775-faceit-pro-league-na-september-week-2-2018-csgo,sqlite_pipeline/html/29775.html,Không tìm thấy đội cho hạng 1st.
29776,csgo,placements_unavailable_or_unapproved,placements,tournament_only,https://www.esportsearnings.com/tournaments/29776-faceit-pro-league-na-september-week-3-2018-csgo,sqlite_pipeline/html/29776.html,Không tìm thấy đội cho hạng 1st.
29842,csgo,placements_unavailable_or_unapproved,placements,tournament_only,https://www.esportsearnings.com/tournaments/29842-aef-csgo-season-1,sqlite_pipeline/html/29842.html,Đội bị trùng trong cùng giải.
30041,csgo,placements_unavailable_or_unapproved,placements,tournament_only,https://www.esportsearnings.com/tournaments/30041-circus-e-sport-tour-2018-csgo,sqlite_pipeline/html/30041.html,Không lấy được kết quả thi đấu nào.
30098,csgo,prize_allocation_pending_review,placements,needs_review,https://www.esportsearnings.com/tournaments/30098-netparty-fyn-2018-csgo,sqlite_pipeline/html/30098.html,
30212,csgo,placements_unavailable_or_unapproved,placements,tournament_only,https://www.esportsearnings.com/tournaments/30212-baltic-esports-league-season-2-csgo,sqlite_pipeline/html/30212.html,Đội bị trùng trong cùng giải.
30228,csgo,placements_unavailable_or_unapproved,placements,tournament_only,https://www.esportsearnings.com/tournaments/30228-faceit-pro-league-na-september-week-4-2018-csgo,sqlite_pipeline/html/30228.html,Không tìm thấy đội cho hạng 1st.
30230,csgo,placements_unavailable_or_unapproved,placements,tournament_only,https://www.esportsearnings.com/tournaments/30230-faceit-pro-league-na-october-week-1-2018-csgo,sqlite_pipeline/html/30230.html,Không tìm thấy đội cho hạng 1st.
30231,csgo,placements_unavailable_or_unapproved,placements,tournament_only,https://www.esportsearnings.com/tournaments/30231-faceit-pro-league-na-october-week-2-2018-csgo,sqlite_pipeline/html/30231.html,Không tìm thấy đội cho hạng 1st.
30232,csgo,placements_unavailable_or_unapproved,placements,tournament_only,https://www.esportsearnings.com/tournaments/30232-faceit-pro-league-na-october-week-3-2018-csgo,sqlite_pipeline/html/30232.html,Không tìm thấy đội cho hạng 1st.
30363,csgo,placements_unavailable_or_unapproved,placements,tournament_only,https://www.esportsearnings.com/tournaments/30363-faceit-pro-league-na-october-week-4-2018-csgo,sqlite_pipeline/html/30363.html,Không tìm thấy đội cho hạng 1st.
30406,csgo,placements_unavailable_or_unapproved,placements,tournament_only,https://www.esportsearnings.com/tournaments/30406-faceit-pro-league-eu-september-2018-csgo,sqlite_pipeline/html/30406.html,Không tìm thấy đội cho hạng 1st.
30407,csgo,placements_unavailable_or_unapproved,placements,tournament_only,https://www.esportsearnings.com/tournaments/30407-faceit-pro-league-eu-october-2018-csgo,sqlite_pipeline/html/30407.html,Không tìm thấy đội cho hạng 1st.
30425,csgo,placements_unavailable_or_unapproved,placements,tournament_only,https://www.esportsearnings.com/tournaments/30425-fpsthailand-csgo-pro-league-season-5,sqlite_pipeline/html/30425.html,Đội bị trùng trong cùng giải.
30427,csgo,placements_unavailable_or_unapproved,placements,tournament_only,https://www.esportsearnings.com/tournaments/30427-faceit-pro-league-na-november-week-1-2018-csgo,sqlite_pipeline/html/30427.html,Không tìm thấy đội cho hạng 1st.
30428,csgo,placements_unavailable_or_unapproved,placements,tournament_only,https://www.esportsearnings.com/tournaments/30428-faceit-pro-league-na-daily-01112018-csgo,sqlite_pipeline/html/30428.html,Không tìm thấy đội cho hạng 1st.
30429,csgo,placements_unavailable_or_unapproved,placements,tournament_only,https://www.esportsearnings.com/tournaments/30429-faceit-pro-league-na-daily-02112018-csgo,sqlite_pipeline/html/30429.html,Không tìm thấy đội cho hạng 1st.
30430,csgo,placements_unavailable_or_unapproved,placements,tournament_only,https://www.esportsearnings.com/tournaments/30430-faceit-pro-league-na-daily-03112018-csgo,sqlite_pipeline/html/30430.html,Không tìm thấy đội cho hạng 1st.
30433,csgo,placements_unavailable_or_unapproved,placements,tournament_only,https://www.esportsearnings.com/tournaments/30433-faceit-pro-league-na-daily-04112018-csgo,sqlite_pipeline/html/30433.html,Không tìm thấy đội cho hạng 1st.
30434,csgo,placements_unavailable_or_unapproved,placements,tournament_only,https://www.esportsearnings.com/tournaments/30434-faceit-pro-league-na-daily-1250-01112018-csgo,sqlite_pipeline/html/30434.html,Không tìm thấy đội cho hạng 1st.
30442,csgo,placements_unavailable_or_unapproved,placements,tournament_only,https://www.esportsearnings.com/tournaments/30442-faceit-pro-league-na-daily-07112018-csgo,sqlite_pipeline/html/30442.html,Không tìm thấy đội cho hạng 1st.
30443,csgo,placements_unavailable_or_unapproved,placements,tournament_only,https://www.esportsearnings.com/tournaments/30443-faceit-pro-league-na-daily-05112018-csgo,sqlite_pipeline/html/30443.html,Không tìm thấy đội cho hạng 1st.
30538,csgo,placements_unavailable_or_unapproved,placements,tournament_only,https://www.esportsearnings.com/tournaments/30538-faceit-pro-league-na-daily-06112018-csgo,sqlite_pipeline/html/30538.html,Không tìm thấy đội cho hạng 1st.
30539,csgo,placements_unavailable_or_unapproved,placements,tournament_only,https://www.esportsearnings.com/tournaments/30539-faceit-pro-league-na-daily-08112018-csgo,sqlite_pipeline/html/30539.html,Không tìm thấy đội cho hạng 1st.
30540,csgo,placements_unavailable_or_unapproved,placements,tournament_only,https://www.esportsearnings.com/tournaments/30540-faceit-pro-league-na-daily-09112018-csgo,sqlite_pipeline/html/30540.html,Không tìm thấy đội cho hạng 1st.
30541,csgo,placements_unavailable_or_unapproved,placements,tournament_only,https://www.esportsearnings.com/tournaments/30541-faceit-pro-league-na-daily-11112018-csgo,sqlite_pipeline/html/30541.html,Không tìm thấy đội cho hạng 1st.
30564,csgo,placements_unavailable_or_unapproved,placements,tournament_only,https://www.esportsearnings.com/tournaments/30564-faceit-pro-league-eu-november-week-1-2018-csgo,sqlite_pipeline/html/30564.html,Không tìm thấy đội cho hạng 1st.
30565,csgo,placements_unavailable_or_unapproved,placements,tournament_only,https://www.esportsearnings.com/tournaments/30565-faceit-pro-league-na-daily-10112018-csgo,sqlite_pipeline/html/30565.html,Không tìm thấy đội cho hạng 1st.
30631,csgo,placements_unavailable_or_unapproved,placements,tournament_only,https://www.esportsearnings.com/tournaments/30631-faceit-pro-league-na-daily-12112018-csgo,sqlite_pipeline/html/30631.html,Không tìm thấy đội cho hạng 1st.
30637,csgo,placements_unavailable_or_unapproved,placements,tournament_only,https://www.esportsearnings.com/tournaments/30637-faceit-pro-league-na-daily-13112018-csgo,sqlite_pipeline/html/30637.html,Không tìm thấy đội cho hạng 1st.
30640,csgo,placements_unavailable_or_unapproved,placements,tournament_only,https://www.esportsearnings.com/tournaments/30640-faceit-pro-league-na-daily-14112018-csgo,sqlite_pipeline/html/30640.html,Không tìm thấy đội cho hạng 1st.
30641,csgo,placements_unavailable_or_unapproved,placements,tournament_only,https://www.esportsearnings.com/tournaments/30641-faceit-pro-league-na-daily-15112018-csgo,sqlite_pipeline/html/30641.html,Không tìm thấy đội cho hạng 1st.
30642,csgo,placements_unavailable_or_unapproved,placements,tournament_only,https://www.esportsearnings.com/tournaments/30642-faceit-pro-league-na-daily-16112018-csgo,sqlite_pipeline/html/30642.html,Không tìm thấy đội cho hạng 1st.
30643,csgo,placements_unavailable_or_unapproved,placements,tournament_only,https://www.esportsearnings.com/tournaments/30643-faceit-pro-league-eu-november-week-2-2018-csgo,sqlite_pipeline/html/30643.html,Không tìm thấy đội cho hạng 1st.
30669,csgo,placements_unavailable_or_unapproved,placements,tournament_only,https://www.esportsearnings.com/tournaments/30669-faceit-pro-league-na-november-week-3-2018-csgo,sqlite_pipeline/html/30669.html,Không tìm thấy đội cho hạng 1st.
30671,csgo,placements_unavailable_or_unapproved,placements,tournament_only,https://www.esportsearnings.com/tournaments/30671-faceit-pro-league-na-daily-17112018-csgo,sqlite_pipeline/html/30671.html,Không tìm thấy đội cho hạng 1st.
30672,csgo,placements_unavailable_or_unapproved,placements,tournament_only,https://www.esportsearnings.com/tournaments/30672-faceit-pro-league-na-daily-18112018-csgo,sqlite_pipeline/html/30672.html,Không tìm thấy đội cho hạng 1st.
30673,csgo,placements_unavailable_or_unapproved,placements,tournament_only,https://www.esportsearnings.com/tournaments/30673-faceit-pro-league-na-daily-19112018-csgo,sqlite_pipeline/html/30673.html,Không tìm thấy đội cho hạng 1st.
30702,csgo,placements_unavailable_or_unapproved,placements,tournament_only,https://www.esportsearnings.com/tournaments/30702-faceit-pro-league-na-daily-20112018-csgo,sqlite_pipeline/html/30702.html,Không tìm thấy đội cho hạng 1st.
30703,csgo,placements_unavailable_or_unapproved,placements,tournament_only,https://www.esportsearnings.com/tournaments/30703-faceit-pro-league-na-daily-21112018-csgo,sqlite_pipeline/html/30703.html,Không tìm thấy đội cho hạng 1st.
30706,csgo,placements_unavailable_or_unapproved,placements,tournament_only,https://www.esportsearnings.com/tournaments/30706-faceit-pro-league-na-daily-22112018-csgo,sqlite_pipeline/html/30706.html,Không tìm thấy đội cho hạng 1st.
30707,csgo,placements_unavailable_or_unapproved,placements,tournament_only,https://www.esportsearnings.com/tournaments/30707-faceit-pro-league-eu-november-week-3-2018-csgo,sqlite_pipeline/html/30707.html,Không tìm thấy đội cho hạng 1st.
30739,csgo,placements_unavailable_or_unapproved,placements,tournament_only,https://www.esportsearnings.com/tournaments/30739-faceit-pro-league-na-daily-23112018-csgo,sqlite_pipeline/html/30739.html,Không tìm thấy đội cho hạng 1st.
30740,csgo,placements_unavailable_or_unapproved,placements,tournament_only,https://www.esportsearnings.com/tournaments/30740-faceit-pro-league-na-daily-24112018-csgo,sqlite_pipeline/html/30740.html,Không tìm thấy đội cho hạng 1st.
30741,csgo,placements_unavailable_or_unapproved,placements,tournament_only,https://www.esportsearnings.com/tournaments/30741-faceit-pro-league-na-daily-25112018-csgo,sqlite_pipeline/html/30741.html,Không tìm thấy đội cho hạng 1st.
30742,csgo,placements_unavailable_or_unapproved,placements,tournament_only,https://www.esportsearnings.com/tournaments/30742-faceit-pro-league-na-daily-26112018-csgo,sqlite_pipeline/html/30742.html,Không tìm thấy đội cho hạng 1st.
30743,csgo,placements_unavailable_or_unapproved,placements,tournament_only,https://www.esportsearnings.com/tournaments/30743-faceit-pro-league-na-november-week-4-2018-csgo,sqlite_pipeline/html/30743.html,Không tìm thấy đội cho hạng 1st.
30819,csgo,placements_unavailable_or_unapproved,placements,tournament_only,https://www.esportsearnings.com/tournaments/30819-faceit-pro-league-eu-november-week-4-2018-csgo,sqlite_pipeline/html/30819.html,Không tìm thấy đội cho hạng 1st.
30820,csgo,placements_unavailable_or_unapproved,placements,tournament_only,https://www.esportsearnings.com/tournaments/30820-faceit-pro-league-eu-december-week-1-2018-csgo,sqlite_pipeline/html/30820.html,Không tìm thấy đội cho hạng 1st.
30821,csgo,placements_unavailable_or_unapproved,placements,tournament_only,https://www.esportsearnings.com/tournaments/30821-faceit-pro-league-na-daily-29112018-csgo,sqlite_pipeline/html/30821.html,Không tìm thấy đội cho hạng 1st.
30854,csgo,placements_unavailable_or_unapproved,placements,tournament_only,https://www.esportsearnings.com/tournaments/30854-moscow-cup-2018-csgo,sqlite_pipeline/html/30854.html,Không lấy được kết quả thi đấu nào.
30857,csgo,placements_unavailable_or_unapproved,placements,tournament_only,https://www.esportsearnings.com/tournaments/30857-faceit-pro-league-na-daily-28112018-csgo,sqlite_pipeline/html/30857.html,Không tìm thấy đội cho hạng 1st.
30858,csgo,placements_unavailable_or_unapproved,placements,tournament_only,https://www.esportsearnings.com/tournaments/30858-faceit-pro-league-na-daily-30112018-csgo,sqlite_pipeline/html/30858.html,Không tìm thấy đội cho hạng 1st.
30859,csgo,placements_unavailable_or_unapproved,placements,tournament_only,https://www.esportsearnings.com/tournaments/30859-faceit-pro-league-na-daily-01122018-csgo,sqlite_pipeline/html/30859.html,Không tìm thấy đội cho hạng 1st.
30862,csgo,placements_unavailable_or_unapproved,placements,tournament_only,https://www.esportsearnings.com/tournaments/30862-faceit-pro-league-na-daily-02122018-csgo,sqlite_pipeline/html/30862.html,Không tìm thấy đội cho hạng 1st.
30863,csgo,placements_unavailable_or_unapproved,placements,tournament_only,https://www.esportsearnings.com/tournaments/30863-faceit-pro-league-na-daily-03122018-csgo,sqlite_pipeline/html/30863.html,Không tìm thấy đội cho hạng 1st.
30864,csgo,placements_unavailable_or_unapproved,placements,tournament_only,https://www.esportsearnings.com/tournaments/30864-faceit-pro-league-na-daily-04122018-csgo,sqlite_pipeline/html/30864.html,Không tìm thấy đội cho hạng 1st.
30865,csgo,placements_unavailable_or_unapproved,placements,tournament_only,https://www.esportsearnings.com/tournaments/30865-faceit-pro-league-na-daily-05122018-csgo,sqlite_pipeline/html/30865.html,Không tìm thấy đội cho hạng 1st.
30866,csgo,placements_unavailable_or_unapproved,placements,tournament_only,https://www.esportsearnings.com/tournaments/30866-faceit-pro-league-na-daily-06122018-csgo,sqlite_pipeline/html/30866.html,Không tìm thấy đội cho hạng 1st.
30867,csgo,placements_unavailable_or_unapproved,placements,tournament_only,https://www.esportsearnings.com/tournaments/30867-faceit-pro-league-na-daily-07122018-csgo,sqlite_pipeline/html/30867.html,Không tìm thấy đội cho hạng 1st.
3088,csgo,ambiguous_source_team_id,team_identity,matched,https://www.esportsearnings.com/tournaments/3088-eps-germany-spring-2013-finals-csgo,batch_runs/csgo_resumable/html/3088.html,
30916,csgo,placements_unavailable_or_unapproved,placements,tournament_only,https://www.esportsearnings.com/tournaments/30916-faceit-pro-league-eu-december-week-2-2018-csgo,sqlite_pipeline/html/30916.html,Không tìm thấy đội cho hạng 1st.
30917,csgo,placements_unavailable_or_unapproved,placements,tournament_only,https://www.esportsearnings.com/tournaments/30917-faceit-pro-league-na-daily-09122018-csgo,sqlite_pipeline/html/30917.html,Không tìm thấy đội cho hạng 1st.
30950,csgo,placements_unavailable_or_unapproved,placements,tournament_only,https://www.esportsearnings.com/tournaments/30950-polska-liga-esportowa-season-4-group-stage-csgo,sqlite_pipeline/html/30950.html,Không đọc được hạng: DISQUALIFIED
30966,csgo,placements_unavailable_or_unapproved,placements,tournament_only,https://www.esportsearnings.com/tournaments/30966-faceit-pro-league-na-december-week-2-2018-csgo,sqlite_pipeline/html/30966.html,Không tìm thấy đội cho hạng 1st.
30967,csgo,placements_unavailable_or_unapproved,placements,tournament_only,https://www.esportsearnings.com/tournaments/30967-faceit-pro-league-na-daily-12122018-csgo,sqlite_pipeline/html/30967.html,Không tìm thấy đội cho hạng 1st.
30968,csgo,placements_unavailable_or_unapproved,placements,tournament_only,https://www.esportsearnings.com/tournaments/30968-faceit-pro-league-na-daily-13122018-csgo,sqlite_pipeline/html/30968.html,Không tìm thấy đội cho hạng 1st.
30969,csgo,placements_unavailable_or_unapproved,placements,tournament_only,https://www.esportsearnings.com/tournaments/30969-faceit-pro-league-na-daily-14122018-csgo,sqlite_pipeline/html/30969.html,Không tìm thấy đội cho hạng 1st.
30970,csgo,placements_unavailable_or_unapproved,placements,tournament_only,https://www.esportsearnings.com/tournaments/30970-faceit-pro-league-na-daily-15122018-csgo,sqlite_pipeline/html/30970.html,Không tìm thấy đội cho hạng 1st.
30971,csgo,placements_unavailable_or_unapproved,placements,tournament_only,https://www.esportsearnings.com/tournaments/30971-faceit-pro-league-na-daily-16122018-csgo,sqlite_pipeline/html/30971.html,Không tìm thấy đội cho hạng 1st.
32615,csgo,placements_unavailable_or_unapproved,placements,tournament_only,https://www.esportsearnings.com/tournaments/32615-faceit-pro-league-eu-december-week-3-2018-csgo,sqlite_pipeline/html/32615.html,Không tìm thấy đội cho hạng 1st.
32647,csgo,placements_unavailable_or_unapproved,placements,tournament_only,https://www.esportsearnings.com/tournaments/32647-faceit-pro-league-eu-december-week-4-2018-csgo,sqlite_pipeline/html/32647.html,Không tìm thấy đội cho hạng 1st.
32682,csgo,placements_unavailable_or_unapproved,placements,tournament_only,https://www.esportsearnings.com/tournaments/32682-fpl-c-europe-17-2018-csgo,batch_runs/csgo_resumable/html/32682.html,Không tìm thấy đội cho hạng 1st.
32704,csgo,placements_unavailable_or_unapproved,placements,tournament_only,https://www.esportsearnings.com/tournaments/32704-faceit-pro-league-eu-january-week-1-2018-csgo,sqlite_pipeline/html/32704.html,Không tìm thấy đội cho hạng 1st.
32711,csgo,placements_unavailable_or_unapproved,placements,tournament_only,https://www.esportsearnings.com/tournaments/32711-cis-esports-league-challanger-december-part-1,batch_runs/csgo_resumable/html/32711.html,Không tìm thấy đội cho hạng 1st.
32712,csgo,placements_unavailable_or_unapproved,placements,tournament_only,https://www.esportsearnings.com/tournaments/32712-cis-esports-league-challanger-december-part-2,batch_runs/csgo_resumable/html/32712.html,Không tìm thấy đội cho hạng 1st.
32713,csgo,placements_unavailable_or_unapproved,placements,tournament_only,https://www.esportsearnings.com/tournaments/32713-cis-esports-league-pro-december-part-1,batch_runs/csgo_resumable/html/32713.html,Không tìm thấy đội cho hạng 1st.
32714,csgo,placements_unavailable_or_unapproved,placements,tournament_only,https://www.esportsearnings.com/tournaments/32714-cis-esports-league-pro-december-part-2,batch_runs/csgo_resumable/html/32714.html,Không tìm thấy đội cho hạng 1st.
32781,csgo,placements_unavailable_or_unapproved,placements,tournament_only,https://www.esportsearnings.com/tournaments/32781-fpl-c-europe-3-2017-csgo,batch_runs/csgo_resumable/html/32781.html,Không tìm thấy đội cho hạng 1st.
32782,csgo,placements_unavailable_or_unapproved,placements,tournament_only,https://www.esportsearnings.com/tournaments/32782-fpl-c-europe-4-2017-csgo,batch_runs/csgo_resumable/html/32782.html,Không tìm thấy đội cho hạng 1st.
32783,csgo,placements_unavailable_or_unapproved,placements,tournament_only,https://www.esportsearnings.com/tournaments/32783-fpl-c-europe-16-2018-csgo,batch_runs/csgo_resumable/html/32783.html,Không tìm thấy đội cho hạng 1st.
32784,csgo,placements_unavailable_or_unapproved,placements,tournament_only,https://www.esportsearnings.com/tournaments/32784-fpl-c-europe-15-2018-csgo,batch_runs/csgo_resumable/html/32784.html,Không tìm thấy đội cho hạng 1st.
32785,csgo,placements_unavailable_or_unapproved,placements,tournament_only,https://www.esportsearnings.com/tournaments/32785-fpl-c-europe-14-2018-csgo,batch_runs/csgo_resumable/html/32785.html,Không tìm thấy đội cho hạng 1st.
32786,csgo,placements_unavailable_or_unapproved,placements,tournament_only,https://www.esportsearnings.com/tournaments/32786-fpl-c-europe-13-2018-csgo,batch_runs/csgo_resumable/html/32786.html,Không tìm thấy đội cho hạng 1st.
32787,csgo,placements_unavailable_or_unapproved,placements,tournament_only,https://www.esportsearnings.com/tournaments/32787-fpl-c-europe-12-2018-csgo,batch_runs/csgo_resumable/html/32787.html,Không tìm thấy đội cho hạng 1st.
32788,csgo,placements_unavailable_or_unapproved,placements,tournament_only,https://www.esportsearnings.com/tournaments/32788-fpl-c-europe-11-2018-csgo,batch_runs/csgo_resumable/html/32788.html,Không tìm thấy đội cho hạng 1st.
32789,csgo,placements_unavailable_or_unapproved,placements,tournament_only,https://www.esportsearnings.com/tournaments/32789-fpl-c-europe-10-2018-csgo,batch_runs/csgo_resumable/html/32789.html,Không tìm thấy đội cho hạng 1st.
32790,csgo,placements_unavailable_or_unapproved,placements,tournament_only,https://www.esportsearnings.com/tournaments/32790-fpl-c-europe-9-2018-csgo,batch_runs/csgo_resumable/html/32790.html,Không tìm thấy đội cho hạng 1st.
32791,csgo,placements_unavailable_or_unapproved,placements,tournament_only,https://www.esportsearnings.com/tournaments/32791-fpl-c-europe-8-2018-csgo,batch_runs/csgo_resumable/html/32791.html,Không tìm thấy đội cho hạng 1st.
32792,csgo,placements_unavailable_or_unapproved,placements,tournament_only,https://www.esportsearnings.com/tournaments/32792-fpl-c-europe-6-2018-csgo,batch_runs/csgo_resumable/html/32792.html,Không tìm thấy đội cho hạng 1st.
32793,csgo,placements_unavailable_or_unapproved,placements,tournament_only,https://www.esportsearnings.com/tournaments/32793-fpl-c-europe-5-2018-csgo,batch_runs/csgo_resumable/html/32793.html,Không tìm thấy đội cho hạng 1st.
32816,csgo,placements_unavailable_or_unapproved,placements,tournament_only,https://www.esportsearnings.com/tournaments/32816-faceit-pro-league-eu-january-week-2-2018-csgo,sqlite_pipeline/html/32816.html,Không tìm thấy đội cho hạng 1st.
32915,csgo,placements_unavailable_or_unapproved,placements,tournament_only,https://www.esportsearnings.com/tournaments/32915-cis-esports-league-challanger-january-part-1,batch_runs/csgo_resumable/html/32915.html,Không tìm thấy đội cho hạng 1st.
32937,csgo,placements_unavailable_or_unapproved,placements,tournament_only,https://www.esportsearnings.com/tournaments/32937-faceit-pro-league-eu-january-week-3-2018-csgo,sqlite_pipeline/html/32937.html,Không tìm thấy đội cho hạng 1st.
32938,csgo,placements_unavailable_or_unapproved,placements,tournament_only,https://www.esportsearnings.com/tournaments/32938-fpl-c-na-1-2018-csgo,batch_runs/csgo_resumable/html/32938.html,Không tìm thấy đội cho hạng 1st.
32939,csgo,placements_unavailable_or_unapproved,placements,tournament_only,https://www.esportsearnings.com/tournaments/32939-fpl-c-na-2-2018-csgo,batch_runs/csgo_resumable/html/32939.html,Không tìm thấy đội cho hạng 1st.
32940,csgo,placements_unavailable_or_unapproved,placements,tournament_only,https://www.esportsearnings.com/tournaments/32940-fpl-c-na-3-2018-csgo,batch_runs/csgo_resumable/html/32940.html,Không tìm thấy đội cho hạng 1st.
32941,csgo,placements_unavailable_or_unapproved,placements,tournament_only,https://www.esportsearnings.com/tournaments/32941-fpl-c-na-4-2018-csgo,batch_runs/csgo_resumable/html/32941.html,Không tìm thấy đội cho hạng 1st.
32942,csgo,placements_unavailable_or_unapproved,placements,tournament_only,https://www.esportsearnings.com/tournaments/32942-fpl-c-na-5-2018-csgo,batch_runs/csgo_resumable/html/32942.html,Không tìm thấy đội cho hạng 1st.
32969,csgo,placements_unavailable_or_unapproved,placements,tournament_only,https://www.esportsearnings.com/tournaments/32969-fpl-c-na-6-2018-csgo,batch_runs/csgo_resumable/html/32969.html,Không tìm thấy đội cho hạng 1st.
32970,csgo,placements_unavailable_or_unapproved,placements,tournament_only,https://www.esportsearnings.com/tournaments/32970-fpl-c-na-7-2018-csgo,batch_runs/csgo_resumable/html/32970.html,Không tìm thấy đội cho hạng 1st.
32971,csgo,placements_unavailable_or_unapproved,placements,tournament_only,https://www.esportsearnings.com/tournaments/32971-fpl-c-na-8-2018-csgo,batch_runs/csgo_resumable/html/32971.html,Không tìm thấy đội cho hạng 1st.
32972,csgo,placements_unavailable_or_unapproved,placements,tournament_only,https://www.esportsearnings.com/tournaments/32972-fpl-c-na-9-weeks-1and2-2018-csgo,batch_runs/csgo_resumable/html/32972.html,Không tìm thấy đội cho hạng 1st.
32973,csgo,placements_unavailable_or_unapproved,placements,tournament_only,https://www.esportsearnings.com/tournaments/32973-fpl-c-na-9-weeks-3and4-2018-csgo,batch_runs/csgo_resumable/html/32973.html,Không tìm thấy đội cho hạng 1st.
32974,csgo,placements_unavailable_or_unapproved,placements,tournament_only,https://www.esportsearnings.com/tournaments/32974-fpl-c-na-10-weeks-1and2-2018-csgo,batch_runs/csgo_resumable/html/32974.html,Không tìm thấy đội cho hạng 1st.
33003,csgo,placements_unavailable_or_unapproved,placements,tournament_only,https://www.esportsearnings.com/tournaments/33003-faceit-pro-league-eu-january-week-4-2018-csgo,sqlite_pipeline/html/33003.html,Không tìm thấy đội cho hạng 1st.
33030,csgo,placements_unavailable_or_unapproved,placements,tournament_only,https://www.esportsearnings.com/tournaments/33030-faceit-pro-league-na-january-week-4-2018-csgo,sqlite_pipeline/html/33030.html,Không tìm thấy đội cho hạng 1st.
33069,csgo,placements_unavailable_or_unapproved,placements,tournament_only,https://www.esportsearnings.com/tournaments/33069-faceit-pro-league-eu-january-week-5-2018-csgo,sqlite_pipeline/html/33069.html,Không tìm thấy đội cho hạng 1st.
33097,csgo,placements_unavailable_or_unapproved,placements,tournament_only,https://www.esportsearnings.com/tournaments/33097-faceit-pro-league-eu-february-week-1-2018-csgo,sqlite_pipeline/html/33097.html,Không tìm thấy đội cho hạng 1st.
33104,csgo,placements_unavailable_or_unapproved,placements,tournament_only,https://www.esportsearnings.com/tournaments/33104-fpl-c-europe-18-2019-csgo,sqlite_pipeline/html/33104.html,Không tìm thấy đội cho hạng 1st.
33107,csgo,placements_unavailable_or_unapproved,placements,tournament_only,https://www.esportsearnings.com/tournaments/33107-dreamhack-leipzig-2019-csgo-winternational,sqlite_pipeline/html/33107.html,Không đọc được hạng: See Note
33155,csgo,placements_unavailable_or_unapproved,placements,tournament_only,https://www.esportsearnings.com/tournaments/33155-faceit-pro-league-eu-february-week-2-2018-csgo,sqlite_pipeline/html/33155.html,Không tìm thấy đội cho hạng 1st.
33213,csgo,placements_unavailable_or_unapproved,placements,tournament_only,https://www.esportsearnings.com/tournaments/33213-faceit-pro-league-eu-february-week-3-2018-csgo,sqlite_pipeline/html/33213.html,Không tìm thấy đội cho hạng 1st.
33214,csgo,placements_unavailable_or_unapproved,placements,tournament_only,https://www.esportsearnings.com/tournaments/33214-faceit-pro-league-na-18-2502-2019-csgo,sqlite_pipeline/html/33214.html,Không tìm thấy đội cho hạng 1st.
33215,csgo,placements_unavailable_or_unapproved,placements,tournament_only,https://www.esportsearnings.com/tournaments/33215-faceit-pro-league-na-12-1902-2019-csgo,sqlite_pipeline/html/33215.html,Không tìm thấy đội cho hạng 1st.
33232,csgo,placements_unavailable_or_unapproved,placements,tournament_only,https://www.esportsearnings.com/tournaments/33232-faceit-pro-league-eu-february-week-4-2019-csgo,sqlite_pipeline/html/33232.html,Không tìm thấy đội cho hạng 1st.
33279,csgo,placements_unavailable_or_unapproved,placements,tournament_only,https://www.esportsearnings.com/tournaments/33279-fpl-c-europe-19-2019-csgo,batch_runs/csgo_resumable/html/33279.html,Không tìm thấy đội cho hạng 1st.
33292,csgo,placements_unavailable_or_unapproved,placements,tournament_only,https://www.esportsearnings.com/tournaments/33292-faceit-pro-league-na-2502-0503-2019-csgo,sqlite_pipeline/html/33292.html,Không tìm thấy đội cho hạng 1st.
33336,csgo,placements_unavailable_or_unapproved,placements,tournament_only,https://www.esportsearnings.com/tournaments/33336-faceit-pro-league-eu-march-week-1-2019-csgo,sqlite_pipeline/html/33336.html,Không tìm thấy đội cho hạng 1st.
33337,csgo,placements_unavailable_or_unapproved,placements,tournament_only,https://www.esportsearnings.com/tournaments/33337-faceit-pro-league-eu-march-week-2-2019-csgo,sqlite_pipeline/html/33337.html,Không tìm thấy đội cho hạng 1st.
33338,csgo,placements_unavailable_or_unapproved,placements,tournament_only,https://www.esportsearnings.com/tournaments/33338-faceit-pro-league-na-0503-1203-2019-csgo,sqlite_pipeline/html/33338.html,Không tìm thấy đội cho hạng 1st.
33438,csgo,placements_unavailable_or_unapproved,placements,tournament_only,https://www.esportsearnings.com/tournaments/33438-faceit-pro-league-eu-march-week-3-2019-csgo,sqlite_pipeline/html/33438.html,Không tìm thấy đội cho hạng 1st.
33439,csgo,placements_unavailable_or_unapproved,placements,tournament_only,https://www.esportsearnings.com/tournaments/33439-faceit-pro-league-na-1203-1903-2019-csgo,sqlite_pipeline/html/33439.html,Không tìm thấy đội cho hạng 1st.
33471,csgo,placements_unavailable_or_unapproved,placements,tournament_only,https://www.esportsearnings.com/tournaments/33471-cis-esports-league-challanger-march-part-2,batch_runs/csgo_resumable/html/33471.html,Không tìm thấy đội cho hạng 1st.
33606,csgo,placements_unavailable_or_unapproved,placements,tournament_only,https://www.esportsearnings.com/tournaments/33606-faceit-pro-league-eu-march-week-4-2019-csgo,sqlite_pipeline/html/33606.html,Không tìm thấy đội cho hạng 1st.
33643,csgo,placements_unavailable_or_unapproved,placements,tournament_only,https://www.esportsearnings.com/tournaments/33643-fpl-c-europe-20-2019-csgo,batch_runs/csgo_resumable/html/33643.html,Không tìm thấy đội cho hạng 1st.
33644,csgo,placements_unavailable_or_unapproved,placements,tournament_only,https://www.esportsearnings.com/tournaments/33644-faceit-pro-league-eu-april-week-1-2019-csgo,sqlite_pipeline/html/33644.html,Không tìm thấy đội cho hạng 1st.
33782,csgo,placements_unavailable_or_unapproved,placements,tournament_only,https://www.esportsearnings.com/tournaments/33782-faceit-pro-league-eu-april-week-2-2019-csgo,sqlite_pipeline/html/33782.html,Không tìm thấy đội cho hạng 1st.
33783,csgo,placements_unavailable_or_unapproved,placements,tournament_only,https://www.esportsearnings.com/tournaments/33783-faceit-pro-league-na-19-0326-03-2019-csgo,sqlite_pipeline/html/33783.html,Không tìm thấy đội cho hạng 1st.
33784,csgo,placements_unavailable_or_unapproved,placements,tournament_only,https://www.esportsearnings.com/tournaments/33784-faceit-pro-league-na-april-week-2-2019-csgo,sqlite_pipeline/html/33784.html,Không tìm thấy đội cho hạng 1st.
33785,csgo,placements_unavailable_or_unapproved,placements,tournament_only,https://www.esportsearnings.com/tournaments/33785-faceit-pro-league-na-april-week-1-2019-csgo,sqlite_pipeline/html/33785.html,Không tìm thấy đội cho hạng 1st.
33786,csgo,placements_unavailable_or_unapproved,placements,tournament_only,https://www.esportsearnings.com/tournaments/33786-faceit-pro-league-na-26-0302-04-2019-csgo,sqlite_pipeline/html/33786.html,Không tìm thấy đội cho hạng 1st.
33871,csgo,placements_unavailable_or_unapproved,placements,tournament_only,https://www.esportsearnings.com/tournaments/33871-faceit-pro-league-eu-april-week-3-2019-csgo,sqlite_pipeline/html/33871.html,Không tìm thấy đội cho hạng 1st.
33872,csgo,placements_unavailable_or_unapproved,placements,tournament_only,https://www.esportsearnings.com/tournaments/33872-faceit-pro-league-na-april-week-3-2019-csgo,sqlite_pipeline/html/33872.html,Không tìm thấy đội cho hạng 1st.
34166,csgo,placements_unavailable_or_unapproved,placements,tournament_only,https://www.esportsearnings.com/tournaments/34166-faceit-pro-league-na-april-week-4-2019-csgo,sqlite_pipeline/html/34166.html,Không tìm thấy đội cho hạng 1st.
34167,csgo,placements_unavailable_or_unapproved,placements,tournament_only,https://www.esportsearnings.com/tournaments/34167-faceit-pro-league-eu-april-week-4-2019-csgo,sqlite_pipeline/html/34167.html,Không tìm thấy đội cho hạng 1st.
34579,csgo,placements_unavailable_or_unapproved,placements,tournament_only,https://www.esportsearnings.com/tournaments/34579-bpl-div1,batch_runs/csgo_resumable/html/34579.html,Không tìm thấy đội cho hạng 1st.
34629,csgo,placements_unavailable_or_unapproved,placements,tournament_only,https://www.esportsearnings.com/tournaments/34629-faceit-pro-league-eu-april-week-5-2019-csgo,sqlite_pipeline/html/34629.html,Không tìm thấy đội cho hạng 1st.
34630,csgo,placements_unavailable_or_unapproved,placements,tournament_only,https://www.esportsearnings.com/tournaments/34630-faceit-pro-league-na-may-week-2-2019-csgo,sqlite_pipeline/html/34630.html,Không tìm thấy đội cho hạng 1st.
35061,csgo,placements_unavailable_or_unapproved,placements,tournament_only,https://www.esportsearnings.com/tournaments/35061-faceit-pro-league-eu-may-2019-csgo,sqlite_pipeline/html/35061.html,Không tìm thấy đội cho hạng 1st.
35071,csgo,placements_unavailable_or_unapproved,placements,tournament_only,https://www.esportsearnings.com/tournaments/35071-fpl-c-europe-22-2019-csgo,batch_runs/csgo_resumable/html/35071.html,Không tìm thấy đội cho hạng 1st.
35072,csgo,placements_unavailable_or_unapproved,placements,tournament_only,https://www.esportsearnings.com/tournaments/35072-fpl-c-europe-21-2019-csgo,batch_runs/csgo_resumable/html/35072.html,Không tìm thấy đội cho hạng 1st.
35582,csgo,placements_unavailable_or_unapproved,placements,tournament_only,https://www.esportsearnings.com/tournaments/35582-cis-esports-league-challanger-june-part-1,batch_runs/csgo_resumable/html/35582.html,Không tìm thấy đội cho hạng 1st.
35656,csgo,placements_unavailable_or_unapproved,placements,tournament_only,https://www.esportsearnings.com/tournaments/35656-faceit-pro-league-eu-june-2019-csgo,sqlite_pipeline/html/35656.html,Không tìm thấy đội cho hạng 1st.
35657,csgo,placements_unavailable_or_unapproved,placements,tournament_only,https://www.esportsearnings.com/tournaments/35657-fpl-c-europe-23-2019-csgo,batch_runs/csgo_resumable/html/35657.html,Không tìm thấy đội cho hạng 1st.
35658,csgo,placements_unavailable_or_unapproved,placements,tournament_only,https://www.esportsearnings.com/tournaments/35658-faceit-pro-league-na-june-week-3-2019-csgo,sqlite_pipeline/html/35658.html,Không tìm thấy đội cho hạng 1st.
35947,csgo,placements_unavailable_or_unapproved,placements,tournament_only,https://www.esportsearnings.com/tournaments/35947-faceit-pro-league-na-july-week-1-2019-csgo,sqlite_pipeline/html/35947.html,Không tìm thấy đội cho hạng 1st.
36266,csgo,placements_unavailable_or_unapproved,placements,tournament_only,https://www.esportsearnings.com/tournaments/36266-faceit-pro-league-na-july-week-2-2019-csgo,sqlite_pipeline/html/36266.html,Không tìm thấy đội cho hạng 1st.
36267,csgo,placements_unavailable_or_unapproved,placements,tournament_only,https://www.esportsearnings.com/tournaments/36267-faceit-pro-league-na-july-week-3-2019-csgo,sqlite_pipeline/html/36267.html,Không tìm thấy đội cho hạng 1st.
36513,csgo,placements_unavailable_or_unapproved,placements,tournament_only,https://www.esportsearnings.com/tournaments/36513-faceit-pro-league-eu-july-2019-csgo,sqlite_pipeline/html/36513.html,Không tìm thấy đội cho hạng 1st.
36514,csgo,placements_unavailable_or_unapproved,placements,tournament_only,https://www.esportsearnings.com/tournaments/36514-faceit-pro-league-na-july-week-4-2019-csgo,sqlite_pipeline/html/36514.html,Không tìm thấy đội cho hạng 1st.
36679,csgo,placements_unavailable_or_unapproved,placements,tournament_only,https://www.esportsearnings.com/tournaments/36679-fpl-c-europe-24-2019-csgo,batch_runs/csgo_resumable/html/36679.html,Không tìm thấy đội cho hạng 1st.
37564,csgo,placements_unavailable_or_unapproved,placements,tournament_only,https://www.esportsearnings.com/tournaments/37564-faceit-pro-league-eu-august-2019-csgo,sqlite_pipeline/html/37564.html,Không tìm thấy đội cho hạng 1st.
37565,csgo,placements_unavailable_or_unapproved,placements,tournament_only,https://www.esportsearnings.com/tournaments/37565-fpl-c-europe-25-2019-csgo,batch_runs/csgo_resumable/html/37565.html,Không tìm thấy đội cho hạng 1st.
37566,csgo,placements_unavailable_or_unapproved,placements,tournament_only,https://www.esportsearnings.com/tournaments/37566-faceit-pro-league-na-august-week-5-2019-csgo,sqlite_pipeline/html/37566.html,Không tìm thấy đội cho hạng 1st.
37567,csgo,placements_unavailable_or_unapproved,placements,tournament_only,https://www.esportsearnings.com/tournaments/37567-faceit-pro-league-na-august-week-4-2019-csgo,sqlite_pipeline/html/37567.html,Không tìm thấy đội cho hạng 1st.
37568,csgo,placements_unavailable_or_unapproved,placements,tournament_only,https://www.esportsearnings.com/tournaments/37568-faceit-pro-league-na-august-week-1-2019-csgo,sqlite_pipeline/html/37568.html,Không tìm thấy đội cho hạng 1st.
37569,csgo,placements_unavailable_or_unapproved,placements,tournament_only,https://www.esportsearnings.com/tournaments/37569-faceit-pro-league-na-august-week-2-2019-csgo,sqlite_pipeline/html/37569.html,Không tìm thấy đội cho hạng 1st.
37570,csgo,placements_unavailable_or_unapproved,placements,tournament_only,https://www.esportsearnings.com/tournaments/37570-faceit-pro-league-na-august-week-3-2019-csgo,sqlite_pipeline/html/37570.html,Không tìm thấy đội cho hạng 1st.
37860,csgo,placements_unavailable_or_unapproved,placements,tournament_only,https://www.esportsearnings.com/tournaments/37860-esports-ukraine-csgo-solo-june-finals,batch_runs/csgo_resumable/html/37860.html,Không tìm thấy đội cho hạng 1st.
37888,csgo,placements_unavailable_or_unapproved,placements,tournament_only,https://www.esportsearnings.com/tournaments/37888-omen-challenge-2019,batch_runs/csgo_resumable/html/37888.html,Không tìm thấy đội cho hạng 1st.
38259,csgo,placements_unavailable_or_unapproved,placements,tournament_only,https://www.esportsearnings.com/tournaments/38259-faceit-pro-league-eu-september-2019-csgo,sqlite_pipeline/html/38259.html,Không tìm thấy đội cho hạng 1st.
38260,csgo,placements_unavailable_or_unapproved,placements,tournament_only,https://www.esportsearnings.com/tournaments/38260-fpl-c-europe-26-2019-csgo,batch_runs/csgo_resumable/html/38260.html,Không tìm thấy đội cho hạng 1st.
38289,csgo,placements_unavailable_or_unapproved,placements,tournament_only,https://www.esportsearnings.com/tournaments/38289-faceit-pro-league-na-october-week-1-2019-csgo,sqlite_pipeline/html/38289.html,Không tìm thấy đội cho hạng 1st.
38290,csgo,placements_unavailable_or_unapproved,placements,tournament_only,https://www.esportsearnings.com/tournaments/38290-faceit-pro-league-na-september-week-4-2019-csgo,sqlite_pipeline/html/38290.html,Không tìm thấy đội cho hạng 1st.
38291,csgo,placements_unavailable_or_unapproved,placements,tournament_only,https://www.esportsearnings.com/tournaments/38291-faceit-pro-league-na-september-week-1-2019-csgo,sqlite_pipeline/html/38291.html,Không tìm thấy đội cho hạng 1st.
38292,csgo,placements_unavailable_or_unapproved,placements,tournament_only,https://www.esportsearnings.com/tournaments/38292-faceit-pro-league-na-september-week-2-2019-csgo,sqlite_pipeline/html/38292.html,Không tìm thấy đội cho hạng 1st.
38293,csgo,placements_unavailable_or_unapproved,placements,tournament_only,https://www.esportsearnings.com/tournaments/38293-faceit-pro-league-na-september-week-3-2019-csgo,sqlite_pipeline/html/38293.html,Không tìm thấy đội cho hạng 1st.
38296,csgo,placements_unavailable_or_unapproved,placements,tournament_only,https://www.esportsearnings.com/tournaments/38296-faceit-pro-league-north-america-september-week-1-2019,batch_runs/csgo_resumable/html/38296.html,Không tìm thấy đội cho hạng 1st.
38297,csgo,placements_unavailable_or_unapproved,placements,tournament_only,https://www.esportsearnings.com/tournaments/38297-faceit-pro-league-north-america-september-week-2-2019,batch_runs/csgo_resumable/html/38297.html,Không tìm thấy đội cho hạng 1st.
38299,csgo,placements_unavailable_or_unapproved,placements,tournament_only,https://www.esportsearnings.com/tournaments/38299-faceit-pro-league-north-america-september-week-3-2019,batch_runs/csgo_resumable/html/38299.html,Không tìm thấy đội cho hạng 1st.
38424,csgo,placements_unavailable_or_unapproved,placements,tournament_only,https://www.esportsearnings.com/tournaments/38424-brasil-game-cup-2019-csgo,sqlite_pipeline/html/38424.html,Không đọc được hạng: DISQUALIFIED
38897,csgo,placements_unavailable_or_unapproved,placements,tournament_only,https://www.esportsearnings.com/tournaments/38897-faceit-pro-league-eu-october-2019-csgo,sqlite_pipeline/html/38897.html,Không tìm thấy đội cho hạng 1st.
38898,csgo,placements_unavailable_or_unapproved,placements,tournament_only,https://www.esportsearnings.com/tournaments/38898-faceit-pro-league-na-october-week-4-2019-csgo,sqlite_pipeline/html/38898.html,Không tìm thấy đội cho hạng 1st.
38899,csgo,placements_unavailable_or_unapproved,placements,tournament_only,https://www.esportsearnings.com/tournaments/38899-faceit-pro-league-na-october-week-5-2019-csgo,sqlite_pipeline/html/38899.html,Không tìm thấy đội cho hạng 1st.
38900,csgo,placements_unavailable_or_unapproved,placements,tournament_only,https://www.esportsearnings.com/tournaments/38900-faceit-pro-league-na-october-week-3-2019-csgo,sqlite_pipeline/html/38900.html,Không tìm thấy đội cho hạng 1st.
38901,csgo,placements_unavailable_or_unapproved,placements,tournament_only,https://www.esportsearnings.com/tournaments/38901-faceit-pro-league-na-october-week-2-2019-csgo,sqlite_pipeline/html/38901.html,Không tìm thấy đội cho hạng 1st.
38961,csgo,prize_allocation_pending_review,placements,needs_review,https://www.esportsearnings.com/tournaments/38961-iem-season-xiv-beijing,sqlite_pipeline/html/38961.html,
39197,csgo,placements_unavailable_or_unapproved,placements,tournament_only,https://www.esportsearnings.com/tournaments/39197-spawn-point-cup-malta,batch_runs/csgo_resumable/html/39197.html,Đội bị trùng trong cùng giải.
39472,csgo,placements_unavailable_or_unapproved,placements,tournament_only,https://www.esportsearnings.com/tournaments/39472-faceit-pro-league-eu-november-2019-csgo,sqlite_pipeline/html/39472.html,Không tìm thấy đội cho hạng 1st.
39473,csgo,placements_unavailable_or_unapproved,placements,tournament_only,https://www.esportsearnings.com/tournaments/39473-faceit-pro-league-na-november-week-2-2019-csgo,sqlite_pipeline/html/39473.html,Không tìm thấy đội cho hạng 1st.
39474,csgo,placements_unavailable_or_unapproved,placements,tournament_only,https://www.esportsearnings.com/tournaments/39474-faceit-pro-league-na-november-week-3-2019-csgo,sqlite_pipeline/html/39474.html,Không tìm thấy đội cho hạng 1st.
39475,csgo,placements_unavailable_or_unapproved,placements,tournament_only,https://www.esportsearnings.com/tournaments/39475-faceit-pro-league-na-november-week-4-2019-csgo,sqlite_pipeline/html/39475.html,Không tìm thấy đội cho hạng 1st.
39476,csgo,placements_unavailable_or_unapproved,placements,tournament_only,https://www.esportsearnings.com/tournaments/39476-faceit-pro-league-na-november-week-1-2019-csgo,sqlite_pipeline/html/39476.html,Không tìm thấy đội cho hạng 1st.
39623,csgo,prize_allocation_pending_review,placements,needs_review,https://www.esportsearnings.com/tournaments/39623-cs-summit-5,sqlite_pipeline/html/39623.html,
39788,csgo,placements_unavailable_or_unapproved,placements,tournament_only,https://www.esportsearnings.com/tournaments/39788-faceit-pro-league-eu-december-2019-csgo,sqlite_pipeline/html/39788.html,Không tìm thấy đội cho hạng 1st.
39789,csgo,placements_unavailable_or_unapproved,placements,tournament_only,https://www.esportsearnings.com/tournaments/39789-faceit-pro-league-na-december-week-4-2019-csgo,sqlite_pipeline/html/39789.html,Không tìm thấy đội cho hạng 1st.
39790,csgo,placements_unavailable_or_unapproved,placements,tournament_only,https://www.esportsearnings.com/tournaments/39790-faceit-pro-league-na-december-week-1-2019-csgo,sqlite_pipeline/html/39790.html,Không tìm thấy đội cho hạng 1st.
39791,csgo,placements_unavailable_or_unapproved,placements,tournament_only,https://www.esportsearnings.com/tournaments/39791-faceit-pro-league-na-december-week-2-2019-csgo,sqlite_pipeline/html/39791.html,Không tìm thấy đội cho hạng 1st.
39792,csgo,placements_unavailable_or_unapproved,placements,tournament_only,https://www.esportsearnings.com/tournaments/39792-faceit-pro-league-na-december-week-3-2019-csgo,sqlite_pipeline/html/39792.html,Không tìm thấy đội cho hạng 1st.
39961,csgo,placements_unavailable_or_unapproved,placements,tournament_only,https://www.esportsearnings.com/tournaments/39961-esea-rank-s-eu-02-0402-10-2018,sqlite_pipeline/html/39961.html,Không tìm thấy đội cho hạng 1st.
39962,csgo,placements_unavailable_or_unapproved,placements,tournament_only,https://www.esportsearnings.com/tournaments/39962-esea-rank-s-eu-02-1102-17-2018,sqlite_pipeline/html/39962.html,Không tìm thấy đội cho hạng 1st.
39963,csgo,placements_unavailable_or_unapproved,placements,tournament_only,https://www.esportsearnings.com/tournaments/39963-esea-rank-s-eu-02-1802-24-2018,sqlite_pipeline/html/39963.html,Không tìm thấy đội cho hạng 1st.
39972,csgo,placements_unavailable_or_unapproved,placements,tournament_only,https://www.esportsearnings.com/tournaments/39972-esea-rank-s-eu-02-2503-03-2018,sqlite_pipeline/html/39972.html,Không tìm thấy đội cho hạng 1st.
39973,csgo,placements_unavailable_or_unapproved,placements,tournament_only,https://www.esportsearnings.com/tournaments/39973-esea-rank-s-eu-03-0403-10-2018,sqlite_pipeline/html/39973.html,Không tìm thấy đội cho hạng 1st.
39974,csgo,placements_unavailable_or_unapproved,placements,tournament_only,https://www.esportsearnings.com/tournaments/39974-esea-rank-s-eu-03-1103-17-2018,sqlite_pipeline/html/39974.html,Không tìm thấy đội cho hạng 1st.
39975,csgo,placements_unavailable_or_unapproved,placements,tournament_only,https://www.esportsearnings.com/tournaments/39975-esea-rank-s-eu-03-1803-24-2018,sqlite_pipeline/html/39975.html,Không tìm thấy đội cho hạng 1st.
39976,csgo,placements_unavailable_or_unapproved,placements,tournament_only,https://www.esportsearnings.com/tournaments/39976-esea-rank-s-eu-03-2503-31-2018,sqlite_pipeline/html/39976.html,Không tìm thấy đội cho hạng 1st.
39980,csgo,placements_unavailable_or_unapproved,placements,tournament_only,https://www.esportsearnings.com/tournaments/39980-esea-rank-s-eu-04-0104-07-2018,sqlite_pipeline/html/39980.html,Không tìm thấy đội cho hạng 1st.
39981,csgo,placements_unavailable_or_unapproved,placements,tournament_only,https://www.esportsearnings.com/tournaments/39981-esea-rank-s-eu-04-0804-14-2018,sqlite_pipeline/html/39981.html,Không tìm thấy đội cho hạng 1st.
39982,csgo,placements_unavailable_or_unapproved,placements,tournament_only,https://www.esportsearnings.com/tournaments/39982-esea-rank-s-eu-04-1504-21-2018,sqlite_pipeline/html/39982.html,Không tìm thấy đội cho hạng 1st.
39984,csgo,placements_unavailable_or_unapproved,placements,tournament_only,https://www.esportsearnings.com/tournaments/39984-esea-rank-s-eu-04-2204-28-2018,sqlite_pipeline/html/39984.html,Không tìm thấy đội cho hạng 1st.
39992,csgo,placements_unavailable_or_unapproved,placements,tournament_only,https://www.esportsearnings.com/tournaments/39992-esea-rank-s-eu-04-2905-05-2018,sqlite_pipeline/html/39992.html,Không tìm thấy đội cho hạng 1st.
40016,csgo,placements_unavailable_or_unapproved,placements,tournament_only,https://www.esportsearnings.com/tournaments/40016-esea-rank-s-eu-05-0605-12-2018,sqlite_pipeline/html/40016.html,Không tìm thấy đội cho hạng 1st.
40024,csgo,placements_unavailable_or_unapproved,placements,tournament_only,https://www.esportsearnings.com/tournaments/40024-esea-rank-s-eu-05-1305-19-2018,sqlite_pipeline/html/40024.html,Không tìm thấy đội cho hạng 1st.
40025,csgo,placements_unavailable_or_unapproved,placements,tournament_only,https://www.esportsearnings.com/tournaments/40025-esea-rank-s-eu-05-2005-26-2018,sqlite_pipeline/html/40025.html,Không tìm thấy đội cho hạng 1st.
40026,csgo,placements_unavailable_or_unapproved,placements,tournament_only,https://www.esportsearnings.com/tournaments/40026-esea-rank-s-eu-05-2706-02-2018,sqlite_pipeline/html/40026.html,Không tìm thấy đội cho hạng 1st.
40028,csgo,placements_unavailable_or_unapproved,placements,tournament_only,https://www.esportsearnings.com/tournaments/40028-esea-rank-s-eu-06-0306-09-2018,sqlite_pipeline/html/40028.html,Không tìm thấy đội cho hạng 1st.
40029,csgo,placements_unavailable_or_unapproved,placements,tournament_only,https://www.esportsearnings.com/tournaments/40029-esea-rank-s-eu-06-1006-16-2018,sqlite_pipeline/html/40029.html,Không tìm thấy đội cho hạng 1st.
40030,csgo,placements_unavailable_or_unapproved,placements,tournament_only,https://www.esportsearnings.com/tournaments/40030-esea-rank-s-eu-06-1706-23-2018,sqlite_pipeline/html/40030.html,Không tìm thấy đội cho hạng 1st.
40031,csgo,placements_unavailable_or_unapproved,placements,tournament_only,https://www.esportsearnings.com/tournaments/40031-esea-rank-s-eu-06-2406-30-2018,sqlite_pipeline/html/40031.html,Không tìm thấy đội cho hạng 1st.
40032,csgo,placements_unavailable_or_unapproved,placements,tournament_only,https://www.esportsearnings.com/tournaments/40032-esea-rank-s-eu-07-0107-07-2018,sqlite_pipeline/html/40032.html,Không tìm thấy đội cho hạng 1st.
40034,csgo,placements_unavailable_or_unapproved,placements,tournament_only,https://www.esportsearnings.com/tournaments/40034-esea-rank-s-eu-07-0807-14-2018,sqlite_pipeline/html/40034.html,Không tìm thấy đội cho hạng 1st.
40042,csgo,placements_unavailable_or_unapproved,placements,tournament_only,https://www.esportsearnings.com/tournaments/40042-esea-rank-s-eu-07-1507-21-2018,sqlite_pipeline/html/40042.html,Không tìm thấy đội cho hạng 1st.
40043,csgo,placements_unavailable_or_unapproved,placements,tournament_only,https://www.esportsearnings.com/tournaments/40043-esea-rank-s-eu-07-2207-28-2018,sqlite_pipeline/html/40043.html,Không tìm thấy đội cho hạng 1st.
40044,csgo,placements_unavailable_or_unapproved,placements,tournament_only,https://www.esportsearnings.com/tournaments/40044-esea-rank-s-eu-07-2908-04-2018,sqlite_pipeline/html/40044.html,Không tìm thấy đội cho hạng 1st.
40049,csgo,placements_unavailable_or_unapproved,placements,tournament_only,https://www.esportsearnings.com/tournaments/40049-esea-rank-s-eu-08-0508-11-2018,sqlite_pipeline/html/40049.html,Không tìm thấy đội cho hạng 1st.
40050,csgo,placements_unavailable_or_unapproved,placements,tournament_only,https://www.esportsearnings.com/tournaments/40050-esea-rank-s-eu-08-1208-18-2018,sqlite_pipeline/html/40050.html,Không tìm thấy đội cho hạng 1st.
40051,csgo,placements_unavailable_or_unapproved,placements,tournament_only,https://www.esportsearnings.com/tournaments/40051-esea-rank-s-eu-08-1908-25-2018,sqlite_pipeline/html/40051.html,Không tìm thấy đội cho hạng 1st.
40052,csgo,placements_unavailable_or_unapproved,placements,tournament_only,https://www.esportsearnings.com/tournaments/40052-esea-rank-s-eu-08-2609-01-2018,sqlite_pipeline/html/40052.html,Không tìm thấy đội cho hạng 1st.
40053,csgo,placements_unavailable_or_unapproved,placements,tournament_only,https://www.esportsearnings.com/tournaments/40053-esea-rank-s-eu-09-0209-08-2018,sqlite_pipeline/html/40053.html,Không tìm thấy đội cho hạng 1st.
40054,csgo,placements_unavailable_or_unapproved,placements,tournament_only,https://www.esportsearnings.com/tournaments/40054-esea-rank-s-eu-09-0909-15-2018,sqlite_pipeline/html/40054.html,Không tìm thấy đội cho hạng 1st.
40055,csgo,placements_unavailable_or_unapproved,placements,tournament_only,https://www.esportsearnings.com/tournaments/40055-esea-rank-s-eu-09-1609-22-2018,sqlite_pipeline/html/40055.html,Không tìm thấy đội cho hạng 1st.
40061,csgo,placements_unavailable_or_unapproved,placements,tournament_only,https://www.esportsearnings.com/tournaments/40061-esea-rank-s-eu-09-2309-29-2018,sqlite_pipeline/html/40061.html,Không tìm thấy đội cho hạng 1st.
40089,csgo,placements_unavailable_or_unapproved,placements,tournament_only,https://www.esportsearnings.com/tournaments/40089-esea-rank-s-na-10-31-2018,sqlite_pipeline/html/40089.html,Không tìm thấy đội cho hạng 1st.
40090,csgo,placements_unavailable_or_unapproved,placements,tournament_only,https://www.esportsearnings.com/tournaments/40090-esea-rank-s-na-11-01-2018,sqlite_pipeline/html/40090.html,Không tìm thấy đội cho hạng 1st.
40091,csgo,placements_unavailable_or_unapproved,placements,tournament_only,https://www.esportsearnings.com/tournaments/40091-esea-rank-s-na-11-02-2018,sqlite_pipeline/html/40091.html,Không tìm thấy đội cho hạng 1st.
40092,csgo,placements_unavailable_or_unapproved,placements,tournament_only,https://www.esportsearnings.com/tournaments/40092-esea-rank-s-na-11-03-2018,sqlite_pipeline/html/40092.html,Không tìm thấy đội cho hạng 1st.
40093,csgo,placements_unavailable_or_unapproved,placements,tournament_only,https://www.esportsearnings.com/tournaments/40093-esea-rank-s-na-11-04-2018,sqlite_pipeline/html/40093.html,Không tìm thấy đội cho hạng 1st.
40094,csgo,placements_unavailable_or_unapproved,placements,tournament_only,https://www.esportsearnings.com/tournaments/40094-esea-rank-s-na-11-05-2018,sqlite_pipeline/html/40094.html,Không tìm thấy đội cho hạng 1st.
40095,csgo,placements_unavailable_or_unapproved,placements,tournament_only,https://www.esportsearnings.com/tournaments/40095-esea-rank-s-na-11-06-2018,sqlite_pipeline/html/40095.html,Không tìm thấy đội cho hạng 1st.
40096,csgo,placements_unavailable_or_unapproved,placements,tournament_only,https://www.esportsearnings.com/tournaments/40096-esea-rank-s-na-11-07-2018,sqlite_pipeline/html/40096.html,Không tìm thấy đội cho hạng 1st.
40097,csgo,placements_unavailable_or_unapproved,placements,tournament_only,https://www.esportsearnings.com/tournaments/40097-esea-rank-s-na-11-08-2018,sqlite_pipeline/html/40097.html,Không tìm thấy đội cho hạng 1st.
40098,csgo,placements_unavailable_or_unapproved,placements,tournament_only,https://www.esportsearnings.com/tournaments/40098-esea-rank-s-na-11-09-2018,sqlite_pipeline/html/40098.html,Không tìm thấy đội cho hạng 1st.
40099,csgo,placements_unavailable_or_unapproved,placements,tournament_only,https://www.esportsearnings.com/tournaments/40099-esea-rank-s-na-11-10-2018,sqlite_pipeline/html/40099.html,Không tìm thấy đội cho hạng 1st.
40100,csgo,placements_unavailable_or_unapproved,placements,tournament_only,https://www.esportsearnings.com/tournaments/40100-esea-rank-s-na-11-11-2018,sqlite_pipeline/html/40100.html,Không tìm thấy đội cho hạng 1st.
40101,csgo,placements_unavailable_or_unapproved,placements,tournament_only,https://www.esportsearnings.com/tournaments/40101-esea-rank-s-na-11-12-2018,sqlite_pipeline/html/40101.html,Không tìm thấy đội cho hạng 1st.
40102,csgo,placements_unavailable_or_unapproved,placements,tournament_only,https://www.esportsearnings.com/tournaments/40102-esea-rank-s-na-11-13-2018,sqlite_pipeline/html/40102.html,Không tìm thấy đội cho hạng 1st.
40103,csgo,placements_unavailable_or_unapproved,placements,tournament_only,https://www.esportsearnings.com/tournaments/40103-esea-rank-s-na-11-14-2018,sqlite_pipeline/html/40103.html,Không tìm thấy đội cho hạng 1st.
40104,csgo,placements_unavailable_or_unapproved,placements,tournament_only,https://www.esportsearnings.com/tournaments/40104-esea-rank-s-na-11-15-2018,sqlite_pipeline/html/40104.html,Không tìm thấy đội cho hạng 1st.
40105,csgo,placements_unavailable_or_unapproved,placements,tournament_only,https://www.esportsearnings.com/tournaments/40105-esea-rank-s-na-11-16-2018,sqlite_pipeline/html/40105.html,Không tìm thấy đội cho hạng 1st.
40106,csgo,placements_unavailable_or_unapproved,placements,tournament_only,https://www.esportsearnings.com/tournaments/40106-esea-rank-s-na-11-17-2018,sqlite_pipeline/html/40106.html,Không tìm thấy đội cho hạng 1st.
40107,csgo,placements_unavailable_or_unapproved,placements,tournament_only,https://www.esportsearnings.com/tournaments/40107-esea-rank-s-na-11-18-2018,sqlite_pipeline/html/40107.html,Không tìm thấy đội cho hạng 1st.
40108,csgo,placements_unavailable_or_unapproved,placements,tournament_only,https://www.esportsearnings.com/tournaments/40108-esea-rank-s-na-11-19-2018,sqlite_pipeline/html/40108.html,Không tìm thấy đội cho hạng 1st.
40109,csgo,placements_unavailable_or_unapproved,placements,tournament_only,https://www.esportsearnings.com/tournaments/40109-esea-rank-s-na-11-20-2018,sqlite_pipeline/html/40109.html,Không tìm thấy đội cho hạng 1st.
40110,csgo,placements_unavailable_or_unapproved,placements,tournament_only,https://www.esportsearnings.com/tournaments/40110-esea-rank-s-na-11-21-2018,sqlite_pipeline/html/40110.html,Không tìm thấy đội cho hạng 1st.
40111,csgo,placements_unavailable_or_unapproved,placements,tournament_only,https://www.esportsearnings.com/tournaments/40111-esea-rank-s-na-11-22-2018,sqlite_pipeline/html/40111.html,Không tìm thấy đội cho hạng 1st.
40112,csgo,placements_unavailable_or_unapproved,placements,tournament_only,https://www.esportsearnings.com/tournaments/40112-esea-rank-s-na-11-23-2018,sqlite_pipeline/html/40112.html,Không tìm thấy đội cho hạng 1st.
40113,csgo,placements_unavailable_or_unapproved,placements,tournament_only,https://www.esportsearnings.com/tournaments/40113-esea-rank-s-na-11-24-2018,sqlite_pipeline/html/40113.html,Không tìm thấy đội cho hạng 1st.
40114,csgo,placements_unavailable_or_unapproved,placements,tournament_only,https://www.esportsearnings.com/tournaments/40114-esea-rank-s-na-11-25-2018,sqlite_pipeline/html/40114.html,Không tìm thấy đội cho hạng 1st.
40115,csgo,placements_unavailable_or_unapproved,placements,tournament_only,https://www.esportsearnings.com/tournaments/40115-esea-rank-s-na-11-26-2018,sqlite_pipeline/html/40115.html,Không tìm thấy đội cho hạng 1st.
40116,csgo,placements_unavailable_or_unapproved,placements,tournament_only,https://www.esportsearnings.com/tournaments/40116-esea-rank-s-na-11-27-2018,sqlite_pipeline/html/40116.html,Không tìm thấy đội cho hạng 1st.
40117,csgo,placements_unavailable_or_unapproved,placements,tournament_only,https://www.esportsearnings.com/tournaments/40117-esea-rank-s-na-11-28-2018,sqlite_pipeline/html/40117.html,Không tìm thấy đội cho hạng 1st.
40118,csgo,placements_unavailable_or_unapproved,placements,tournament_only,https://www.esportsearnings.com/tournaments/40118-esea-rank-s-na-11-29-2018,sqlite_pipeline/html/40118.html,Không tìm thấy đội cho hạng 1st.
40119,csgo,placements_unavailable_or_unapproved,placements,tournament_only,https://www.esportsearnings.com/tournaments/40119-esea-rank-s-na-11-30-2018,sqlite_pipeline/html/40119.html,Không tìm thấy đội cho hạng 1st.
40120,csgo,placements_unavailable_or_unapproved,placements,tournament_only,https://www.esportsearnings.com/tournaments/40120-esea-rank-s-na-12-01-2018,sqlite_pipeline/html/40120.html,Không tìm thấy đội cho hạng 1st.
40121,csgo,placements_unavailable_or_unapproved,placements,tournament_only,https://www.esportsearnings.com/tournaments/40121-esea-rank-s-na-12-02-2018,sqlite_pipeline/html/40121.html,Không tìm thấy đội cho hạng 1st.
40122,csgo,placements_unavailable_or_unapproved,placements,tournament_only,https://www.esportsearnings.com/tournaments/40122-esea-rank-s-na-12-03-2018,sqlite_pipeline/html/40122.html,Không tìm thấy đội cho hạng 1st.
40123,csgo,placements_unavailable_or_unapproved,placements,tournament_only,https://www.esportsearnings.com/tournaments/40123-esea-rank-s-na-12-04-2018,sqlite_pipeline/html/40123.html,Không tìm thấy đội cho hạng 1st.
40124,csgo,placements_unavailable_or_unapproved,placements,tournament_only,https://www.esportsearnings.com/tournaments/40124-esea-rank-s-na-12-05-2018,sqlite_pipeline/html/40124.html,Không tìm thấy đội cho hạng 1st.
40125,csgo,placements_unavailable_or_unapproved,placements,tournament_only,https://www.esportsearnings.com/tournaments/40125-esea-rank-s-na-12-06-2018,sqlite_pipeline/html/40125.html,Không tìm thấy đội cho hạng 1st.
40126,csgo,placements_unavailable_or_unapproved,placements,tournament_only,https://www.esportsearnings.com/tournaments/40126-esea-rank-s-na-12-07-2018,sqlite_pipeline/html/40126.html,Không tìm thấy đội cho hạng 1st.
40127,csgo,placements_unavailable_or_unapproved,placements,tournament_only,https://www.esportsearnings.com/tournaments/40127-esea-rank-s-na-12-08-2018,sqlite_pipeline/html/40127.html,Không tìm thấy đội cho hạng 1st.
40128,csgo,placements_unavailable_or_unapproved,placements,tournament_only,https://www.esportsearnings.com/tournaments/40128-esea-rank-s-na-12-09-2018,sqlite_pipeline/html/40128.html,Không tìm thấy đội cho hạng 1st.
40129,csgo,placements_unavailable_or_unapproved,placements,tournament_only,https://www.esportsearnings.com/tournaments/40129-esea-rank-s-na-12-10-2018,sqlite_pipeline/html/40129.html,Không tìm thấy đội cho hạng 1st.
40130,csgo,placements_unavailable_or_unapproved,placements,tournament_only,https://www.esportsearnings.com/tournaments/40130-esea-rank-s-na-12-11-2018,sqlite_pipeline/html/40130.html,Không tìm thấy đội cho hạng 1st.
40131,csgo,placements_unavailable_or_unapproved,placements,tournament_only,https://www.esportsearnings.com/tournaments/40131-esea-rank-s-na-12-12-2018,sqlite_pipeline/html/40131.html,Không tìm thấy đội cho hạng 1st.
40132,csgo,placements_unavailable_or_unapproved,placements,tournament_only,https://www.esportsearnings.com/tournaments/40132-esea-rank-s-na-12-13-2018,sqlite_pipeline/html/40132.html,Không tìm thấy đội cho hạng 1st.
40133,csgo,placements_unavailable_or_unapproved,placements,tournament_only,https://www.esportsearnings.com/tournaments/40133-esea-rank-s-na-12-14-2018,sqlite_pipeline/html/40133.html,Không tìm thấy đội cho hạng 1st.
40134,csgo,placements_unavailable_or_unapproved,placements,tournament_only,https://www.esportsearnings.com/tournaments/40134-esea-rank-s-na-12-15-2018,sqlite_pipeline/html/40134.html,Không tìm thấy đội cho hạng 1st.
40135,csgo,placements_unavailable_or_unapproved,placements,tournament_only,https://www.esportsearnings.com/tournaments/40135-esea-rank-s-na-12-16-2018,sqlite_pipeline/html/40135.html,Không tìm thấy đội cho hạng 1st.
40138,csgo,placements_unavailable_or_unapproved,placements,tournament_only,https://www.esportsearnings.com/tournaments/40138-esea-rank-s-na-12-17-2018,sqlite_pipeline/html/40138.html,Không tìm thấy đội cho hạng 1st.
40139,csgo,placements_unavailable_or_unapproved,placements,tournament_only,https://www.esportsearnings.com/tournaments/40139-esea-rank-s-na-12-18-2018,sqlite_pipeline/html/40139.html,Không tìm thấy đội cho hạng 1st.
40140,csgo,placements_unavailable_or_unapproved,placements,tournament_only,https://www.esportsearnings.com/tournaments/40140-esea-rank-s-na-12-19-2018,sqlite_pipeline/html/40140.html,Không tìm thấy đội cho hạng 1st.
40141,csgo,placements_unavailable_or_unapproved,placements,tournament_only,https://www.esportsearnings.com/tournaments/40141-esea-rank-s-na-12-20-2018,sqlite_pipeline/html/40141.html,Không tìm thấy đội cho hạng 1st.
40142,csgo,placements_unavailable_or_unapproved,placements,tournament_only,https://www.esportsearnings.com/tournaments/40142-esea-rank-s-na-12-21-2018,sqlite_pipeline/html/40142.html,Không tìm thấy đội cho hạng 1st.
40143,csgo,placements_unavailable_or_unapproved,placements,tournament_only,https://www.esportsearnings.com/tournaments/40143-esea-rank-s-na-12-22-2018,sqlite_pipeline/html/40143.html,Không tìm thấy đội cho hạng 1st.
40144,csgo,placements_unavailable_or_unapproved,placements,tournament_only,https://www.esportsearnings.com/tournaments/40144-esea-rank-s-na-12-23-2018,sqlite_pipeline/html/40144.html,Không tìm thấy đội cho hạng 1st.
40145,csgo,placements_unavailable_or_unapproved,placements,tournament_only,https://www.esportsearnings.com/tournaments/40145-esea-rank-s-na-12-24-2018,sqlite_pipeline/html/40145.html,Không tìm thấy đội cho hạng 1st.
40146,csgo,placements_unavailable_or_unapproved,placements,tournament_only,https://www.esportsearnings.com/tournaments/40146-esea-rank-s-na-12-25-2018,sqlite_pipeline/html/40146.html,Không tìm thấy đội cho hạng 1st.
40147,csgo,placements_unavailable_or_unapproved,placements,tournament_only,https://www.esportsearnings.com/tournaments/40147-esea-rank-s-na-12-26-2018,sqlite_pipeline/html/40147.html,Không tìm thấy đội cho hạng 1st.
40148,csgo,placements_unavailable_or_unapproved,placements,tournament_only,https://www.esportsearnings.com/tournaments/40148-esea-rank-s-na-12-27-2018,sqlite_pipeline/html/40148.html,Không tìm thấy đội cho hạng 1st.
40149,csgo,placements_unavailable_or_unapproved,placements,tournament_only,https://www.esportsearnings.com/tournaments/40149-esea-rank-s-na-12-28-2018,sqlite_pipeline/html/40149.html,Không tìm thấy đội cho hạng 1st.
40150,csgo,placements_unavailable_or_unapproved,placements,tournament_only,https://www.esportsearnings.com/tournaments/40150-esea-rank-s-na-12-29-2018,sqlite_pipeline/html/40150.html,Không tìm thấy đội cho hạng 1st.
40151,csgo,placements_unavailable_or_unapproved,placements,tournament_only,https://www.esportsearnings.com/tournaments/40151-esea-rank-s-na-12-30-2018,sqlite_pipeline/html/40151.html,Không tìm thấy đội cho hạng 1st.
40152,csgo,placements_unavailable_or_unapproved,placements,tournament_only,https://www.esportsearnings.com/tournaments/40152-esea-rank-s-na-12-31-2018,sqlite_pipeline/html/40152.html,Không tìm thấy đội cho hạng 1st.
40153,csgo,placements_unavailable_or_unapproved,placements,tournament_only,https://www.esportsearnings.com/tournaments/40153-esea-rank-s-na-01-01-2019,sqlite_pipeline/html/40153.html,Không tìm thấy đội cho hạng 1st.
40154,csgo,placements_unavailable_or_unapproved,placements,tournament_only,https://www.esportsearnings.com/tournaments/40154-esea-rank-s-na-01-02-2019,sqlite_pipeline/html/40154.html,Không tìm thấy đội cho hạng 1st.
40155,csgo,placements_unavailable_or_unapproved,placements,tournament_only,https://www.esportsearnings.com/tournaments/40155-esea-rank-s-na-01-03-2019,sqlite_pipeline/html/40155.html,Không tìm thấy đội cho hạng 1st.
40156,csgo,placements_unavailable_or_unapproved,placements,tournament_only,https://www.esportsearnings.com/tournaments/40156-esea-rank-s-na-01-04-2019,sqlite_pipeline/html/40156.html,Không tìm thấy đội cho hạng 1st.
40157,csgo,placements_unavailable_or_unapproved,placements,tournament_only,https://www.esportsearnings.com/tournaments/40157-esea-rank-s-na-01-05-2019,sqlite_pipeline/html/40157.html,Không tìm thấy đội cho hạng 1st.
40158,csgo,placements_unavailable_or_unapproved,placements,tournament_only,https://www.esportsearnings.com/tournaments/40158-esea-rank-s-na-01-06-2019,sqlite_pipeline/html/40158.html,Không tìm thấy đội cho hạng 1st.
40159,csgo,placements_unavailable_or_unapproved,placements,tournament_only,https://www.esportsearnings.com/tournaments/40159-esea-rank-s-na-01-07-2019,sqlite_pipeline/html/40159.html,Không tìm thấy đội cho hạng 1st.
40160,csgo,placements_unavailable_or_unapproved,placements,tournament_only,https://www.esportsearnings.com/tournaments/40160-esea-rank-s-na-01-08-2019,sqlite_pipeline/html/40160.html,Không tìm thấy đội cho hạng 1st.
40165,csgo,placements_unavailable_or_unapproved,placements,tournament_only,https://www.esportsearnings.com/tournaments/40165-esea-rank-s-na-01-09-2019,sqlite_pipeline/html/40165.html,Không tìm thấy đội cho hạng 1st.
40166,csgo,placements_unavailable_or_unapproved,placements,tournament_only,https://www.esportsearnings.com/tournaments/40166-esea-rank-s-na-01-10-2019,sqlite_pipeline/html/40166.html,Không tìm thấy đội cho hạng 1st.
40168,csgo,placements_unavailable_or_unapproved,placements,tournament_only,https://www.esportsearnings.com/tournaments/40168-esea-rank-s-na-01-11-2019,sqlite_pipeline/html/40168.html,Không tìm thấy đội cho hạng 1st.
40169,csgo,placements_unavailable_or_unapproved,placements,tournament_only,https://www.esportsearnings.com/tournaments/40169-esea-rank-s-na-01-12-2019,sqlite_pipeline/html/40169.html,Không tìm thấy đội cho hạng 1st.
40170,csgo,placements_unavailable_or_unapproved,placements,tournament_only,https://www.esportsearnings.com/tournaments/40170-esea-rank-s-na-01-13-2019,sqlite_pipeline/html/40170.html,Không tìm thấy đội cho hạng 1st.
40171,csgo,placements_unavailable_or_unapproved,placements,tournament_only,https://www.esportsearnings.com/tournaments/40171-esea-rank-s-na-01-14-2019,sqlite_pipeline/html/40171.html,Không tìm thấy đội cho hạng 1st.
40172,csgo,placements_unavailable_or_unapproved,placements,tournament_only,https://www.esportsearnings.com/tournaments/40172-esea-rank-s-na-01-15-2019,sqlite_pipeline/html/40172.html,Không tìm thấy đội cho hạng 1st.
40173,csgo,placements_unavailable_or_unapproved,placements,tournament_only,https://www.esportsearnings.com/tournaments/40173-esea-rank-s-na-01-16-2019,sqlite_pipeline/html/40173.html,Không tìm thấy đội cho hạng 1st.
40174,csgo,placements_unavailable_or_unapproved,placements,tournament_only,https://www.esportsearnings.com/tournaments/40174-esea-rank-s-na-01-17-2019,sqlite_pipeline/html/40174.html,Không tìm thấy đội cho hạng 1st.
40175,csgo,placements_unavailable_or_unapproved,placements,tournament_only,https://www.esportsearnings.com/tournaments/40175-esea-rank-s-na-01-18-2019,sqlite_pipeline/html/40175.html,Không tìm thấy đội cho hạng 1st.
40185,csgo,placements_unavailable_or_unapproved,placements,tournament_only,https://www.esportsearnings.com/tournaments/40185-esea-rank-s-na-01-19-2019,sqlite_pipeline/html/40185.html,Không tìm thấy đội cho hạng 1st.
40186,csgo,placements_unavailable_or_unapproved,placements,tournament_only,https://www.esportsearnings.com/tournaments/40186-esea-rank-s-na-01-20-2019,sqlite_pipeline/html/40186.html,Không tìm thấy đội cho hạng 1st.
40187,csgo,placements_unavailable_or_unapproved,placements,tournament_only,https://www.esportsearnings.com/tournaments/40187-esea-rank-s-na-01-21-2019,sqlite_pipeline/html/40187.html,Không tìm thấy đội cho hạng 1st.
40188,csgo,placements_unavailable_or_unapproved,placements,tournament_only,https://www.esportsearnings.com/tournaments/40188-esea-rank-s-na-01-22-2019,sqlite_pipeline/html/40188.html,Không tìm thấy đội cho hạng 1st.
40189,csgo,placements_unavailable_or_unapproved,placements,tournament_only,https://www.esportsearnings.com/tournaments/40189-esea-rank-s-na-01-23-2019,sqlite_pipeline/html/40189.html,Không tìm thấy đội cho hạng 1st.
40190,csgo,placements_unavailable_or_unapproved,placements,tournament_only,https://www.esportsearnings.com/tournaments/40190-esea-rank-s-na-01-24-2019,sqlite_pipeline/html/40190.html,Không tìm thấy đội cho hạng 1st.
40191,csgo,placements_unavailable_or_unapproved,placements,tournament_only,https://www.esportsearnings.com/tournaments/40191-esea-rank-s-na-01-25-2019,sqlite_pipeline/html/40191.html,Không tìm thấy đội cho hạng 1st.
40192,csgo,placements_unavailable_or_unapproved,placements,tournament_only,https://www.esportsearnings.com/tournaments/40192-esea-rank-s-na-01-26-2019,sqlite_pipeline/html/40192.html,Không tìm thấy đội cho hạng 1st.
40193,csgo,placements_unavailable_or_unapproved,placements,tournament_only,https://www.esportsearnings.com/tournaments/40193-esea-rank-s-na-01-27-2019,sqlite_pipeline/html/40193.html,Không tìm thấy đội cho hạng 1st.
40194,csgo,placements_unavailable_or_unapproved,placements,tournament_only,https://www.esportsearnings.com/tournaments/40194-esea-rank-s-na-01-28-2019,sqlite_pipeline/html/40194.html,Không tìm thấy đội cho hạng 1st.
40195,csgo,placements_unavailable_or_unapproved,placements,tournament_only,https://www.esportsearnings.com/tournaments/40195-esea-rank-s-na-01-29-2019,sqlite_pipeline/html/40195.html,Không tìm thấy đội cho hạng 1st.
40196,csgo,placements_unavailable_or_unapproved,placements,tournament_only,https://www.esportsearnings.com/tournaments/40196-esea-rank-s-na-01-30-2019,sqlite_pipeline/html/40196.html,Không tìm thấy đội cho hạng 1st.
40197,csgo,placements_unavailable_or_unapproved,placements,tournament_only,https://www.esportsearnings.com/tournaments/40197-esea-rank-s-na-01-31-2019,sqlite_pipeline/html/40197.html,Không tìm thấy đội cho hạng 1st.
40198,csgo,placements_unavailable_or_unapproved,placements,tournament_only,https://www.esportsearnings.com/tournaments/40198-esea-rank-s-na-02-01-2019,sqlite_pipeline/html/40198.html,Không tìm thấy đội cho hạng 1st.
40199,csgo,placements_unavailable_or_unapproved,placements,tournament_only,https://www.esportsearnings.com/tournaments/40199-esea-rank-s-na-02-02-2019,sqlite_pipeline/html/40199.html,Không tìm thấy đội cho hạng 1st.
40200,csgo,placements_unavailable_or_unapproved,placements,tournament_only,https://www.esportsearnings.com/tournaments/40200-esea-rank-s-na-02-03-2019,sqlite_pipeline/html/40200.html,Không tìm thấy đội cho hạng 1st.
40201,csgo,placements_unavailable_or_unapproved,placements,tournament_only,https://www.esportsearnings.com/tournaments/40201-esea-rank-s-na-02-04-2019,sqlite_pipeline/html/40201.html,Không tìm thấy đội cho hạng 1st.
40211,csgo,placements_unavailable_or_unapproved,placements,tournament_only,https://www.esportsearnings.com/tournaments/40211-esea-rank-g-eu-10-2811-03-2018,sqlite_pipeline/html/40211.html,Không tìm thấy đội cho hạng 1st.
40212,csgo,placements_unavailable_or_unapproved,placements,tournament_only,https://www.esportsearnings.com/tournaments/40212-esea-rank-g-eu-11-0411-10-2018,sqlite_pipeline/html/40212.html,Không tìm thấy đội cho hạng 1st.
40213,csgo,placements_unavailable_or_unapproved,placements,tournament_only,https://www.esportsearnings.com/tournaments/40213-esea-rank-g-eu-11-1111-17-2018,sqlite_pipeline/html/40213.html,Không tìm thấy đội cho hạng 1st.
40214,csgo,placements_unavailable_or_unapproved,placements,tournament_only,https://www.esportsearnings.com/tournaments/40214-esea-rank-g-eu-11-1811-24-2018,sqlite_pipeline/html/40214.html,Không tìm thấy đội cho hạng 1st.
40218,csgo,placements_unavailable_or_unapproved,placements,tournament_only,https://www.esportsearnings.com/tournaments/40218-esea-rank-g-eu-11-2512-01-2018,sqlite_pipeline/html/40218.html,Không tìm thấy đội cho hạng 1st.
40219,csgo,placements_unavailable_or_unapproved,placements,tournament_only,https://www.esportsearnings.com/tournaments/40219-esea-rank-g-eu-12-0212-08-2018,sqlite_pipeline/html/40219.html,Không tìm thấy đội cho hạng 1st.
40220,csgo,placements_unavailable_or_unapproved,placements,tournament_only,https://www.esportsearnings.com/tournaments/40220-esea-rank-g-eu-12-0912-15-2018,sqlite_pipeline/html/40220.html,Không tìm thấy đội cho hạng 1st.
40221,csgo,placements_unavailable_or_unapproved,placements,tournament_only,https://www.esportsearnings.com/tournaments/40221-esea-rank-g-eu-12-1612-22-2018,sqlite_pipeline/html/40221.html,Không tìm thấy đội cho hạng 1st.
40222,csgo,placements_unavailable_or_unapproved,placements,tournament_only,https://www.esportsearnings.com/tournaments/40222-esea-rank-g-eu-12-2312-29-2018,sqlite_pipeline/html/40222.html,Không tìm thấy đội cho hạng 1st.
40223,csgo,placements_unavailable_or_unapproved,placements,tournament_only,https://www.esportsearnings.com/tournaments/40223-esea-rank-g-eu-12-3001-05-2019,sqlite_pipeline/html/40223.html,Không tìm thấy đội cho hạng 1st.
40224,csgo,placements_unavailable_or_unapproved,placements,tournament_only,https://www.esportsearnings.com/tournaments/40224-esea-rank-g-eu-01-0601-012-2019,sqlite_pipeline/html/40224.html,Không tìm thấy đội cho hạng 1st.
40225,csgo,placements_unavailable_or_unapproved,placements,tournament_only,https://www.esportsearnings.com/tournaments/40225-esea-rank-g-eu-01-1301-19-2019,sqlite_pipeline/html/40225.html,Không tìm thấy đội cho hạng 1st.
40226,csgo,placements_unavailable_or_unapproved,placements,tournament_only,https://www.esportsearnings.com/tournaments/40226-esea-rank-g-eu-01-2001-27-2019,sqlite_pipeline/html/40226.html,Không tìm thấy đội cho hạng 1st.
40227,csgo,placements_unavailable_or_unapproved,placements,tournament_only,https://www.esportsearnings.com/tournaments/40227-esea-rank-g-eu-01-2702-03-2019,sqlite_pipeline/html/40227.html,Không tìm thấy đội cho hạng 1st.
40228,csgo,placements_unavailable_or_unapproved,placements,tournament_only,https://www.esportsearnings.com/tournaments/40228-esea-rank-g-eu-02-0302-10-2019,sqlite_pipeline/html/40228.html,Không tìm thấy đội cho hạng 1st.
40229,csgo,placements_unavailable_or_unapproved,placements,tournament_only,https://www.esportsearnings.com/tournaments/40229-esea-rank-g-eu-02-1002-17-2019,sqlite_pipeline/html/40229.html,Không tìm thấy đội cho hạng 1st.
40230,csgo,placements_unavailable_or_unapproved,placements,tournament_only,https://www.esportsearnings.com/tournaments/40230-esea-rank-g-eu-02-1702-24-2019,sqlite_pipeline/html/40230.html,Không tìm thấy đội cho hạng 1st.
40231,csgo,placements_unavailable_or_unapproved,placements,tournament_only,https://www.esportsearnings.com/tournaments/40231-esea-rank-g-eu-02-2403-03-2019,sqlite_pipeline/html/40231.html,Không tìm thấy đội cho hạng 1st.
40233,csgo,placements_unavailable_or_unapproved,placements,tournament_only,https://www.esportsearnings.com/tournaments/40233-esea-rank-g-eu-03-0303-10-2019,sqlite_pipeline/html/40233.html,Không tìm thấy đội cho hạng 1st.
40234,csgo,placements_unavailable_or_unapproved,placements,tournament_only,https://www.esportsearnings.com/tournaments/40234-esea-rank-g-eu-03-1003-17-2019,sqlite_pipeline/html/40234.html,Không tìm thấy đội cho hạng 1st.
40235,csgo,placements_unavailable_or_unapproved,placements,tournament_only,https://www.esportsearnings.com/tournaments/40235-esea-rank-g-eu-03-1703-24-2019,sqlite_pipeline/html/40235.html,Không tìm thấy đội cho hạng 1st.
40236,csgo,placements_unavailable_or_unapproved,placements,tournament_only,https://www.esportsearnings.com/tournaments/40236-esea-rank-g-eu-03-2403-31-2019,sqlite_pipeline/html/40236.html,Không tìm thấy đội cho hạng 1st.
40237,csgo,placements_unavailable_or_unapproved,placements,tournament_only,https://www.esportsearnings.com/tournaments/40237-esea-rank-g-eu-03-3104-07-2019,sqlite_pipeline/html/40237.html,Không tìm thấy đội cho hạng 1st.
40238,csgo,placements_unavailable_or_unapproved,placements,tournament_only,https://www.esportsearnings.com/tournaments/40238-esea-rank-g-eu-04-0704-14-2019,sqlite_pipeline/html/40238.html,Không tìm thấy đội cho hạng 1st.
40239,csgo,placements_unavailable_or_unapproved,placements,tournament_only,https://www.esportsearnings.com/tournaments/40239-esea-rank-g-eu-04-1404-21-2019,sqlite_pipeline/html/40239.html,Không tìm thấy đội cho hạng 1st.
40240,csgo,placements_unavailable_or_unapproved,placements,tournament_only,https://www.esportsearnings.com/tournaments/40240-esea-rank-g-eu-04-2104-28-2019,sqlite_pipeline/html/40240.html,Không tìm thấy đội cho hạng 1st.
40241,csgo,placements_unavailable_or_unapproved,placements,tournament_only,https://www.esportsearnings.com/tournaments/40241-esea-rank-g-eu-04-2805-05-2019,sqlite_pipeline/html/40241.html,Không tìm thấy đội cho hạng 1st.
40242,csgo,placements_unavailable_or_unapproved,placements,tournament_only,https://www.esportsearnings.com/tournaments/40242-esea-rank-g-eu-05-0505-12-2019,sqlite_pipeline/html/40242.html,Không tìm thấy đội cho hạng 1st.
40243,csgo,placements_unavailable_or_unapproved,placements,tournament_only,https://www.esportsearnings.com/tournaments/40243-esea-rank-g-eu-05-1205-19-2019,sqlite_pipeline/html/40243.html,Không tìm thấy đội cho hạng 1st.
40244,csgo,placements_unavailable_or_unapproved,placements,tournament_only,https://www.esportsearnings.com/tournaments/40244-esea-rank-g-eu-05-1905-26-2019,sqlite_pipeline/html/40244.html,Không tìm thấy đội cho hạng 1st.
40245,csgo,placements_unavailable_or_unapproved,placements,tournament_only,https://www.esportsearnings.com/tournaments/40245-esea-rank-g-eu-05-2606-02-2019,sqlite_pipeline/html/40245.html,Không tìm thấy đội cho hạng 1st.
40246,csgo,placements_unavailable_or_unapproved,placements,tournament_only,https://www.esportsearnings.com/tournaments/40246-esea-rank-g-eu-06-0206-09-2019,sqlite_pipeline/html/40246.html,Không tìm thấy đội cho hạng 1st.
40248,csgo,placements_unavailable_or_unapproved,placements,tournament_only,https://www.esportsearnings.com/tournaments/40248-esea-rank-g-eu-06-0906-16-2019,sqlite_pipeline/html/40248.html,Không tìm thấy đội cho hạng 1st.
40249,csgo,placements_unavailable_or_unapproved,placements,tournament_only,https://www.esportsearnings.com/tournaments/40249-esea-rank-g-eu-06-1606-23-2019,sqlite_pipeline/html/40249.html,Không tìm thấy đội cho hạng 1st.
40250,csgo,placements_unavailable_or_unapproved,placements,tournament_only,https://www.esportsearnings.com/tournaments/40250-esea-rank-g-eu-06-2306-30-2019,sqlite_pipeline/html/40250.html,Không tìm thấy đội cho hạng 1st.
40262,csgo,placements_unavailable_or_unapproved,placements,tournament_only,https://www.esportsearnings.com/tournaments/40262-esea-rank-g-eu-06-3007-07-2019,sqlite_pipeline/html/40262.html,Không tìm thấy đội cho hạng 1st.
40263,csgo,placements_unavailable_or_unapproved,placements,tournament_only,https://www.esportsearnings.com/tournaments/40263-esea-rank-g-eu-07-0707-14-2019,sqlite_pipeline/html/40263.html,Không tìm thấy đội cho hạng 1st.
40264,csgo,placements_unavailable_or_unapproved,placements,tournament_only,https://www.esportsearnings.com/tournaments/40264-esea-rank-g-eu-07-1407-21-2019,sqlite_pipeline/html/40264.html,Không tìm thấy đội cho hạng 1st.
40265,csgo,placements_unavailable_or_unapproved,placements,tournament_only,https://www.esportsearnings.com/tournaments/40265-esea-rank-g-eu-07-2107-28-2019,sqlite_pipeline/html/40265.html,Không tìm thấy đội cho hạng 1st.
40266,csgo,placements_unavailable_or_unapproved,placements,tournament_only,https://www.esportsearnings.com/tournaments/40266-esea-rank-g-eu-07-2808-04-2019,sqlite_pipeline/html/40266.html,Không tìm thấy đội cho hạng 1st.
40272,csgo,placements_unavailable_or_unapproved,placements,tournament_only,https://www.esportsearnings.com/tournaments/40272-esea-rank-g-eu-08-0408-11-2019,sqlite_pipeline/html/40272.html,Không tìm thấy đội cho hạng 1st.
40273,csgo,placements_unavailable_or_unapproved,placements,tournament_only,https://www.esportsearnings.com/tournaments/40273-esea-rank-g-eu-08-1108-18-2019,sqlite_pipeline/html/40273.html,Không tìm thấy đội cho hạng 1st.
40274,csgo,placements_unavailable_or_unapproved,placements,tournament_only,https://www.esportsearnings.com/tournaments/40274-esea-rank-g-eu-08-1808-25-2019,sqlite_pipeline/html/40274.html,Không tìm thấy đội cho hạng 1st.
40275,csgo,placements_unavailable_or_unapproved,placements,tournament_only,https://www.esportsearnings.com/tournaments/40275-esea-rank-g-eu-08-2509-01-2019,sqlite_pipeline/html/40275.html,Không tìm thấy đội cho hạng 1st.
40276,csgo,placements_unavailable_or_unapproved,placements,tournament_only,https://www.esportsearnings.com/tournaments/40276-esea-rank-g-eu-09-0109-08-2019,sqlite_pipeline/html/40276.html,Không tìm thấy đội cho hạng 1st.
40277,csgo,placements_unavailable_or_unapproved,placements,tournament_only,https://www.esportsearnings.com/tournaments/40277-esea-rank-g-eu-09-0809-15-2019,sqlite_pipeline/html/40277.html,Không tìm thấy đội cho hạng 1st.
40278,csgo,placements_unavailable_or_unapproved,placements,tournament_only,https://www.esportsearnings.com/tournaments/40278-esea-rank-g-eu-09-1509-22-2019,sqlite_pipeline/html/40278.html,Không tìm thấy đội cho hạng 1st.
40279,csgo,placements_unavailable_or_unapproved,placements,tournament_only,https://www.esportsearnings.com/tournaments/40279-esea-rank-g-eu-09-2209-29-2019,sqlite_pipeline/html/40279.html,Không tìm thấy đội cho hạng 1st.
40280,csgo,placements_unavailable_or_unapproved,placements,tournament_only,https://www.esportsearnings.com/tournaments/40280-esea-rank-g-eu-09-2910-06-2019,sqlite_pipeline/html/40280.html,Không tìm thấy đội cho hạng 1st.
40281,csgo,placements_unavailable_or_unapproved,placements,tournament_only,https://www.esportsearnings.com/tournaments/40281-esea-rank-g-eu-10-0610-13-2019,sqlite_pipeline/html/40281.html,Không tìm thấy đội cho hạng 1st.
40284,csgo,placements_unavailable_or_unapproved,placements,tournament_only,https://www.esportsearnings.com/tournaments/40284-esea-rank-g-eu-10-1310-20-2019,sqlite_pipeline/html/40284.html,Không tìm thấy đội cho hạng 1st.
40286,csgo,placements_unavailable_or_unapproved,placements,tournament_only,https://www.esportsearnings.com/tournaments/40286-esea-rank-g-eu-10-2010-27-2019,sqlite_pipeline/html/40286.html,Không tìm thấy đội cho hạng 1st.
40289,csgo,placements_unavailable_or_unapproved,placements,tournament_only,https://www.esportsearnings.com/tournaments/40289-esea-rank-g-eu-10-2711-03-2019,sqlite_pipeline/html/40289.html,Không tìm thấy đội cho hạng 1st.
40292,csgo,placements_unavailable_or_unapproved,placements,tournament_only,https://www.esportsearnings.com/tournaments/40292-esea-rank-g-eu-11-0311-10-2019,sqlite_pipeline/html/40292.html,Không tìm thấy đội cho hạng 1st.
40296,csgo,placements_unavailable_or_unapproved,placements,tournament_only,https://www.esportsearnings.com/tournaments/40296-esea-rank-g-eu-11-1011-17-2019,sqlite_pipeline/html/40296.html,Không tìm thấy đội cho hạng 1st.
40297,csgo,placements_unavailable_or_unapproved,placements,tournament_only,https://www.esportsearnings.com/tournaments/40297-esea-rank-g-eu-11-1711-24-2019,sqlite_pipeline/html/40297.html,Không tìm thấy đội cho hạng 1st.
40298,csgo,placements_unavailable_or_unapproved,placements,tournament_only,https://www.esportsearnings.com/tournaments/40298-esea-rank-g-eu-11-2412-01-2019,sqlite_pipeline/html/40298.html,Không tìm thấy đội cho hạng 1st.
40299,csgo,placements_unavailable_or_unapproved,placements,tournament_only,https://www.esportsearnings.com/tournaments/40299-esea-rank-g-eu-12-0112-08-2019,sqlite_pipeline/html/40299.html,Không tìm thấy đội cho hạng 1st.
40300,csgo,placements_unavailable_or_unapproved,placements,tournament_only,https://www.esportsearnings.com/tournaments/40300-esea-rank-g-eu-12-0812-15-2019,sqlite_pipeline/html/40300.html,Không tìm thấy đội cho hạng 1st.
40301,csgo,placements_unavailable_or_unapproved,placements,tournament_only,https://www.esportsearnings.com/tournaments/40301-esea-rank-g-eu-12-1512-22-2019,sqlite_pipeline/html/40301.html,Không tìm thấy đội cho hạng 1st.
40302,csgo,placements_unavailable_or_unapproved,placements,tournament_only,https://www.esportsearnings.com/tournaments/40302-esea-rank-g-eu-12-2212-29-2019,sqlite_pipeline/html/40302.html,Không tìm thấy đội cho hạng 1st.
40303,csgo,placements_unavailable_or_unapproved,placements,tournament_only,https://www.esportsearnings.com/tournaments/40303-esea-rank-g-eu-12-2901-05-2020,sqlite_pipeline/html/40303.html,Không tìm thấy đội cho hạng 1st.
40304,csgo,placements_unavailable_or_unapproved,placements,tournament_only,https://www.esportsearnings.com/tournaments/40304-esea-rank-g-eu-01-0501-12-2020,sqlite_pipeline/html/40304.html,Không tìm thấy đội cho hạng 1st.
40305,csgo,placements_unavailable_or_unapproved,placements,tournament_only,https://www.esportsearnings.com/tournaments/40305-esea-rank-g-eu-01-1201-19-2020,sqlite_pipeline/html/40305.html,Không tìm thấy đội cho hạng 1st.
40306,csgo,placements_unavailable_or_unapproved,placements,tournament_only,https://www.esportsearnings.com/tournaments/40306-esea-rank-g-eu-01-1901-26-2020,sqlite_pipeline/html/40306.html,Không tìm thấy đội cho hạng 1st.
40320,csgo,placements_unavailable_or_unapproved,placements,tournament_only,https://www.esportsearnings.com/tournaments/40320-esea-rank-g-na-10-2811-03-2018,sqlite_pipeline/html/40320.html,Không tìm thấy đội cho hạng 1st.
40321,csgo,placements_unavailable_or_unapproved,placements,tournament_only,https://www.esportsearnings.com/tournaments/40321-esea-rank-g-na-11-0411-10-2018,sqlite_pipeline/html/40321.html,Không tìm thấy đội cho hạng 1st.
40322,csgo,placements_unavailable_or_unapproved,placements,tournament_only,https://www.esportsearnings.com/tournaments/40322-esea-rank-g-na-11-1111-17-2018,sqlite_pipeline/html/40322.html,Không tìm thấy đội cho hạng 1st.
40323,csgo,placements_unavailable_or_unapproved,placements,tournament_only,https://www.esportsearnings.com/tournaments/40323-esea-rank-g-na-11-1811-24-2018,sqlite_pipeline/html/40323.html,Không tìm thấy đội cho hạng 1st.
40324,csgo,placements_unavailable_or_unapproved,placements,tournament_only,https://www.esportsearnings.com/tournaments/40324-esea-rank-g-na-11-2512-01-2018,sqlite_pipeline/html/40324.html,Không tìm thấy đội cho hạng 1st.
40325,csgo,placements_unavailable_or_unapproved,placements,tournament_only,https://www.esportsearnings.com/tournaments/40325-esea-rank-g-na-12-0212-08-2018,sqlite_pipeline/html/40325.html,Không tìm thấy đội cho hạng 1st.
40326,csgo,placements_unavailable_or_unapproved,placements,tournament_only,https://www.esportsearnings.com/tournaments/40326-faceit-pro-league-eu-january-2020-csgo,sqlite_pipeline/html/40326.html,Không tìm thấy đội cho hạng 1st.
40327,csgo,placements_unavailable_or_unapproved,placements,tournament_only,https://www.esportsearnings.com/tournaments/40327-faceit-pro-league-na-january-week-5-2020-csgo,sqlite_pipeline/html/40327.html,Không tìm thấy đội cho hạng 1st.
40328,csgo,placements_unavailable_or_unapproved,placements,tournament_only,https://www.esportsearnings.com/tournaments/40328-faceit-pro-league-na-january-week-1-2020-csgo,sqlite_pipeline/html/40328.html,Không tìm thấy đội cho hạng 1st.
40329,csgo,placements_unavailable_or_unapproved,placements,tournament_only,https://www.esportsearnings.com/tournaments/40329-faceit-pro-league-na-january-week-2-2020-csgo,sqlite_pipeline/html/40329.html,Không tìm thấy đội cho hạng 1st.
40330,csgo,placements_unavailable_or_unapproved,placements,tournament_only,https://www.esportsearnings.com/tournaments/40330-faceit-pro-league-na-january-week-3-2020-csgo,sqlite_pipeline/html/40330.html,Không tìm thấy đội cho hạng 1st.
40331,csgo,placements_unavailable_or_unapproved,placements,tournament_only,https://www.esportsearnings.com/tournaments/40331-faceit-pro-league-na-january-week-4-2020-csgo,sqlite_pipeline/html/40331.html,Không tìm thấy đội cho hạng 1st.
40333,csgo,placements_unavailable_or_unapproved,placements,tournament_only,https://www.esportsearnings.com/tournaments/40333-esea-rank-g-na-12-0912-15-2018,sqlite_pipeline/html/40333.html,Không tìm thấy đội cho hạng 1st.
40334,csgo,placements_unavailable_or_unapproved,placements,tournament_only,https://www.esportsearnings.com/tournaments/40334-esea-rank-g-na-12-1612-22-2018,sqlite_pipeline/html/40334.html,Không tìm thấy đội cho hạng 1st.
40339,csgo,placements_unavailable_or_unapproved,placements,tournament_only,https://www.esportsearnings.com/tournaments/40339-esea-rank-g-na-12-2312-29-2018,sqlite_pipeline/html/40339.html,Không tìm thấy đội cho hạng 1st.
40341,csgo,placements_unavailable_or_unapproved,placements,tournament_only,https://www.esportsearnings.com/tournaments/40341-esea-rank-g-na-12-3001-05-2019,sqlite_pipeline/html/40341.html,Không tìm thấy đội cho hạng 1st.
40342,csgo,placements_unavailable_or_unapproved,placements,tournament_only,https://www.esportsearnings.com/tournaments/40342-esea-rank-g-na-01-0601-12-2019,sqlite_pipeline/html/40342.html,Không tìm thấy đội cho hạng 1st.
40343,csgo,placements_unavailable_or_unapproved,placements,tournament_only,https://www.esportsearnings.com/tournaments/40343-esea-rank-g-na-01-1301-19-2019,sqlite_pipeline/html/40343.html,Không tìm thấy đội cho hạng 1st.
40344,csgo,placements_unavailable_or_unapproved,placements,tournament_only,https://www.esportsearnings.com/tournaments/40344-esea-rank-g-na-01-2001-26-2019,sqlite_pipeline/html/40344.html,Không tìm thấy đội cho hạng 1st.
40345,csgo,placements_unavailable_or_unapproved,placements,tournament_only,https://www.esportsearnings.com/tournaments/40345-esea-rank-g-na-01-2702-02-2019,sqlite_pipeline/html/40345.html,Không tìm thấy đội cho hạng 1st.
40352,csgo,placements_unavailable_or_unapproved,placements,tournament_only,https://www.esportsearnings.com/tournaments/40352-esea-rank-g-na-02-0302-09-2019,sqlite_pipeline/html/40352.html,Không tìm thấy đội cho hạng 1st.
40353,csgo,placements_unavailable_or_unapproved,placements,tournament_only,https://www.esportsearnings.com/tournaments/40353-esea-rank-g-na-02-1002-16-2019,sqlite_pipeline/html/40353.html,Không tìm thấy đội cho hạng 1st.
40354,csgo,placements_unavailable_or_unapproved,placements,tournament_only,https://www.esportsearnings.com/tournaments/40354-esea-rank-g-na-02-1702-23-2019,sqlite_pipeline/html/40354.html,Không tìm thấy đội cho hạng 1st.
40358,csgo,placements_unavailable_or_unapproved,placements,tournament_only,https://www.esportsearnings.com/tournaments/40358-esea-rank-g-na-02-2403-02-2019,sqlite_pipeline/html/40358.html,Không tìm thấy đội cho hạng 1st.
40359,csgo,placements_unavailable_or_unapproved,placements,tournament_only,https://www.esportsearnings.com/tournaments/40359-esea-rank-g-na-03-0303-09-2019,sqlite_pipeline/html/40359.html,Không tìm thấy đội cho hạng 1st.
40360,csgo,placements_unavailable_or_unapproved,placements,tournament_only,https://www.esportsearnings.com/tournaments/40360-esea-rank-g-na-03-1003-16-2019,sqlite_pipeline/html/40360.html,Không tìm thấy đội cho hạng 1st.
40361,csgo,placements_unavailable_or_unapproved,placements,tournament_only,https://www.esportsearnings.com/tournaments/40361-esea-rank-g-na-03-1703-23-2019,sqlite_pipeline/html/40361.html,Không tìm thấy đội cho hạng 1st.
40362,csgo,placements_unavailable_or_unapproved,placements,tournament_only,https://www.esportsearnings.com/tournaments/40362-esea-rank-g-na-03-2403-30-2019,sqlite_pipeline/html/40362.html,Không tìm thấy đội cho hạng 1st.
40363,csgo,placements_unavailable_or_unapproved,placements,tournament_only,https://www.esportsearnings.com/tournaments/40363-esea-rank-g-na-03-3104-06-2019,sqlite_pipeline/html/40363.html,Không tìm thấy đội cho hạng 1st.
40364,csgo,placements_unavailable_or_unapproved,placements,tournament_only,https://www.esportsearnings.com/tournaments/40364-esea-rank-g-na-04-0704-13-2019,sqlite_pipeline/html/40364.html,Không tìm thấy đội cho hạng 1st.
40365,csgo,placements_unavailable_or_unapproved,placements,tournament_only,https://www.esportsearnings.com/tournaments/40365-esea-rank-g-na-04-1404-20-2019,sqlite_pipeline/html/40365.html,Không tìm thấy đội cho hạng 1st.
40368,csgo,placements_unavailable_or_unapproved,placements,tournament_only,https://www.esportsearnings.com/tournaments/40368-esea-rank-g-na-04-2104-27-2019,sqlite_pipeline/html/40368.html,Không tìm thấy đội cho hạng 1st.
40369,csgo,placements_unavailable_or_unapproved,placements,tournament_only,https://www.esportsearnings.com/tournaments/40369-esea-rank-g-na-04-2805-04-2019,sqlite_pipeline/html/40369.html,Không tìm thấy đội cho hạng 1st.
40370,csgo,placements_unavailable_or_unapproved,placements,tournament_only,https://www.esportsearnings.com/tournaments/40370-esea-rank-g-na-05-0505-11-2019,sqlite_pipeline/html/40370.html,Không tìm thấy đội cho hạng 1st.
40371,csgo,placements_unavailable_or_unapproved,placements,tournament_only,https://www.esportsearnings.com/tournaments/40371-esea-rank-g-na-05-1205-18-2019,sqlite_pipeline/html/40371.html,Không tìm thấy đội cho hạng 1st.
40384,csgo,placements_unavailable_or_unapproved,placements,tournament_only,https://www.esportsearnings.com/tournaments/40384-esea-rank-g-na-05-1905-25-2019,sqlite_pipeline/html/40384.html,Không tìm thấy đội cho hạng 1st.
40389,csgo,placements_unavailable_or_unapproved,placements,tournament_only,https://www.esportsearnings.com/tournaments/40389-esea-rank-g-na-05-2606-01-2019,sqlite_pipeline/html/40389.html,Không tìm thấy đội cho hạng 1st.
40391,csgo,placements_unavailable_or_unapproved,placements,tournament_only,https://www.esportsearnings.com/tournaments/40391-esea-rank-g-na-06-0206-08-2019,sqlite_pipeline/html/40391.html,Không tìm thấy đội cho hạng 1st.
40392,csgo,placements_unavailable_or_unapproved,placements,tournament_only,https://www.esportsearnings.com/tournaments/40392-esea-rank-g-na-06-0906-15-2019,sqlite_pipeline/html/40392.html,Không tìm thấy đội cho hạng 1st.
40403,csgo,placements_unavailable_or_unapproved,placements,tournament_only,https://www.esportsearnings.com/tournaments/40403-esea-rank-g-na-06-1606-22-2019,sqlite_pipeline/html/40403.html,Không tìm thấy đội cho hạng 1st.
40413,csgo,placements_unavailable_or_unapproved,placements,tournament_only,https://www.esportsearnings.com/tournaments/40413-esea-rank-g-na-06-2306-29-2019,sqlite_pipeline/html/40413.html,Không tìm thấy đội cho hạng 1st.
40477,csgo,placements_unavailable_or_unapproved,placements,tournament_only,https://www.esportsearnings.com/tournaments/40477-esea-rank-g-na-06-3007-06-2019,sqlite_pipeline/html/40477.html,Không tìm thấy đội cho hạng 1st.
40481,csgo,placements_unavailable_or_unapproved,placements,tournament_only,https://www.esportsearnings.com/tournaments/40481-esea-rank-g-na-07-0707-13-2019,sqlite_pipeline/html/40481.html,Không tìm thấy đội cho hạng 1st.
40488,csgo,placements_unavailable_or_unapproved,placements,tournament_only,https://www.esportsearnings.com/tournaments/40488-esea-rank-g-na-07-1407-20-2019,sqlite_pipeline/html/40488.html,Không tìm thấy đội cho hạng 1st.
40561,csgo,placements_unavailable_or_unapproved,placements,tournament_only,https://www.esportsearnings.com/tournaments/40561-esea-rank-g-na-07-2107-27-2019,sqlite_pipeline/html/40561.html,Không tìm thấy đội cho hạng 1st.
40594,csgo,placements_unavailable_or_unapproved,placements,tournament_only,https://www.esportsearnings.com/tournaments/40594-faceit-pro-league-eu-february-2020-csgo,sqlite_pipeline/html/40594.html,Không tìm thấy đội cho hạng 1st.
40595,csgo,placements_unavailable_or_unapproved,placements,tournament_only,https://www.esportsearnings.com/tournaments/40595-faceit-pro-league-na-february-week-4-2020-csgo,sqlite_pipeline/html/40595.html,Không tìm thấy đội cho hạng 1st.
40596,csgo,placements_unavailable_or_unapproved,placements,tournament_only,https://www.esportsearnings.com/tournaments/40596-faceit-pro-league-na-february-week-3-2020-csgo,sqlite_pipeline/html/40596.html,Không tìm thấy đội cho hạng 1st.
40598,csgo,placements_unavailable_or_unapproved,placements,tournament_only,https://www.esportsearnings.com/tournaments/40598-faceit-pro-league-na-february-week-1-2020-csgo,sqlite_pipeline/html/40598.html,Không tìm thấy đội cho hạng 1st.
40599,csgo,placements_unavailable_or_unapproved,placements,tournament_only,https://www.esportsearnings.com/tournaments/40599-faceit-pro-league-na-february-week-2-2020-csgo,sqlite_pipeline/html/40599.html,Không tìm thấy đội cho hạng 1st.
40612,csgo,placements_unavailable_or_unapproved,placements,tournament_only,https://www.esportsearnings.com/tournaments/40612-esea-rank-g-na-07-2808-03-2019,sqlite_pipeline/html/40612.html,Không tìm thấy đội cho hạng 1st.
40721,csgo,placements_unavailable_or_unapproved,placements,tournament_only,https://www.esportsearnings.com/tournaments/40721-hardcup-6,sqlite_pipeline/html/40721.html,Đội bị trùng trong cùng giải.
40835,csgo,placements_unavailable_or_unapproved,placements,tournament_only,https://www.esportsearnings.com/tournaments/40835-esea-rank-g-na-08-0408-10-2019,sqlite_pipeline/html/40835.html,Không tìm thấy đội cho hạng 1st.
40930,csgo,placements_unavailable_or_unapproved,placements,tournament_only,https://www.esportsearnings.com/tournaments/40930-esea-rank-g-na-08-1108-17-2019,sqlite_pipeline/html/40930.html,Không tìm thấy đội cho hạng 1st.
40931,csgo,placements_unavailable_or_unapproved,placements,tournament_only,https://www.esportsearnings.com/tournaments/40931-esea-rank-g-na-08-1808-24-2019,sqlite_pipeline/html/40931.html,Không tìm thấy đội cho hạng 1st.
41052,csgo,prize_allocation_pending_review,placements,needs_review,https://www.esportsearnings.com/tournaments/41052-esl-pro-league-season-11-europe,sqlite_pipeline/html/41052.html,
41178,csgo,placements_unavailable_or_unapproved,placements,tournament_only,https://www.esportsearnings.com/tournaments/41178-esea-rank-g-na-08-2508-31-2019,sqlite_pipeline/html/41178.html,Không tìm thấy đội cho hạng 1st.
41179,csgo,placements_unavailable_or_unapproved,placements,tournament_only,https://www.esportsearnings.com/tournaments/41179-esea-rank-g-na-09-0109-07-2019,sqlite_pipeline/html/41179.html,Không tìm thấy đội cho hạng 1st.
41180,csgo,placements_unavailable_or_unapproved,placements,tournament_only,https://www.esportsearnings.com/tournaments/41180-esea-rank-g-na-09-0809-14-2019,sqlite_pipeline/html/41180.html,Không tìm thấy đội cho hạng 1st.
41181,csgo,placements_unavailable_or_unapproved,placements,tournament_only,https://www.esportsearnings.com/tournaments/41181-esea-rank-g-na-09-1509-21-2019,sqlite_pipeline/html/41181.html,Không tìm thấy đội cho hạng 1st.
41182,csgo,placements_unavailable_or_unapproved,placements,tournament_only,https://www.esportsearnings.com/tournaments/41182-esea-rank-g-na-09-2209-28-2019,sqlite_pipeline/html/41182.html,Không tìm thấy đội cho hạng 1st.
41183,csgo,placements_unavailable_or_unapproved,placements,tournament_only,https://www.esportsearnings.com/tournaments/41183-esea-rank-g-na-09-2910-05-2019,sqlite_pipeline/html/41183.html,Không tìm thấy đội cho hạng 1st.
41184,csgo,placements_unavailable_or_unapproved,placements,tournament_only,https://www.esportsearnings.com/tournaments/41184-esea-rank-g-na-10-0610-12-2019,sqlite_pipeline/html/41184.html,Không tìm thấy đội cho hạng 1st.
41201,csgo,placements_unavailable_or_unapproved,placements,tournament_only,https://www.esportsearnings.com/tournaments/41201-esea-rank-g-na-10-1310-19-2019,sqlite_pipeline/html/41201.html,Không tìm thấy đội cho hạng 1st.
41202,csgo,placements_unavailable_or_unapproved,placements,tournament_only,https://www.esportsearnings.com/tournaments/41202-esea-rank-g-na-10-2010-26-2019,sqlite_pipeline/html/41202.html,Không tìm thấy đội cho hạng 1st.
41203,csgo,placements_unavailable_or_unapproved,placements,tournament_only,https://www.esportsearnings.com/tournaments/41203-esea-rank-g-na-10-2711-02-2019,sqlite_pipeline/html/41203.html,Không tìm thấy đội cho hạng 1st.
41210,csgo,placements_unavailable_or_unapproved,placements,tournament_only,https://www.esportsearnings.com/tournaments/41210-esea-rank-g-na-11-0311-09-2019,sqlite_pipeline/html/41210.html,Không tìm thấy đội cho hạng 1st.
41211,csgo,placements_unavailable_or_unapproved,placements,tournament_only,https://www.esportsearnings.com/tournaments/41211-esea-rank-g-na-11-1011-16-2019,sqlite_pipeline/html/41211.html,Không tìm thấy đội cho hạng 1st.
41212,csgo,placements_unavailable_or_unapproved,placements,tournament_only,https://www.esportsearnings.com/tournaments/41212-esea-rank-g-na-11-1711-23-2019,sqlite_pipeline/html/41212.html,Không tìm thấy đội cho hạng 1st.
41213,csgo,placements_unavailable_or_unapproved,placements,tournament_only,https://www.esportsearnings.com/tournaments/41213-esea-rank-g-na-11-2411-30-2019,sqlite_pipeline/html/41213.html,Không tìm thấy đội cho hạng 1st.
41222,csgo,placements_unavailable_or_unapproved,placements,tournament_only,https://www.esportsearnings.com/tournaments/41222-esea-rank-g-na-12-0112-07-2019,sqlite_pipeline/html/41222.html,Không tìm thấy đội cho hạng 1st.
41223,csgo,placements_unavailable_or_unapproved,placements,tournament_only,https://www.esportsearnings.com/tournaments/41223-esea-rank-g-na-12-0812-14-2019,sqlite_pipeline/html/41223.html,Không tìm thấy đội cho hạng 1st.
41237,csgo,placements_unavailable_or_unapproved,placements,tournament_only,https://www.esportsearnings.com/tournaments/41237-esea-rank-g-na-12-1512-21-2019,sqlite_pipeline/html/41237.html,Không tìm thấy đội cho hạng 1st.
41238,csgo,placements_unavailable_or_unapproved,placements,tournament_only,https://www.esportsearnings.com/tournaments/41238-esea-rank-g-na-12-2212-28-2019,sqlite_pipeline/html/41238.html,Không tìm thấy đội cho hạng 1st.
41239,csgo,placements_unavailable_or_unapproved,placements,tournament_only,https://www.esportsearnings.com/tournaments/41239-esea-rank-g-na-12-2901-04-2020,sqlite_pipeline/html/41239.html,Không tìm thấy đội cho hạng 1st.
41244,csgo,placements_unavailable_or_unapproved,placements,tournament_only,https://www.esportsearnings.com/tournaments/41244-esea-rank-g-na-01-0501-11-2020,sqlite_pipeline/html/41244.html,Không tìm thấy đội cho hạng 1st.
41245,csgo,placements_unavailable_or_unapproved,placements,tournament_only,https://www.esportsearnings.com/tournaments/41245-esea-rank-g-na-01-1201-18-2020,sqlite_pipeline/html/41245.html,Không tìm thấy đội cho hạng 1st.
41246,csgo,placements_unavailable_or_unapproved,placements,tournament_only,https://www.esportsearnings.com/tournaments/41246-esea-rank-g-na-01-1901-25-2020,sqlite_pipeline/html/41246.html,Không tìm thấy đội cho hạng 1st.
41247,csgo,placements_unavailable_or_unapproved,placements,tournament_only,https://www.esportsearnings.com/tournaments/41247-esea-rank-g-na-01-2602-01-2020,sqlite_pipeline/html/41247.html,Không tìm thấy đội cho hạng 1st.
41248,csgo,placements_unavailable_or_unapproved,placements,tournament_only,https://www.esportsearnings.com/tournaments/41248-esea-rank-g-na-02-0202-08-2020,sqlite_pipeline/html/41248.html,Không tìm thấy đội cho hạng 1st.
41249,csgo,placements_unavailable_or_unapproved,placements,tournament_only,https://www.esportsearnings.com/tournaments/41249-esea-rank-g-na-02-0902-15-2020,sqlite_pipeline/html/41249.html,Không tìm thấy đội cho hạng 1st.
41273,csgo,placements_unavailable_or_unapproved,placements,tournament_only,https://www.esportsearnings.com/tournaments/41273-esea-rank-g-na-02-1602-22-2020,sqlite_pipeline/html/41273.html,Không tìm thấy đội cho hạng 1st.
41274,csgo,placements_unavailable_or_unapproved,placements,tournament_only,https://www.esportsearnings.com/tournaments/41274-esea-rank-g-na-02-2302-29-2020,sqlite_pipeline/html/41274.html,Không tìm thấy đội cho hạng 1st.
41276,csgo,placements_unavailable_or_unapproved,placements,tournament_only,https://www.esportsearnings.com/tournaments/41276-esea-rank-g-na-03-0103-07-2020,sqlite_pipeline/html/41276.html,Không tìm thấy đội cho hạng 1st.
41278,csgo,placements_unavailable_or_unapproved,placements,tournament_only,https://www.esportsearnings.com/tournaments/41278-esea-rank-g-na-03-0803-14-2020,sqlite_pipeline/html/41278.html,Không tìm thấy đội cho hạng 1st.
41279,csgo,placements_unavailable_or_unapproved,placements,tournament_only,https://www.esportsearnings.com/tournaments/41279-esea-rank-g-na-03-1503-21-2020,sqlite_pipeline/html/41279.html,Không tìm thấy đội cho hạng 1st.
41280,csgo,placements_unavailable_or_unapproved,placements,tournament_only,https://www.esportsearnings.com/tournaments/41280-esea-rank-g-na-03-2203-28-2020,sqlite_pipeline/html/41280.html,Không tìm thấy đội cho hạng 1st.
41281,csgo,placements_unavailable_or_unapproved,placements,tournament_only,https://www.esportsearnings.com/tournaments/41281-esea-rank-g-na-03-2904-04-2020,sqlite_pipeline/html/41281.html,Không tìm thấy đội cho hạng 1st.
41282,csgo,placements_unavailable_or_unapproved,placements,tournament_only,https://www.esportsearnings.com/tournaments/41282-esea-rank-g-na-04-0504-11-2020,sqlite_pipeline/html/41282.html,Không tìm thấy đội cho hạng 1st.
41283,csgo,placements_unavailable_or_unapproved,placements,tournament_only,https://www.esportsearnings.com/tournaments/41283-esea-rank-g-na-04-1204-18-2020,sqlite_pipeline/html/41283.html,Không tìm thấy đội cho hạng 1st.
41284,csgo,placements_unavailable_or_unapproved,placements,tournament_only,https://www.esportsearnings.com/tournaments/41284-esea-rank-g-na-04-1904-25-2020,sqlite_pipeline/html/41284.html,Không tìm thấy đội cho hạng 1st.
41298,csgo,placements_unavailable_or_unapproved,placements,tournament_only,https://www.esportsearnings.com/tournaments/41298-esea-rank-g-eu-01-2602-02-2020,sqlite_pipeline/html/41298.html,Không tìm thấy đội cho hạng 1st.
41299,csgo,placements_unavailable_or_unapproved,placements,tournament_only,https://www.esportsearnings.com/tournaments/41299-esea-rank-g-eu-02-0202-09-2020,sqlite_pipeline/html/41299.html,Không tìm thấy đội cho hạng 1st.
41300,csgo,placements_unavailable_or_unapproved,placements,tournament_only,https://www.esportsearnings.com/tournaments/41300-esea-rank-g-eu-02-0902-16-2020,sqlite_pipeline/html/41300.html,Không tìm thấy đội cho hạng 1st.
41301,csgo,placements_unavailable_or_unapproved,placements,tournament_only,https://www.esportsearnings.com/tournaments/41301-esea-rank-g-eu-02-1602-23-2020,sqlite_pipeline/html/41301.html,Không tìm thấy đội cho hạng 1st.
41302,csgo,placements_unavailable_or_unapproved,placements,tournament_only,https://www.esportsearnings.com/tournaments/41302-esea-rank-g-eu-02-2303-01-2020,sqlite_pipeline/html/41302.html,Không tìm thấy đội cho hạng 1st.
41303,csgo,placements_unavailable_or_unapproved,placements,tournament_only,https://www.esportsearnings.com/tournaments/41303-esea-rank-g-eu-03-0103-08-2020,sqlite_pipeline/html/41303.html,Không tìm thấy đội cho hạng 1st.
41304,csgo,placements_unavailable_or_unapproved,placements,tournament_only,https://www.esportsearnings.com/tournaments/41304-esea-rank-g-eu-03-0803-15-2020,sqlite_pipeline/html/41304.html,Không tìm thấy đội cho hạng 1st.
41308,csgo,placements_unavailable_or_unapproved,placements,tournament_only,https://www.esportsearnings.com/tournaments/41308-esea-rank-g-eu-03-1503-22-2020,sqlite_pipeline/html/41308.html,Không tìm thấy đội cho hạng 1st.
41309,csgo,placements_unavailable_or_unapproved,placements,tournament_only,https://www.esportsearnings.com/tournaments/41309-esea-rank-g-eu-03-2203-29-2020,sqlite_pipeline/html/41309.html,Không tìm thấy đội cho hạng 1st.
41321,csgo,placements_unavailable_or_unapproved,placements,tournament_only,https://www.esportsearnings.com/tournaments/41321-esea-rank-g-eu-03-2904-05-2020,sqlite_pipeline/html/41321.html,Không tìm thấy đội cho hạng 1st.
41322,csgo,placements_unavailable_or_unapproved,placements,tournament_only,https://www.esportsearnings.com/tournaments/41322-esea-rank-g-eu-04-0504-12-2020,sqlite_pipeline/html/41322.html,Không tìm thấy đội cho hạng 1st.
41323,csgo,placements_unavailable_or_unapproved,placements,tournament_only,https://www.esportsearnings.com/tournaments/41323-esea-rank-g-eu-04-1204-19-2020,sqlite_pipeline/html/41323.html,Không tìm thấy đội cho hạng 1st.
41324,csgo,placements_unavailable_or_unapproved,placements,tournament_only,https://www.esportsearnings.com/tournaments/41324-esea-rank-g-eu-04-1904-26-2020,sqlite_pipeline/html/41324.html,Không tìm thấy đội cho hạng 1st.
41364,csgo,placements_unavailable_or_unapproved,placements,tournament_only,https://www.esportsearnings.com/tournaments/41364-esea-rank-g-eu-04-2605-03-2020,sqlite_pipeline/html/41364.html,Không tìm thấy đội cho hạng 1st.
41378,csgo,placements_unavailable_or_unapproved,placements,tournament_only,https://www.esportsearnings.com/tournaments/41378-esea-rank-s-eu-11-01-201811-02-2018,sqlite_pipeline/html/41378.html,Không tìm thấy đội cho hạng 1st.
41379,csgo,placements_unavailable_or_unapproved,placements,tournament_only,https://www.esportsearnings.com/tournaments/41379-esea-rank-s-eu-11-02-201811-03-2018,sqlite_pipeline/html/41379.html,Không tìm thấy đội cho hạng 1st.
41380,csgo,placements_unavailable_or_unapproved,placements,tournament_only,https://www.esportsearnings.com/tournaments/41380-esea-rank-s-eu-11-03-201811-04-2018,sqlite_pipeline/html/41380.html,Không tìm thấy đội cho hạng 1st.
41381,csgo,placements_unavailable_or_unapproved,placements,tournament_only,https://www.esportsearnings.com/tournaments/41381-esea-rank-s-eu-11-04-201811-05-2018,sqlite_pipeline/html/41381.html,Không tìm thấy đội cho hạng 1st.
41382,csgo,placements_unavailable_or_unapproved,placements,tournament_only,https://www.esportsearnings.com/tournaments/41382-esea-rank-s-eu-11-05-201811-06-2018,sqlite_pipeline/html/41382.html,Không tìm thấy đội cho hạng 1st.
41390,csgo,placements_unavailable_or_unapproved,placements,tournament_only,https://www.esportsearnings.com/tournaments/41390-esea-rank-s-eu-11-06-201811-07-2018,sqlite_pipeline/html/41390.html,Không tìm thấy đội cho hạng 1st.
41391,csgo,placements_unavailable_or_unapproved,placements,tournament_only,https://www.esportsearnings.com/tournaments/41391-esea-rank-s-eu-11-07-201811-08-2018,sqlite_pipeline/html/41391.html,Không tìm thấy đội cho hạng 1st.
41392,csgo,placements_unavailable_or_unapproved,placements,tournament_only,https://www.esportsearnings.com/tournaments/41392-esea-rank-s-eu-11-08-201811-09-2018,sqlite_pipeline/html/41392.html,Không tìm thấy đội cho hạng 1st.
41393,csgo,placements_unavailable_or_unapproved,placements,tournament_only,https://www.esportsearnings.com/tournaments/41393-esea-rank-s-eu-11-09-201811-10-2018,sqlite_pipeline/html/41393.html,Không tìm thấy đội cho hạng 1st.
41403,csgo,placements_unavailable_or_unapproved,placements,tournament_only,https://www.esportsearnings.com/tournaments/41403-esea-rank-s-eu-11-10-201811-11-2018,sqlite_pipeline/html/41403.html,Không tìm thấy đội cho hạng 1st.
41404,csgo,placements_unavailable_or_unapproved,placements,tournament_only,https://www.esportsearnings.com/tournaments/41404-esea-rank-s-eu-11-11-201811-12-2018,sqlite_pipeline/html/41404.html,Không tìm thấy đội cho hạng 1st.
41405,csgo,placements_unavailable_or_unapproved,placements,tournament_only,https://www.esportsearnings.com/tournaments/41405-esea-rank-s-eu-11-12-201811-13-2018,sqlite_pipeline/html/41405.html,Không tìm thấy đội cho hạng 1st.
41426,csgo,placements_unavailable_or_unapproved,placements,tournament_only,https://www.esportsearnings.com/tournaments/41426-esea-rank-s-eu-11-13-201811-14-2018,sqlite_pipeline/html/41426.html,Không tìm thấy đội cho hạng 1st.
41427,csgo,placements_unavailable_or_unapproved,placements,tournament_only,https://www.esportsearnings.com/tournaments/41427-esea-rank-s-eu-11-14-201811-15-2018,sqlite_pipeline/html/41427.html,Không tìm thấy đội cho hạng 1st.
41428,csgo,placements_unavailable_or_unapproved,placements,tournament_only,https://www.esportsearnings.com/tournaments/41428-esea-rank-s-eu-11-15-201811-16-2018,sqlite_pipeline/html/41428.html,Không tìm thấy đội cho hạng 1st.
41429,csgo,placements_unavailable_or_unapproved,placements,tournament_only,https://www.esportsearnings.com/tournaments/41429-esea-rank-s-eu-11-16-201811-17-2018,sqlite_pipeline/html/41429.html,Không tìm thấy đội cho hạng 1st.
41430,csgo,placements_unavailable_or_unapproved,placements,tournament_only,https://www.esportsearnings.com/tournaments/41430-esea-rank-s-eu-11-17-201811-18-2018,sqlite_pipeline/html/41430.html,Không tìm thấy đội cho hạng 1st.
41440,csgo,placements_unavailable_or_unapproved,placements,tournament_only,https://www.esportsearnings.com/tournaments/41440-esl-one-road-to-rio-north-america,sqlite_pipeline/html/41440.html,Không đọc được hạng: DISQUALIFIED
41455,csgo,placements_unavailable_or_unapproved,placements,tournament_only,https://www.esportsearnings.com/tournaments/41455-esea-rank-s-eu-11-18-201811-19-2018,sqlite_pipeline/html/41455.html,Không tìm thấy đội cho hạng 1st.
41456,csgo,placements_unavailable_or_unapproved,placements,tournament_only,https://www.esportsearnings.com/tournaments/41456-esea-rank-s-eu-11-19-201811-20-2018,sqlite_pipeline/html/41456.html,Không tìm thấy đội cho hạng 1st.
41457,csgo,placements_unavailable_or_unapproved,placements,tournament_only,https://www.esportsearnings.com/tournaments/41457-esea-rank-s-eu-11-20-201811-21-2018,sqlite_pipeline/html/41457.html,Không tìm thấy đội cho hạng 1st.
41605,csgo,placements_unavailable_or_unapproved,placements,tournament_only,https://www.esportsearnings.com/tournaments/41605-esl-one-road-to-rio-cis,sqlite_pipeline/html/41605.html,Không đọc được hạng: DISQUALIFIED
41640,csgo,placements_unavailable_or_unapproved,placements,tournament_only,https://www.esportsearnings.com/tournaments/41640-esea-rank-s-eu-11-21-201811-22-2018,sqlite_pipeline/html/41640.html,Không tìm thấy đội cho hạng 1st.
41641,csgo,placements_unavailable_or_unapproved,placements,tournament_only,https://www.esportsearnings.com/tournaments/41641-esea-rank-s-eu-11-22-201811-23-2018,sqlite_pipeline/html/41641.html,Không tìm thấy đội cho hạng 1st.
41642,csgo,placements_unavailable_or_unapproved,placements,tournament_only,https://www.esportsearnings.com/tournaments/41642-esea-rank-s-eu-11-23-201811-24-2018,sqlite_pipeline/html/41642.html,Không tìm thấy đội cho hạng 1st.
41653,csgo,placements_unavailable_or_unapproved,placements,tournament_only,https://www.esportsearnings.com/tournaments/41653-esea-rank-s-eu-11-24-201811-25-2018,sqlite_pipeline/html/41653.html,Không tìm thấy đội cho hạng 1st.
41654,csgo,placements_unavailable_or_unapproved,placements,tournament_only,https://www.esportsearnings.com/tournaments/41654-esea-rank-s-eu-11-25-201811-26-2018,sqlite_pipeline/html/41654.html,Không tìm thấy đội cho hạng 1st.
41814,csgo,placements_unavailable_or_unapproved,placements,tournament_only,https://www.esportsearnings.com/tournaments/41814-esea-rank-s-eu-11-26-201811-27-2018,sqlite_pipeline/html/41814.html,Không tìm thấy đội cho hạng 1st.
41815,csgo,placements_unavailable_or_unapproved,placements,tournament_only,https://www.esportsearnings.com/tournaments/41815-esea-rank-s-eu-11-27-201811-28-2018,sqlite_pipeline/html/41815.html,Không tìm thấy đội cho hạng 1st.
42014,csgo,placements_unavailable_or_unapproved,placements,tournament_only,https://www.esportsearnings.com/tournaments/42014-esea-rank-s-eu-11-28-201811-29-2018,sqlite_pipeline/html/42014.html,Không tìm thấy đội cho hạng 1st.
42015,csgo,placements_unavailable_or_unapproved,placements,tournament_only,https://www.esportsearnings.com/tournaments/42015-esea-rank-s-eu-11-29-201811-30-2018,sqlite_pipeline/html/42015.html,Không tìm thấy đội cho hạng 1st.
42016,csgo,placements_unavailable_or_unapproved,placements,tournament_only,https://www.esportsearnings.com/tournaments/42016-esea-rank-s-eu-11-30-201812-01-2018,sqlite_pipeline/html/42016.html,Không tìm thấy đội cho hạng 1st.
42017,csgo,placements_unavailable_or_unapproved,placements,tournament_only,https://www.esportsearnings.com/tournaments/42017-esea-rank-s-eu-12-01-201812-02-2018,sqlite_pipeline/html/42017.html,Không tìm thấy đội cho hạng 1st.
42018,csgo,placements_unavailable_or_unapproved,placements,tournament_only,https://www.esportsearnings.com/tournaments/42018-esea-rank-s-eu-12-02-201812-03-2018,sqlite_pipeline/html/42018.html,Không tìm thấy đội cho hạng 1st.
42069,csgo,placements_unavailable_or_unapproved,placements,tournament_only,https://www.esportsearnings.com/tournaments/42069-dreamhack-masters-spring-2020-europe,sqlite_pipeline/html/42069.html,Không đọc được hạng: DISQUALIFIED
42088,csgo,placements_unavailable_or_unapproved,placements,tournament_only,https://www.esportsearnings.com/tournaments/42088-esea-rank-s-eu-12-03-201812-04-2018,sqlite_pipeline/html/42088.html,Không tìm thấy đội cho hạng 1st.
42089,csgo,placements_unavailable_or_unapproved,placements,tournament_only,https://www.esportsearnings.com/tournaments/42089-esea-rank-s-eu-12-04-201812-05-2018,sqlite_pipeline/html/42089.html,Không tìm thấy đội cho hạng 1st.
42202,csgo,placements_unavailable_or_unapproved,placements,tournament_only,https://www.esportsearnings.com/tournaments/42202-faceit-pro-league-eu-march-2020-csgo,sqlite_pipeline/html/42202.html,Không tìm thấy đội cho hạng 1st.
42203,csgo,placements_unavailable_or_unapproved,placements,tournament_only,https://www.esportsearnings.com/tournaments/42203-faceit-pro-league-eu-april-2020-csgo,sqlite_pipeline/html/42203.html,Không tìm thấy đội cho hạng 1st.
42204,csgo,placements_unavailable_or_unapproved,placements,tournament_only,https://www.esportsearnings.com/tournaments/42204-faceit-pro-league-eu-may-2020-csgo,sqlite_pipeline/html/42204.html,Không tìm thấy đội cho hạng 1st.
42207,csgo,placements_unavailable_or_unapproved,placements,tournament_only,https://www.esportsearnings.com/tournaments/42207-fpl-c-europe-31-2020-csgo,batch_runs/csgo_resumable/html/42207.html,Không tìm thấy đội cho hạng 1st.
42208,csgo,placements_unavailable_or_unapproved,placements,tournament_only,https://www.esportsearnings.com/tournaments/42208-fpl-c-europe-27-2019-csgo,batch_runs/csgo_resumable/html/42208.html,Không tìm thấy đội cho hạng 1st.
42209,csgo,placements_unavailable_or_unapproved,placements,tournament_only,https://www.esportsearnings.com/tournaments/42209-fpl-c-europe-28-2019-csgo,batch_runs/csgo_resumable/html/42209.html,Không tìm thấy đội cho hạng 1st.
42210,csgo,placements_unavailable_or_unapproved,placements,tournament_only,https://www.esportsearnings.com/tournaments/42210-fpl-c-europe-29-2019-csgo,batch_runs/csgo_resumable/html/42210.html,Không tìm thấy đội cho hạng 1st.
42211,csgo,placements_unavailable_or_unapproved,placements,tournament_only,https://www.esportsearnings.com/tournaments/42211-fpl-c-europe-30-2020-csgo,batch_runs/csgo_resumable/html/42211.html,Không tìm thấy đội cho hạng 1st.
42212,csgo,placements_unavailable_or_unapproved,placements,tournament_only,https://www.esportsearnings.com/tournaments/42212-fpl-c-europe-32-2020-csgo,batch_runs/csgo_resumable/html/42212.html,Không tìm thấy đội cho hạng 1st.
42213,csgo,placements_unavailable_or_unapproved,placements,tournament_only,https://www.esportsearnings.com/tournaments/42213-fpl-c-europe-33-2020-csgo,batch_runs/csgo_resumable/html/42213.html,Không tìm thấy đội cho hạng 1st.
42214,csgo,placements_unavailable_or_unapproved,placements,tournament_only,https://www.esportsearnings.com/tournaments/42214-fpl-c-europe-34-2020-csgo,batch_runs/csgo_resumable/html/42214.html,Không tìm thấy đội cho hạng 1st.
42245,csgo,placements_unavailable_or_unapproved,placements,tournament_only,https://www.esportsearnings.com/tournaments/42245-esea-rank-s-eu-12-05-201812-06-2018,sqlite_pipeline/html/42245.html,Không tìm thấy đội cho hạng 1st.
42246,csgo,placements_unavailable_or_unapproved,placements,tournament_only,https://www.esportsearnings.com/tournaments/42246-esea-rank-s-eu-12-06-201812-07-2018,sqlite_pipeline/html/42246.html,Không tìm thấy đội cho hạng 1st.
42422,csgo,placements_unavailable_or_unapproved,placements,tournament_only,https://www.esportsearnings.com/tournaments/42422-cs-summit-6-online-north-america,sqlite_pipeline/html/42422.html,Không đọc được hạng: DISQUALIFIED
42433,csgo,placements_unavailable_or_unapproved,placements,tournament_only,https://www.esportsearnings.com/tournaments/42433-faceit-pro-league-eu-june-2020-csgo,sqlite_pipeline/html/42433.html,Không tìm thấy đội cho hạng 1st.
42580,csgo,placements_unavailable_or_unapproved,placements,tournament_only,https://www.esportsearnings.com/tournaments/42580-esea-rank-s-eu-12-07-201812-08-2018,sqlite_pipeline/html/42580.html,Không tìm thấy đội cho hạng 1st.
42581,csgo,placements_unavailable_or_unapproved,placements,tournament_only,https://www.esportsearnings.com/tournaments/42581-esea-rank-s-eu-12-08-201812-09-2018,sqlite_pipeline/html/42581.html,Không tìm thấy đội cho hạng 1st.
42634,csgo,ambiguous_source_team_id,team_identity,matched,https://www.esportsearnings.com/tournaments/42634-gamers-club-liga-profissional-july-2020,sqlite_pipeline/html/42634.html,
42750,csgo,placements_unavailable_or_unapproved,placements,tournament_only,https://www.esportsearnings.com/tournaments/42750-esea-rank-s-eu-12-09-201812-10-2018,sqlite_pipeline/html/42750.html,Không tìm thấy đội cho hạng 1st.
42751,csgo,placements_unavailable_or_unapproved,placements,tournament_only,https://www.esportsearnings.com/tournaments/42751-esea-rank-s-eu-12-10-201812-11-2018,sqlite_pipeline/html/42751.html,Không tìm thấy đội cho hạng 1st.
42752,csgo,placements_unavailable_or_unapproved,placements,tournament_only,https://www.esportsearnings.com/tournaments/42752-esea-rank-s-eu-12-11-201812-12-2018,sqlite_pipeline/html/42752.html,Không tìm thấy đội cho hạng 1st.
42926,csgo,placements_unavailable_or_unapproved,placements,tournament_only,https://www.esportsearnings.com/tournaments/42926-esea-rank-s-eu-12-12-201812-13-2018,sqlite_pipeline/html/42926.html,Không tìm thấy đội cho hạng 1st.
42927,csgo,placements_unavailable_or_unapproved,placements,tournament_only,https://www.esportsearnings.com/tournaments/42927-esea-rank-s-eu-12-13-201812-14-2018,sqlite_pipeline/html/42927.html,Không tìm thấy đội cho hạng 1st.
42928,csgo,placements_unavailable_or_unapproved,placements,tournament_only,https://www.esportsearnings.com/tournaments/42928-esea-rank-s-eu-12-14-201812-15-2018,sqlite_pipeline/html/42928.html,Không tìm thấy đội cho hạng 1st.
42929,csgo,placements_unavailable_or_unapproved,placements,tournament_only,https://www.esportsearnings.com/tournaments/42929-esea-rank-s-eu-12-15-201812-16-2018,sqlite_pipeline/html/42929.html,Không tìm thấy đội cho hạng 1st.
42939,csgo,placements_unavailable_or_unapproved,placements,tournament_only,https://www.esportsearnings.com/tournaments/42939-faceit-pro-league-csgo,batch_runs/csgo_resumable/html/42939.html,Không tìm thấy đội cho hạng 1st.
42982,csgo,placements_unavailable_or_unapproved,placements,tournament_only,https://www.esportsearnings.com/tournaments/42982-faceit-pro-league-csgo-na,batch_runs/csgo_resumable/html/42982.html,Không tìm thấy đội cho hạng 1st.
43026,csgo,placements_unavailable_or_unapproved,placements,tournament_only,https://www.esportsearnings.com/tournaments/43026-esea-rank-s-eu-12-16-201812-17-2018,sqlite_pipeline/html/43026.html,Không tìm thấy đội cho hạng 1st.
43027,csgo,placements_unavailable_or_unapproved,placements,tournament_only,https://www.esportsearnings.com/tournaments/43027-esea-rank-s-eu-12-17-201812-18-2018,sqlite_pipeline/html/43027.html,Không tìm thấy đội cho hạng 1st.
43028,csgo,placements_unavailable_or_unapproved,placements,tournament_only,https://www.esportsearnings.com/tournaments/43028-esea-rank-s-eu-12-18-201812-19-2018,sqlite_pipeline/html/43028.html,Không tìm thấy đội cho hạng 1st.
43029,csgo,placements_unavailable_or_unapproved,placements,tournament_only,https://www.esportsearnings.com/tournaments/43029-esea-rank-s-eu-12-19-201812-20-2018,sqlite_pipeline/html/43029.html,Không tìm thấy đội cho hạng 1st.
43030,csgo,placements_unavailable_or_unapproved,placements,tournament_only,https://www.esportsearnings.com/tournaments/43030-esea-rank-s-eu-12-20-201812-21-2018,sqlite_pipeline/html/43030.html,Không tìm thấy đội cho hạng 1st.
43074,csgo,placements_unavailable_or_unapproved,placements,tournament_only,https://www.esportsearnings.com/tournaments/43074-esea-rank-s-eu-12-21-201812-22-2018,sqlite_pipeline/html/43074.html,Không tìm thấy đội cho hạng 1st.
43075,csgo,placements_unavailable_or_unapproved,placements,tournament_only,https://www.esportsearnings.com/tournaments/43075-esea-rank-s-eu-12-22-201812-23-2018,sqlite_pipeline/html/43075.html,Không tìm thấy đội cho hạng 1st.
43266,csgo,placements_unavailable_or_unapproved,placements,tournament_only,https://www.esportsearnings.com/tournaments/43266-faceit-pro-league-eu-july-2020-csgo,sqlite_pipeline/html/43266.html,Không tìm thấy đội cho hạng 1st.
43301,csgo,placements_unavailable_or_unapproved,placements,tournament_only,https://www.esportsearnings.com/tournaments/43301-esea-rank-s-eu-12-23-201812-24-2018,sqlite_pipeline/html/43301.html,Không tìm thấy đội cho hạng 1st.
43302,csgo,placements_unavailable_or_unapproved,placements,tournament_only,https://www.esportsearnings.com/tournaments/43302-esea-rank-s-eu-12-24-201812-25-2018,sqlite_pipeline/html/43302.html,Không tìm thấy đội cho hạng 1st.
43303,csgo,placements_unavailable_or_unapproved,placements,tournament_only,https://www.esportsearnings.com/tournaments/43303-esea-rank-s-eu-12-25-201812-26-2018,sqlite_pipeline/html/43303.html,Không tìm thấy đội cho hạng 1st.
43331,csgo,placements_unavailable_or_unapproved,placements,tournament_only,https://www.esportsearnings.com/tournaments/43331-esea-rank-s-eu-12-26-201812-27-2018,sqlite_pipeline/html/43331.html,Không tìm thấy đội cho hạng 1st.
43332,csgo,placements_unavailable_or_unapproved,placements,tournament_only,https://www.esportsearnings.com/tournaments/43332-esea-rank-s-eu-12-27-201812-28-2018,sqlite_pipeline/html/43332.html,Không tìm thấy đội cho hạng 1st.
43333,csgo,placements_unavailable_or_unapproved,placements,tournament_only,https://www.esportsearnings.com/tournaments/43333-esea-rank-s-eu-12-28-201812-29-2018,sqlite_pipeline/html/43333.html,Không tìm thấy đội cho hạng 1st.
43334,csgo,placements_unavailable_or_unapproved,placements,tournament_only,https://www.esportsearnings.com/tournaments/43334-esea-rank-s-eu-12-29-201812-30-2018,sqlite_pipeline/html/43334.html,Không tìm thấy đội cho hạng 1st.
43335,csgo,placements_unavailable_or_unapproved,placements,tournament_only,https://www.esportsearnings.com/tournaments/43335-esea-rank-s-eu-12-30-201812-31-2018,sqlite_pipeline/html/43335.html,Không tìm thấy đội cho hạng 1st.
43336,csgo,placements_unavailable_or_unapproved,placements,tournament_only,https://www.esportsearnings.com/tournaments/43336-esea-rank-s-eu-12-31-201801-01-2019,sqlite_pipeline/html/43336.html,Không tìm thấy đội cho hạng 1st.
43337,csgo,prize_allocation_pending_review,placements,needs_review,https://www.esportsearnings.com/tournaments/43337-vie-gg-legend-series,batch_runs/csgo_resumable/html/43337.html,
43348,csgo,placements_unavailable_or_unapproved,placements,tournament_only,https://www.esportsearnings.com/tournaments/43348-esea-rank-s-eu-01-03-201901-04-2019,sqlite_pipeline/html/43348.html,Không tìm thấy đội cho hạng 1st.
43349,csgo,placements_unavailable_or_unapproved,placements,tournament_only,https://www.esportsearnings.com/tournaments/43349-esea-rank-s-eu-01-01-201901-02-2019,sqlite_pipeline/html/43349.html,Không tìm thấy đội cho hạng 1st.
43350,csgo,placements_unavailable_or_unapproved,placements,tournament_only,https://www.esportsearnings.com/tournaments/43350-esea-rank-s-eu-01-02-201901-03-2019,sqlite_pipeline/html/43350.html,Không tìm thấy đội cho hạng 1st.
43392,csgo,placements_unavailable_or_unapproved,placements,tournament_only,https://www.esportsearnings.com/tournaments/43392-esea-rank-s-eu-01-04-201901-05-2019,sqlite_pipeline/html/43392.html,Không tìm thấy đội cho hạng 1st.
43393,csgo,placements_unavailable_or_unapproved,placements,tournament_only,https://www.esportsearnings.com/tournaments/43393-esea-rank-s-eu-01-05-201901-06-2019,sqlite_pipeline/html/43393.html,Không tìm thấy đội cho hạng 1st.
43394,csgo,placements_unavailable_or_unapproved,placements,tournament_only,https://www.esportsearnings.com/tournaments/43394-esea-rank-s-eu-01-06-201901-07-2019,sqlite_pipeline/html/43394.html,Không tìm thấy đội cho hạng 1st.
43395,csgo,placements_unavailable_or_unapproved,placements,tournament_only,https://www.esportsearnings.com/tournaments/43395-esea-rank-s-eu-01-07-201901-08-2019,sqlite_pipeline/html/43395.html,Không tìm thấy đội cho hạng 1st.
43607,csgo,prize_allocation_pending_review,placements,needs_review,https://www.esportsearnings.com/tournaments/43607-esl-pro-league-season-12-europe,sqlite_pipeline/html/43607.html,
43735,csgo,placements_unavailable_or_unapproved,placements,tournament_only,https://www.esportsearnings.com/tournaments/43735-faceit-pro-league-eu-september-2020-csgo,sqlite_pipeline/html/43735.html,Không tìm thấy đội cho hạng 1st.
43736,csgo,placements_unavailable_or_unapproved,placements,tournament_only,https://www.esportsearnings.com/tournaments/43736-faceit-pro-league-eu-august-2020-csgo,sqlite_pipeline/html/43736.html,Không tìm thấy đội cho hạng 1st.
44071,csgo,placements_unavailable_or_unapproved,placements,tournament_only,https://www.esportsearnings.com/tournaments/44071-faceit-pro-league-eu-october-2020-csgo,sqlite_pipeline/html/44071.html,Không tìm thấy đội cho hạng 1st.
44627,csgo,placements_unavailable_or_unapproved,placements,tournament_only,https://www.esportsearnings.com/tournaments/44627-faceit-pro-league-eu-november-2020-csgo,sqlite_pipeline/html/44627.html,Không tìm thấy đội cho hạng 1st.
44742,csgo,placements_unavailable_or_unapproved,placements,tournament_only,https://www.esportsearnings.com/tournaments/44742-telia-eesti-open-2,sqlite_pipeline/html/44742.html,Đội bị trùng trong cùng giải.
45559,csgo,prize_allocation_pending_review,placements,needs_review,https://www.esportsearnings.com/tournaments/45559-snow-sweet-snow-1-csgo,sqlite_pipeline/html/45559.html,
45607,csgo,placements_unavailable_or_unapproved,placements,tournament_only,https://www.esportsearnings.com/tournaments/45607-esc-new-year-cup-1,batch_runs/csgo_resumable/html/45607.html,Không tìm thấy đội cho hạng 1st.
45791,csgo,prize_allocation_pending_review,placements,needs_review,https://www.esportsearnings.com/tournaments/45791-snow-sweet-snow-2-csgo,sqlite_pipeline/html/45791.html,
46135,csgo,prize_allocation_pending_review,placements,needs_review,https://www.esportsearnings.com/tournaments/46135-snow-sweet-snow-3-csgo,sqlite_pipeline/html/46135.html,
46189,csgo,prize_allocation_pending_review,placements,needs_review,https://www.esportsearnings.com/tournaments/46189-esl-pro-league-season-13,sqlite_pipeline/html/46189.html,
46453,csgo,placements_unavailable_or_unapproved,placements,tournament_only,https://www.esportsearnings.com/tournaments/46453-esea-rank-s-eu-01-08-201901-09-2019,sqlite_pipeline/html/46453.html,Không tìm thấy đội cho hạng 1st.
46454,csgo,placements_unavailable_or_unapproved,placements,tournament_only,https://www.esportsearnings.com/tournaments/46454-esea-rank-s-eu-01-09-201901-10-2019,sqlite_pipeline/html/46454.html,Không tìm thấy đội cho hạng 1st.
46455,csgo,placements_unavailable_or_unapproved,placements,tournament_only,https://www.esportsearnings.com/tournaments/46455-esea-rank-s-eu-01-10-201901-11-2019,sqlite_pipeline/html/46455.html,Không tìm thấy đội cho hạng 1st.
46456,csgo,placements_unavailable_or_unapproved,placements,tournament_only,https://www.esportsearnings.com/tournaments/46456-esea-rank-s-eu-01-11-201901-12-2019,sqlite_pipeline/html/46456.html,Không tìm thấy đội cho hạng 1st.
46457,csgo,placements_unavailable_or_unapproved,placements,tournament_only,https://www.esportsearnings.com/tournaments/46457-esea-rank-s-eu-01-12-201901-13-2019,sqlite_pipeline/html/46457.html,Không tìm thấy đội cho hạng 1st.
46458,csgo,placements_unavailable_or_unapproved,placements,tournament_only,https://www.esportsearnings.com/tournaments/46458-esea-rank-s-eu-01-13-201901-14-2019,sqlite_pipeline/html/46458.html,Không tìm thấy đội cho hạng 1st.
46459,csgo,placements_unavailable_or_unapproved,placements,tournament_only,https://www.esportsearnings.com/tournaments/46459-esea-rank-s-eu-01-14-201901-15-2019,sqlite_pipeline/html/46459.html,Không tìm thấy đội cho hạng 1st.
46460,csgo,placements_unavailable_or_unapproved,placements,tournament_only,https://www.esportsearnings.com/tournaments/46460-esea-rank-s-eu-01-15-201901-16-2019,sqlite_pipeline/html/46460.html,Không tìm thấy đội cho hạng 1st.
46461,csgo,placements_unavailable_or_unapproved,placements,tournament_only,https://www.esportsearnings.com/tournaments/46461-esea-rank-s-eu-01-16-201901-17-2019,sqlite_pipeline/html/46461.html,Không tìm thấy đội cho hạng 1st.
46462,csgo,placements_unavailable_or_unapproved,placements,tournament_only,https://www.esportsearnings.com/tournaments/46462-esea-rank-s-eu-01-17-201901-18-2019,sqlite_pipeline/html/46462.html,Không tìm thấy đội cho hạng 1st.
46568,csgo,prize_allocation_pending_review,placements,needs_review,https://www.esportsearnings.com/tournaments/46568-spring-sweet-spring-1,sqlite_pipeline/html/46568.html,
46854,csgo,placements_unavailable_or_unapproved,placements,tournament_only,https://www.esportsearnings.com/tournaments/46854-cbcs-elite-league-season-1,sqlite_pipeline/html/46854.html,Không đọc được hạng: DISQUALIFIED
46905,csgo,placements_unavailable_or_unapproved,placements,tournament_only,https://www.esportsearnings.com/tournaments/46905-esea-rank-s-eu-01-18-201901-19-2019,sqlite_pipeline/html/46905.html,Không tìm thấy đội cho hạng 1st.
46906,csgo,placements_unavailable_or_unapproved,placements,tournament_only,https://www.esportsearnings.com/tournaments/46906-esea-rank-s-eu-01-19-201901-20-2019,sqlite_pipeline/html/46906.html,Không tìm thấy đội cho hạng 1st.
46907,csgo,placements_unavailable_or_unapproved,placements,tournament_only,https://www.esportsearnings.com/tournaments/46907-esea-rank-s-eu-01-20-201901-21-2019,sqlite_pipeline/html/46907.html,Không tìm thấy đội cho hạng 1st.
46908,csgo,placements_unavailable_or_unapproved,placements,tournament_only,https://www.esportsearnings.com/tournaments/46908-esea-rank-s-eu-01-21-201901-22-2019,sqlite_pipeline/html/46908.html,Không tìm thấy đội cho hạng 1st.
46909,csgo,placements_unavailable_or_unapproved,placements,tournament_only,https://www.esportsearnings.com/tournaments/46909-esea-rank-s-eu-01-22-201901-23-2019,sqlite_pipeline/html/46909.html,Không tìm thấy đội cho hạng 1st.
46921,csgo,placements_unavailable_or_unapproved,placements,tournament_only,https://www.esportsearnings.com/tournaments/46921-esea-rank-s-eu-01-23-201901-24-2019,sqlite_pipeline/html/46921.html,Không tìm thấy đội cho hạng 1st.
46922,csgo,placements_unavailable_or_unapproved,placements,tournament_only,https://www.esportsearnings.com/tournaments/46922-esea-rank-s-eu-01-24-201901-25-2019,sqlite_pipeline/html/46922.html,Không tìm thấy đội cho hạng 1st.
46923,csgo,placements_unavailable_or_unapproved,placements,tournament_only,https://www.esportsearnings.com/tournaments/46923-esea-rank-s-eu-01-25-201901-26-2019,sqlite_pipeline/html/46923.html,Không tìm thấy đội cho hạng 1st.
46924,csgo,placements_unavailable_or_unapproved,placements,tournament_only,https://www.esportsearnings.com/tournaments/46924-esea-rank-s-eu-01-26-201901-27-2019,sqlite_pipeline/html/46924.html,Không tìm thấy đội cho hạng 1st.
46926,csgo,placements_unavailable_or_unapproved,placements,tournament_only,https://www.esportsearnings.com/tournaments/46926-esea-rank-s-eu-01-27-201901-28-2019,sqlite_pipeline/html/46926.html,Không tìm thấy đội cho hạng 1st.
46927,csgo,placements_unavailable_or_unapproved,placements,tournament_only,https://www.esportsearnings.com/tournaments/46927-esea-rank-s-eu-01-28-201901-29-2019,sqlite_pipeline/html/46927.html,Không tìm thấy đội cho hạng 1st.
46929,csgo,placements_unavailable_or_unapproved,placements,tournament_only,https://www.esportsearnings.com/tournaments/46929-esea-rank-s-eu-01-29-201901-30-2019,sqlite_pipeline/html/46929.html,Không tìm thấy đội cho hạng 1st.
46930,csgo,placements_unavailable_or_unapproved,placements,tournament_only,https://www.esportsearnings.com/tournaments/46930-esea-rank-s-eu-01-30-201901-31-2019,sqlite_pipeline/html/46930.html,Không tìm thấy đội cho hạng 1st.
46931,csgo,placements_unavailable_or_unapproved,placements,tournament_only,https://www.esportsearnings.com/tournaments/46931-esea-rank-s-eu-01-31-201902-01-2019,sqlite_pipeline/html/46931.html,Không tìm thấy đội cho hạng 1st.
46932,csgo,placements_unavailable_or_unapproved,placements,tournament_only,https://www.esportsearnings.com/tournaments/46932-esea-rank-s-eu-02-01-201902-02-2019,sqlite_pipeline/html/46932.html,Không tìm thấy đội cho hạng 1st.
46933,csgo,placements_unavailable_or_unapproved,placements,tournament_only,https://www.esportsearnings.com/tournaments/46933-esea-rank-s-eu-02-02-201902-03-2019,sqlite_pipeline/html/46933.html,Không tìm thấy đội cho hạng 1st.
46934,csgo,placements_unavailable_or_unapproved,placements,tournament_only,https://www.esportsearnings.com/tournaments/46934-esea-rank-s-eu-02-03-201902-04-2019,sqlite_pipeline/html/46934.html,Không tìm thấy đội cho hạng 1st.
46935,csgo,placements_unavailable_or_unapproved,placements,tournament_only,https://www.esportsearnings.com/tournaments/46935-esea-rank-s-eu-02-04-201902-05-2019,sqlite_pipeline/html/46935.html,Không tìm thấy đội cho hạng 1st.
46936,csgo,placements_unavailable_or_unapproved,placements,tournament_only,https://www.esportsearnings.com/tournaments/46936-esea-rank-s-eu-02-05-201902-06-2019,sqlite_pipeline/html/46936.html,Không tìm thấy đội cho hạng 1st.
46937,csgo,placements_unavailable_or_unapproved,placements,tournament_only,https://www.esportsearnings.com/tournaments/46937-esea-rank-s-eu-02-06-201902-07-2019,sqlite_pipeline/html/46937.html,Không tìm thấy đội cho hạng 1st.
46938,csgo,placements_unavailable_or_unapproved,placements,tournament_only,https://www.esportsearnings.com/tournaments/46938-esea-rank-s-eu-02-07-201902-08-2019,sqlite_pipeline/html/46938.html,Không tìm thấy đội cho hạng 1st.
46939,csgo,placements_unavailable_or_unapproved,placements,tournament_only,https://www.esportsearnings.com/tournaments/46939-esea-rank-s-eu-02-10-201902-11-2019,sqlite_pipeline/html/46939.html,Không tìm thấy đội cho hạng 1st.
46940,csgo,placements_unavailable_or_unapproved,placements,tournament_only,https://www.esportsearnings.com/tournaments/46940-esea-rank-s-eu-02-11-201902-12-2019,sqlite_pipeline/html/46940.html,Không tìm thấy đội cho hạng 1st.
46941,csgo,placements_unavailable_or_unapproved,placements,tournament_only,https://www.esportsearnings.com/tournaments/46941-esea-rank-s-eu-02-18-201902-19-2019,sqlite_pipeline/html/46941.html,Không tìm thấy đội cho hạng 1st.
46942,csgo,placements_unavailable_or_unapproved,placements,tournament_only,https://www.esportsearnings.com/tournaments/46942-esea-rank-s-eu-02-19-201902-20-2019,sqlite_pipeline/html/46942.html,Không tìm thấy đội cho hạng 1st.
46943,csgo,placements_unavailable_or_unapproved,placements,tournament_only,https://www.esportsearnings.com/tournaments/46943-esea-rank-s-eu-02-20-201902-21-2019,sqlite_pipeline/html/46943.html,Không tìm thấy đội cho hạng 1st.
46944,csgo,placements_unavailable_or_unapproved,placements,tournament_only,https://www.esportsearnings.com/tournaments/46944-esea-rank-s-eu-02-21-201902-22-2019,sqlite_pipeline/html/46944.html,Không tìm thấy đội cho hạng 1st.
46945,csgo,placements_unavailable_or_unapproved,placements,tournament_only,https://www.esportsearnings.com/tournaments/46945-esea-rank-s-eu-02-23-201902-24-2019,sqlite_pipeline/html/46945.html,Không tìm thấy đội cho hạng 1st.
46946,csgo,placements_unavailable_or_unapproved,placements,tournament_only,https://www.esportsearnings.com/tournaments/46946-esea-rank-s-eu-02-25-201902-26-2019,sqlite_pipeline/html/46946.html,Không tìm thấy đội cho hạng 1st.
46947,csgo,placements_unavailable_or_unapproved,placements,tournament_only,https://www.esportsearnings.com/tournaments/46947-esea-rank-s-eu-02-27-201902-28-2019,sqlite_pipeline/html/46947.html,Không tìm thấy đội cho hạng 1st.
46948,csgo,placements_unavailable_or_unapproved,placements,tournament_only,https://www.esportsearnings.com/tournaments/46948-esea-rank-s-eu-02-28-201903-01-2019,sqlite_pipeline/html/46948.html,Không tìm thấy đội cho hạng 1st.
46950,csgo,placements_unavailable_or_unapproved,placements,tournament_only,https://www.esportsearnings.com/tournaments/46950-esea-rank-s-eu-03-01-201903-02-2019,sqlite_pipeline/html/46950.html,Không tìm thấy đội cho hạng 1st.
46951,csgo,placements_unavailable_or_unapproved,placements,tournament_only,https://www.esportsearnings.com/tournaments/46951-esea-rank-s-eu-03-02-201903-03-2019,sqlite_pipeline/html/46951.html,Không tìm thấy đội cho hạng 1st.
46952,csgo,placements_unavailable_or_unapproved,placements,tournament_only,https://www.esportsearnings.com/tournaments/46952-esea-rank-s-eu-03-04-201903-05-2019,sqlite_pipeline/html/46952.html,Không tìm thấy đội cho hạng 1st.
46953,csgo,placements_unavailable_or_unapproved,placements,tournament_only,https://www.esportsearnings.com/tournaments/46953-esea-rank-s-eu-03-06-201903-07-2019,sqlite_pipeline/html/46953.html,Không tìm thấy đội cho hạng 1st.
46954,csgo,placements_unavailable_or_unapproved,placements,tournament_only,https://www.esportsearnings.com/tournaments/46954-esea-rank-s-eu-03-07-201903-08-2019,sqlite_pipeline/html/46954.html,Không tìm thấy đội cho hạng 1st.
46955,csgo,placements_unavailable_or_unapproved,placements,tournament_only,https://www.esportsearnings.com/tournaments/46955-esea-rank-s-eu-03-11-201903-12-2019,sqlite_pipeline/html/46955.html,Không tìm thấy đội cho hạng 1st.
46956,csgo,placements_unavailable_or_unapproved,placements,tournament_only,https://www.esportsearnings.com/tournaments/46956-esea-rank-s-eu-03-12-201903-13-2019,sqlite_pipeline/html/46956.html,Không tìm thấy đội cho hạng 1st.
46957,csgo,placements_unavailable_or_unapproved,placements,tournament_only,https://www.esportsearnings.com/tournaments/46957-esea-rank-s-eu-03-13-201903-14-2019,sqlite_pipeline/html/46957.html,Không tìm thấy đội cho hạng 1st.
46958,csgo,placements_unavailable_or_unapproved,placements,tournament_only,https://www.esportsearnings.com/tournaments/46958-esea-rank-s-eu-03-14-201903-15-2019,sqlite_pipeline/html/46958.html,Không tìm thấy đội cho hạng 1st.
46959,csgo,placements_unavailable_or_unapproved,placements,tournament_only,https://www.esportsearnings.com/tournaments/46959-esea-rank-s-eu-03-15-201903-16-2019,sqlite_pipeline/html/46959.html,Không tìm thấy đội cho hạng 1st.
46960,csgo,placements_unavailable_or_unapproved,placements,tournament_only,https://www.esportsearnings.com/tournaments/46960-esea-rank-s-eu-03-16-201903-17-2019,sqlite_pipeline/html/46960.html,Không tìm thấy đội cho hạng 1st.
46961,csgo,placements_unavailable_or_unapproved,placements,tournament_only,https://www.esportsearnings.com/tournaments/46961-esea-rank-s-eu-03-18-201903-19-2019,sqlite_pipeline/html/46961.html,Không tìm thấy đội cho hạng 1st.
46962,csgo,placements_unavailable_or_unapproved,placements,tournament_only,https://www.esportsearnings.com/tournaments/46962-esea-rank-s-eu-03-20-201903-21-2019,sqlite_pipeline/html/46962.html,Không tìm thấy đội cho hạng 1st.
46972,csgo,placements_unavailable_or_unapproved,placements,tournament_only,https://www.esportsearnings.com/tournaments/46972-esea-rank-s-eu-03-21-201903-22-2019,sqlite_pipeline/html/46972.html,Không tìm thấy đội cho hạng 1st.
46973,csgo,placements_unavailable_or_unapproved,placements,tournament_only,https://www.esportsearnings.com/tournaments/46973-esea-rank-s-eu-03-22-201903-23-2019,sqlite_pipeline/html/46973.html,Không tìm thấy đội cho hạng 1st.
46974,csgo,placements_unavailable_or_unapproved,placements,tournament_only,https://www.esportsearnings.com/tournaments/46974-esea-rank-s-eu-03-23-201903-24-2019,sqlite_pipeline/html/46974.html,Không tìm thấy đội cho hạng 1st.
46975,csgo,placements_unavailable_or_unapproved,placements,tournament_only,https://www.esportsearnings.com/tournaments/46975-esea-rank-s-eu-03-25-201903-26-2019,sqlite_pipeline/html/46975.html,Không tìm thấy đội cho hạng 1st.
46976,csgo,placements_unavailable_or_unapproved,placements,tournament_only,https://www.esportsearnings.com/tournaments/46976-esea-rank-s-eu-03-26-201903-27-2019,sqlite_pipeline/html/46976.html,Không tìm thấy đội cho hạng 1st.
46977,csgo,placements_unavailable_or_unapproved,placements,tournament_only,https://www.esportsearnings.com/tournaments/46977-esea-rank-s-eu-03-27-201903-28-2019,sqlite_pipeline/html/46977.html,Không tìm thấy đội cho hạng 1st.
46978,csgo,placements_unavailable_or_unapproved,placements,tournament_only,https://www.esportsearnings.com/tournaments/46978-esea-rank-s-eu-03-28-201903-29-2019,sqlite_pipeline/html/46978.html,Không tìm thấy đội cho hạng 1st.
46979,csgo,placements_unavailable_or_unapproved,placements,tournament_only,https://www.esportsearnings.com/tournaments/46979-esea-rank-s-eu-03-29-201903-30-2019,sqlite_pipeline/html/46979.html,Không tìm thấy đội cho hạng 1st.
46980,csgo,placements_unavailable_or_unapproved,placements,tournament_only,https://www.esportsearnings.com/tournaments/46980-esea-rank-s-eu-03-30-201903-31-2019,sqlite_pipeline/html/46980.html,Không tìm thấy đội cho hạng 1st.
46981,csgo,placements_unavailable_or_unapproved,placements,tournament_only,https://www.esportsearnings.com/tournaments/46981-esea-rank-s-eu-04-01-201904-02-2019,sqlite_pipeline/html/46981.html,Không tìm thấy đội cho hạng 1st.
46982,csgo,placements_unavailable_or_unapproved,placements,tournament_only,https://www.esportsearnings.com/tournaments/46982-esea-rank-s-eu-04-03-201904-04-2019,sqlite_pipeline/html/46982.html,Không tìm thấy đội cho hạng 1st.
46983,csgo,placements_unavailable_or_unapproved,placements,tournament_only,https://www.esportsearnings.com/tournaments/46983-esea-rank-s-eu-04-04-201904-05-2019,sqlite_pipeline/html/46983.html,Không tìm thấy đội cho hạng 1st.
46984,csgo,placements_unavailable_or_unapproved,placements,tournament_only,https://www.esportsearnings.com/tournaments/46984-esea-rank-s-eu-04-05-201904-06-2019,sqlite_pipeline/html/46984.html,Không tìm thấy đội cho hạng 1st.
46985,csgo,placements_unavailable_or_unapproved,placements,tournament_only,https://www.esportsearnings.com/tournaments/46985-esea-rank-s-eu-04-06-201904-07-2019,sqlite_pipeline/html/46985.html,Không tìm thấy đội cho hạng 1st.
46988,csgo,placements_unavailable_or_unapproved,placements,tournament_only,https://www.esportsearnings.com/tournaments/46988-esea-rank-s-eu-04-07-201904-08-2019,sqlite_pipeline/html/46988.html,Không tìm thấy đội cho hạng 1st.
46989,csgo,placements_unavailable_or_unapproved,placements,tournament_only,https://www.esportsearnings.com/tournaments/46989-esea-rank-s-eu-04-08-201904-09-2019,sqlite_pipeline/html/46989.html,Không tìm thấy đội cho hạng 1st.
46990,csgo,placements_unavailable_or_unapproved,placements,tournament_only,https://www.esportsearnings.com/tournaments/46990-esea-rank-s-eu-04-09-201904-10-2019,sqlite_pipeline/html/46990.html,Không tìm thấy đội cho hạng 1st.
46991,csgo,placements_unavailable_or_unapproved,placements,tournament_only,https://www.esportsearnings.com/tournaments/46991-esea-rank-s-eu-04-12-201904-13-2019,sqlite_pipeline/html/46991.html,Không tìm thấy đội cho hạng 1st.
46992,csgo,placements_unavailable_or_unapproved,placements,tournament_only,https://www.esportsearnings.com/tournaments/46992-esea-rank-s-eu-04-15-201904-16-2019,sqlite_pipeline/html/46992.html,Không tìm thấy đội cho hạng 1st.
46993,csgo,placements_unavailable_or_unapproved,placements,tournament_only,https://www.esportsearnings.com/tournaments/46993-esea-rank-s-eu-04-19-201904-20-2019,sqlite_pipeline/html/46993.html,Không tìm thấy đội cho hạng 1st.
46994,csgo,placements_unavailable_or_unapproved,placements,tournament_only,https://www.esportsearnings.com/tournaments/46994-esea-rank-s-eu-04-20-201904-21-2019,sqlite_pipeline/html/46994.html,Không tìm thấy đội cho hạng 1st.
47005,csgo,placements_unavailable_or_unapproved,placements,tournament_only,https://www.esportsearnings.com/tournaments/47005-esea-rank-s-eu-04-22-201904-23-2019,sqlite_pipeline/html/47005.html,Không tìm thấy đội cho hạng 1st.
47006,csgo,placements_unavailable_or_unapproved,placements,tournament_only,https://www.esportsearnings.com/tournaments/47006-esea-rank-s-eu-04-27-201904-28-2019,sqlite_pipeline/html/47006.html,Không tìm thấy đội cho hạng 1st.
47007,csgo,placements_unavailable_or_unapproved,placements,tournament_only,https://www.esportsearnings.com/tournaments/47007-esea-rank-s-eu-04-29-201904-30-2019,sqlite_pipeline/html/47007.html,Không tìm thấy đội cho hạng 1st.
47130,csgo,prize_allocation_pending_review,placements,needs_review,https://www.esportsearnings.com/tournaments/47130-cs-summit-8,sqlite_pipeline/html/47130.html,
47143,csgo,placements_unavailable_or_unapproved,placements,tournament_only,https://www.esportsearnings.com/tournaments/47143-esea-rank-s-eu-04-30-201905-01-2019,sqlite_pipeline/html/47143.html,Không tìm thấy đội cho hạng 1st.
47144,csgo,placements_unavailable_or_unapproved,placements,tournament_only,https://www.esportsearnings.com/tournaments/47144-esea-rank-s-eu-05-06-201905-07-2019,sqlite_pipeline/html/47144.html,Không tìm thấy đội cho hạng 1st.
47145,csgo,placements_unavailable_or_unapproved,placements,tournament_only,https://www.esportsearnings.com/tournaments/47145-esea-rank-s-eu-05-13-201905-14-2019,sqlite_pipeline/html/47145.html,Không tìm thấy đội cho hạng 1st.
47146,csgo,placements_unavailable_or_unapproved,placements,tournament_only,https://www.esportsearnings.com/tournaments/47146-esea-rank-s-eu-05-17-201905-18-2019,sqlite_pipeline/html/47146.html,Không tìm thấy đội cho hạng 1st.
47147,csgo,placements_unavailable_or_unapproved,placements,tournament_only,https://www.esportsearnings.com/tournaments/47147-esea-rank-s-eu-05-19-201905-20-2019,sqlite_pipeline/html/47147.html,Không tìm thấy đội cho hạng 1st.
47148,csgo,placements_unavailable_or_unapproved,placements,tournament_only,https://www.esportsearnings.com/tournaments/47148-esea-rank-s-eu-05-20-201905-21-2019,sqlite_pipeline/html/47148.html,Không tìm thấy đội cho hạng 1st.
47149,csgo,placements_unavailable_or_unapproved,placements,tournament_only,https://www.esportsearnings.com/tournaments/47149-esea-rank-s-eu-05-22-201905-23-2019,sqlite_pipeline/html/47149.html,Không tìm thấy đội cho hạng 1st.
47150,csgo,placements_unavailable_or_unapproved,placements,tournament_only,https://www.esportsearnings.com/tournaments/47150-esea-rank-s-eu-05-24-201905-25-2019,sqlite_pipeline/html/47150.html,Không tìm thấy đội cho hạng 1st.
47151,csgo,placements_unavailable_or_unapproved,placements,tournament_only,https://www.esportsearnings.com/tournaments/47151-esea-rank-s-eu-05-25-201905-26-2019,sqlite_pipeline/html/47151.html,Không tìm thấy đội cho hạng 1st.
47152,csgo,placements_unavailable_or_unapproved,placements,tournament_only,https://www.esportsearnings.com/tournaments/47152-esea-rank-s-eu-05-27-201905-28-2019,sqlite_pipeline/html/47152.html,Không tìm thấy đội cho hạng 1st.
47180,csgo,prize_allocation_pending_review,placements,needs_review,https://www.esportsearnings.com/tournaments/47180-spring-sweet-spring-2,sqlite_pipeline/html/47180.html,
47641,csgo,prize_allocation_pending_review,placements,needs_review,https://www.esportsearnings.com/tournaments/47641-spring-sweet-spring-3,sqlite_pipeline/html/47641.html,
47688,csgo,placements_unavailable_or_unapproved,placements,tournament_only,https://www.esportsearnings.com/tournaments/47688-esea-rank-s-eu-05-30-201905-31-2019,sqlite_pipeline/html/47688.html,Không tìm thấy đội cho hạng 1st.
47689,csgo,placements_unavailable_or_unapproved,placements,tournament_only,https://www.esportsearnings.com/tournaments/47689-esea-rank-s-eu-05-31-201906-01-2019,sqlite_pipeline/html/47689.html,Không tìm thấy đội cho hạng 1st.
47690,csgo,placements_unavailable_or_unapproved,placements,tournament_only,https://www.esportsearnings.com/tournaments/47690-esea-rank-s-eu-06-03-201906-04-2019,sqlite_pipeline/html/47690.html,Không tìm thấy đội cho hạng 1st.
47691,csgo,placements_unavailable_or_unapproved,placements,tournament_only,https://www.esportsearnings.com/tournaments/47691-esea-rank-s-eu-06-04-201906-05-2019,sqlite_pipeline/html/47691.html,Không tìm thấy đội cho hạng 1st.
47692,csgo,placements_unavailable_or_unapproved,placements,tournament_only,https://www.esportsearnings.com/tournaments/47692-esea-rank-s-eu-06-10-201906-11-2019,sqlite_pipeline/html/47692.html,Không tìm thấy đội cho hạng 1st.
47693,csgo,placements_unavailable_or_unapproved,placements,tournament_only,https://www.esportsearnings.com/tournaments/47693-esea-rank-s-eu-06-12-201906-13-2019,sqlite_pipeline/html/47693.html,Không tìm thấy đội cho hạng 1st.
48589,csgo,placements_unavailable_or_unapproved,placements,tournament_only,https://www.esportsearnings.com/tournaments/48589-esea-rank-s-eu-06-14-201906-15-2019,sqlite_pipeline/html/48589.html,Không tìm thấy đội cho hạng 1st.
48590,csgo,placements_unavailable_or_unapproved,placements,tournament_only,https://www.esportsearnings.com/tournaments/48590-esea-rank-s-eu-06-17-201906-18-2019,sqlite_pipeline/html/48590.html,Không tìm thấy đội cho hạng 1st.
48591,csgo,placements_unavailable_or_unapproved,placements,tournament_only,https://www.esportsearnings.com/tournaments/48591-esea-rank-s-eu-06-19-201906-20-2019,sqlite_pipeline/html/48591.html,Không tìm thấy đội cho hạng 1st.
48592,csgo,placements_unavailable_or_unapproved,placements,tournament_only,https://www.esportsearnings.com/tournaments/48592-esea-rank-s-eu-06-21-201906-22-2019,sqlite_pipeline/html/48592.html,Không tìm thấy đội cho hạng 1st.
48686,csgo,prize_allocation_pending_review,placements,needs_review,https://www.esportsearnings.com/tournaments/48686-malta-vibes-knockout-series-1,sqlite_pipeline/html/48686.html,
48847,csgo,prize_allocation_pending_review,placements,needs_review,https://www.esportsearnings.com/tournaments/48847-esl-pro-league-season-14,sqlite_pipeline/html/48847.html,
48871,csgo,placements_unavailable_or_unapproved,placements,tournament_only,https://www.esportsearnings.com/tournaments/48871-faceit-pro-league-eu-december-2020-csgo,sqlite_pipeline/html/48871.html,Không tìm thấy đội cho hạng 1st.
48911,csgo,ambiguous_source_team_id,team_identity,matched,https://www.esportsearnings.com/tournaments/48911-insane-fastcup-1,sqlite_pipeline/html/48911.html,
49115,csgo,supplementary_roster_allocation_needs_review,placements,matched,https://www.esportsearnings.com/tournaments/49115-esea-na-csgo-im-season-38-playoffs,sqlite_pipeline/html/49115.html,
50032,csgo,prize_allocation_pending_review,placements,needs_review,https://www.esportsearnings.com/tournaments/50032-esl-meisterschaft-autumn-2021-csgo,sqlite_pipeline/html/50032.html,
5074,csgo,placements_unavailable_or_unapproved,placements,tournament_only,https://www.esportsearnings.com/tournaments/5074-fragbite-masters-2014-csgo,batch_runs/csgo_resumable/html/5074.html,Không đọc được hạng: See Note
51040,csgo,placements_unavailable_or_unapproved,placements,tournament_only,https://www.esportsearnings.com/tournaments/51040-esc-new-year-cup-2,batch_runs/20261005T043255771750Z/html/51040.html,Không tìm thấy đội cho hạng 1st.
51065,csgo,placements_unavailable_or_unapproved,placements,tournament_only,https://www.esportsearnings.com/tournaments/51065-faceit-pro-league-eu-december-2021-csgo,sqlite_pipeline/html/51065.html,Không tìm thấy đội cho hạng 1st.
51989,csgo,prize_allocation_pending_review,placements,needs_review,https://www.esportsearnings.com/tournaments/51989-esl-pro-league-season-15,sqlite_pipeline/html/51989.html,
52669,csgo,prize_allocation_pending_review,placements,needs_review,https://www.esportsearnings.com/tournaments/52669-thunderpick-bitcoin-series-2,batch_runs/csgo_resumable/html/52669.html,
54572,csgo,placements_unavailable_or_unapproved,placements,tournament_only,https://www.esportsearnings.com/tournaments/54572-hawaii-esports-league-2020-csgo,batch_runs/csgo_resumable/html/54572.html,Đội bị trùng trong cùng giải.
55159,csgo,placements_unavailable_or_unapproved,placements,tournament_only,https://www.esportsearnings.com/tournaments/55159-marathon-aim-the-push-2022-07-30,batch_runs/csgo_resumable/html/55159.html,Không tìm thấy đội cho hạng 1st.
55160,csgo,placements_unavailable_or_unapproved,placements,tournament_only,https://www.esportsearnings.com/tournaments/55160-csgo-allstars-aim-tournament,batch_runs/csgo_resumable/html/55160.html,Không tìm thấy đội cho hạng 1st.
55596,csgo,ambiguous_source_team_id,team_identity,matched,https://www.esportsearnings.com/tournaments/55596-fragadelphia-17,batch_runs/csgo_resumable/html/55596.html,
55605,csgo,placements_unavailable_or_unapproved,placements,tournament_only,https://www.esportsearnings.com/tournaments/55605-scope-gods-2022-09-12,batch_runs/csgo_resumable/html/55605.html,Không tìm thấy đội cho hạng 1st.
55606,csgo,placements_unavailable_or_unapproved,placements,tournament_only,https://www.esportsearnings.com/tournaments/55606-marathon-aim-the-push-2022-09-11,batch_runs/csgo_resumable/html/55606.html,Không tìm thấy đội cho hạng 1st.
55608,csgo,placements_unavailable_or_unapproved,placements,tournament_only,https://www.esportsearnings.com/tournaments/55608-marathon-aim-the-push-2022-09-09,batch_runs/csgo_resumable/html/55608.html,Không tìm thấy đội cho hạng 1st.
55622,csgo,prize_allocation_pending_review,placements,needs_review,https://www.esportsearnings.com/tournaments/55622-cbcs-elite-league-2022-season-1,batch_runs/csgo_resumable/html/55622.html,
55821,csgo,placements_unavailable_or_unapproved,placements,tournament_only,https://www.esportsearnings.com/tournaments/55821-marathon-weeks-marathon-aim-2022-09-15,batch_runs/csgo_resumable/html/55821.html,Không tìm thấy đội cho hạng 1st.
55914,csgo,prize_allocation_pending_review,placements,needs_review,https://www.esportsearnings.com/tournaments/55914-rog-masters-asia-pacific-2021,batch_runs/csgo_resumable/html/55914.html,
55964,csgo,prize_allocation_pending_review,placements,needs_review,https://www.esportsearnings.com/tournaments/55964-esl-pro-league-season-16,batch_runs/csgo_resumable/html/55964.html,
56091,csgo,placements_unavailable_or_unapproved,placements,tournament_only,https://www.esportsearnings.com/tournaments/56091-spearhead-weekly-leaderboard-2022-09-28,batch_runs/csgo_resumable/html/56091.html,Không tìm thấy đội cho hạng 1st.
56092,csgo,placements_unavailable_or_unapproved,placements,tournament_only,https://www.esportsearnings.com/tournaments/56092-marathon-aim-weekly-leaderboard-2022-09-22,batch_runs/csgo_resumable/html/56092.html,Không tìm thấy đội cho hạng 1st.
56969,csgo,placements_unavailable_or_unapproved,placements,tournament_only,https://www.esportsearnings.com/tournaments/56969-marathon-weeks-marathon-aim-2022-11-01,batch_runs/csgo_resumable/html/56969.html,Không tìm thấy đội cho hạng 1st.
57384,csgo,placements_unavailable_or_unapproved,placements,tournament_only,https://www.esportsearnings.com/tournaments/57384-gfl-surf-tournament-2022,batch_runs/20261005T043255771750Z/html/57384.html,Không tìm thấy đội cho hạng 1st.
58456,csgo,placements_unavailable_or_unapproved,placements,tournament_only,https://www.esportsearnings.com/tournaments/58456-aim-masters-2022-12-24,batch_runs/csgo_resumable/html/58456.html,Không tìm thấy đội cho hạng 1st.
58457,csgo,placements_unavailable_or_unapproved,placements,tournament_only,https://www.esportsearnings.com/tournaments/58457-marathon-aim-the-push-2021-12-31,batch_runs/csgo_resumable/html/58457.html,Không tìm thấy đội cho hạng 1st.
5873,csgo,ambiguous_source_team_id,team_identity,matched,https://www.esportsearnings.com/tournaments/5873-pxl-lan-37-csgo,sqlite_pipeline/html/5873.html,
59664,csgo,placements_unavailable_or_unapproved,placements,tournament_only,https://www.esportsearnings.com/tournaments/59664-esl-meisterschaft-autumn-2022-csgo,batch_runs/csgo_resumable/html/59664.html,Không đọc được hạng: See Note
6087,csgo,ambiguous_source_team_id,team_identity,rounding_difference,https://www.esportsearnings.com/tournaments/6087-eps-germany-summer-2014-csgo-cup-3,batch_runs/csgo_resumable/html/6087.html,
6156,csgo,placements_unavailable_or_unapproved,placements,tournament_only,https://www.esportsearnings.com/tournaments/6156-f3-academy-league,batch_runs/csgo_resumable/html/6156.html,Đội bị trùng trong cùng giải.
61566,csgo,prize_allocation_pending_review,placements,needs_review,https://www.esportsearnings.com/tournaments/61566-all-in-series,batch_runs/csgo_resumable/html/61566.html,
61686,csgo,prize_allocation_pending_review,placements,needs_review,https://www.esportsearnings.com/tournaments/61686-esl-challenger-league-season-45-eu,batch_runs/csgo_resumable/html/61686.html,
62067,csgo,prize_allocation_pending_review,placements,needs_review,https://www.esportsearnings.com/tournaments/62067-y-games-pro-series-2023,batch_runs/csgo_resumable/html/62067.html,
62823,csgo,placements_unavailable_or_unapproved,placements,tournament_only,https://www.esportsearnings.com/tournaments/62823-faceit-pro-league-eu-january-2021-csgo,sqlite_pipeline/html/62823.html,Không tìm thấy đội cho hạng 1st.
62824,csgo,placements_unavailable_or_unapproved,placements,tournament_only,https://www.esportsearnings.com/tournaments/62824-faceit-pro-league-eu-february-2021-csgo,sqlite_pipeline/html/62824.html,Không tìm thấy đội cho hạng 1st.
62825,csgo,placements_unavailable_or_unapproved,placements,tournament_only,https://www.esportsearnings.com/tournaments/62825-faceit-pro-league-eu-march-2021-csgo,sqlite_pipeline/html/62825.html,Không tìm thấy đội cho hạng 1st.
62826,csgo,placements_unavailable_or_unapproved,placements,tournament_only,https://www.esportsearnings.com/tournaments/62826-faceit-pro-league-eu-april-2021-csgo,sqlite_pipeline/html/62826.html,Không tìm thấy đội cho hạng 1st.
62827,csgo,placements_unavailable_or_unapproved,placements,tournament_only,https://www.esportsearnings.com/tournaments/62827-faceit-pro-league-eu-may-2021-csgo,sqlite_pipeline/html/62827.html,Không tìm thấy đội cho hạng 1st.
62828,csgo,placements_unavailable_or_unapproved,placements,tournament_only,https://www.esportsearnings.com/tournaments/62828-faceit-pro-league-eu-june-2021-csgo,sqlite_pipeline/html/62828.html,Không tìm thấy đội cho hạng 1st.
62829,csgo,placements_unavailable_or_unapproved,placements,tournament_only,https://www.esportsearnings.com/tournaments/62829-faceit-pro-league-eu-july-2021-csgo,sqlite_pipeline/html/62829.html,Không tìm thấy đội cho hạng 1st.
62830,csgo,placements_unavailable_or_unapproved,placements,tournament_only,https://www.esportsearnings.com/tournaments/62830-faceit-pro-league-eu-august-2021-csgo,sqlite_pipeline/html/62830.html,Không tìm thấy đội cho hạng 1st.
62834,csgo,placements_unavailable_or_unapproved,placements,tournament_only,https://www.esportsearnings.com/tournaments/62834-faceit-pro-league-eu-october-2021-csgo,sqlite_pipeline/html/62834.html,Không tìm thấy đội cho hạng 1st.
62835,csgo,placements_unavailable_or_unapproved,placements,tournament_only,https://www.esportsearnings.com/tournaments/62835-faceit-pro-league-eu-september-2021-csgo,sqlite_pipeline/html/62835.html,Không tìm thấy đội cho hạng 1st.
62841,csgo,placements_unavailable_or_unapproved,placements,tournament_only,https://www.esportsearnings.com/tournaments/62841-faceit-pro-league-eu-november-2021-csgo,sqlite_pipeline/html/62841.html,Không tìm thấy đội cho hạng 1st.
62850,csgo,placements_unavailable_or_unapproved,placements,tournament_only,https://www.esportsearnings.com/tournaments/62850-faceit-pro-league-eu-january-2022-csgo,sqlite_pipeline/html/62850.html,Không tìm thấy đội cho hạng 1st.
62851,csgo,placements_unavailable_or_unapproved,placements,tournament_only,https://www.esportsearnings.com/tournaments/62851-faceit-pro-league-eu-february-2022-csgo,sqlite_pipeline/html/62851.html,Không tìm thấy đội cho hạng 1st.
62867,csgo,placements_unavailable_or_unapproved,placements,tournament_only,https://www.esportsearnings.com/tournaments/62867-faceit-pro-league-eu-march-2022-csgo,sqlite_pipeline/html/62867.html,Không tìm thấy đội cho hạng 1st.
62969,csgo,placements_unavailable_or_unapproved,placements,tournament_only,https://www.esportsearnings.com/tournaments/62969-perfect-world-arena-premier-league-season-3-brave-division,batch_runs/csgo_resumable/html/62969.html,Đội bị trùng trong cùng giải.
62970,csgo,placements_unavailable_or_unapproved,placements,tournament_only,https://www.esportsearnings.com/tournaments/62970-faceit-pro-league-eu-april-week-1-2022-csgo,sqlite_pipeline/html/62970.html,Không tìm thấy đội cho hạng 1st.
62971,csgo,placements_unavailable_or_unapproved,placements,tournament_only,https://www.esportsearnings.com/tournaments/62971-faceit-pro-league-eu-april-week-2-2022-csgo,sqlite_pipeline/html/62971.html,Không tìm thấy đội cho hạng 1st.
62972,csgo,placements_unavailable_or_unapproved,placements,tournament_only,https://www.esportsearnings.com/tournaments/62972-faceit-pro-league-eu-april-week-3-2022-csgo,sqlite_pipeline/html/62972.html,Không tìm thấy đội cho hạng 1st.
62973,csgo,placements_unavailable_or_unapproved,placements,tournament_only,https://www.esportsearnings.com/tournaments/62973-faceit-pro-league-eu-april-week-4-2022-csgo,sqlite_pipeline/html/62973.html,Không tìm thấy đội cho hạng 1st.
62974,csgo,placements_unavailable_or_unapproved,placements,tournament_only,https://www.esportsearnings.com/tournaments/62974-faceit-pro-league-eu-may-2023-csgo,sqlite_pipeline/html/62974.html,Không tìm thấy đội cho hạng 1st.
62975,csgo,placements_unavailable_or_unapproved,placements,tournament_only,https://www.esportsearnings.com/tournaments/62975-faceit-pro-league-eu-june-2022-csgo,sqlite_pipeline/html/62975.html,Không tìm thấy đội cho hạng 1st.
62976,csgo,invalid_date,both,tournament_only,https://www.esportsearnings.com/tournaments/62976-faceit-pro-league-eu-june-week-1-2022-csgo,sqlite_pipeline/html/62976.html,Không tìm thấy đội cho hạng 1st.
63004,csgo,placements_unavailable_or_unapproved,placements,tournament_only,https://www.esportsearnings.com/tournaments/63004-faceit-pro-league-eu-july-2023-csgo,sqlite_pipeline/html/63004.html,Không tìm thấy đội cho hạng 1st.
63005,csgo,placements_unavailable_or_unapproved,placements,tournament_only,https://www.esportsearnings.com/tournaments/63005-faceit-pro-league-eu-june-2023-csgo,sqlite_pipeline/html/63005.html,Không tìm thấy đội cho hạng 1st.
63006,csgo,placements_unavailable_or_unapproved,placements,tournament_only,https://www.esportsearnings.com/tournaments/63006-faceit-pro-league-eu-april-2023-csgo,sqlite_pipeline/html/63006.html,Không tìm thấy đội cho hạng 1st.
63007,csgo,placements_unavailable_or_unapproved,placements,tournament_only,https://www.esportsearnings.com/tournaments/63007-faceit-pro-league-eu-march-2023-csgo,sqlite_pipeline/html/63007.html,Không tìm thấy đội cho hạng 1st.
63008,csgo,placements_unavailable_or_unapproved,placements,tournament_only,https://www.esportsearnings.com/tournaments/63008-faceit-pro-league-eu-february-2023-csgo,sqlite_pipeline/html/63008.html,Không tìm thấy đội cho hạng 1st.
63009,csgo,placements_unavailable_or_unapproved,placements,tournament_only,https://www.esportsearnings.com/tournaments/63009-faceit-pro-league-eu-january-2023-csgo,sqlite_pipeline/html/63009.html,Không tìm thấy đội cho hạng 1st.
63010,csgo,placements_unavailable_or_unapproved,placements,tournament_only,https://www.esportsearnings.com/tournaments/63010-faceit-pro-league-eu-august-2022-csgo,sqlite_pipeline/html/63010.html,Không tìm thấy đội cho hạng 1st.
63011,csgo,placements_unavailable_or_unapproved,placements,tournament_only,https://www.esportsearnings.com/tournaments/63011-faceit-pro-league-eu-july-2022-csgo,sqlite_pipeline/html/63011.html,Không tìm thấy đội cho hạng 1st.
63012,csgo,placements_unavailable_or_unapproved,placements,tournament_only,https://www.esportsearnings.com/tournaments/63012-faceit-pro-league-eu-september-2022-csgo,sqlite_pipeline/html/63012.html,Không tìm thấy đội cho hạng 1st.
63013,csgo,placements_unavailable_or_unapproved,placements,tournament_only,https://www.esportsearnings.com/tournaments/63013-faceit-pro-league-eu-october-2022-csgo,sqlite_pipeline/html/63013.html,Không tìm thấy đội cho hạng 1st.
63014,csgo,placements_unavailable_or_unapproved,placements,tournament_only,https://www.esportsearnings.com/tournaments/63014-faceit-pro-league-eu-november-2022-csgo,sqlite_pipeline/html/63014.html,Không tìm thấy đội cho hạng 1st.
63015,csgo,placements_unavailable_or_unapproved,placements,tournament_only,https://www.esportsearnings.com/tournaments/63015-faceit-pro-league-eu-december-2022-csgo,sqlite_pipeline/html/63015.html,Không tìm thấy đội cho hạng 1st.
6366,csgo,invalid_date,both,matched,https://www.esportsearnings.com/tournaments/6366-hitbox-arena-showdown,batch_runs/csgo_resumable/html/6366.html,
63905,csgo,prize_allocation_pending_review,placements,needs_review,https://www.esportsearnings.com/tournaments/63905-perfect-world-arena-premier-league-season-4-challenger,batch_runs/csgo_resumable/html/63905.html,
63993,csgo,placements_unavailable_or_unapproved,placements,tournament_only,https://www.esportsearnings.com/tournaments/63993-faceit-pro-league-eu-august-2023-csgo,sqlite_pipeline/html/63993.html,Không tìm thấy đội cho hạng 1st.
64198,csgo,placements_unavailable_or_unapproved,placements,tournament_only,https://www.esportsearnings.com/tournaments/64198-faceit-pro-league-na-august-2023-week-1-csgo,sqlite_pipeline/html/64198.html,Không tìm thấy đội cho hạng 1st.
64199,csgo,placements_unavailable_or_unapproved,placements,tournament_only,https://www.esportsearnings.com/tournaments/64199-faceit-pro-league-na-august-2023-week-2-csgo,sqlite_pipeline/html/64199.html,Không tìm thấy đội cho hạng 1st.
64200,csgo,placements_unavailable_or_unapproved,placements,tournament_only,https://www.esportsearnings.com/tournaments/64200-faceit-pro-league-na-august-2023-week-3-csgo,sqlite_pipeline/html/64200.html,Không tìm thấy đội cho hạng 1st.
64201,csgo,placements_unavailable_or_unapproved,placements,tournament_only,https://www.esportsearnings.com/tournaments/64201-faceit-pro-league-na-august-2023-week-4-csgo,sqlite_pipeline/html/64201.html,Không tìm thấy đội cho hạng 1st.
64331,csgo,placements_unavailable_or_unapproved,placements,tournament_only,https://www.esportsearnings.com/tournaments/64331-fpl-c-europe-35-2020-csgo,batch_runs/csgo_resumable/html/64331.html,Không tìm thấy đội cho hạng 1st.
64332,csgo,placements_unavailable_or_unapproved,placements,tournament_only,https://www.esportsearnings.com/tournaments/64332-fpl-c-europe-36-2020-csgo,batch_runs/csgo_resumable/html/64332.html,Không tìm thấy đội cho hạng 1st.
64333,csgo,placements_unavailable_or_unapproved,placements,tournament_only,https://www.esportsearnings.com/tournaments/64333-fpl-c-europe-37-2020-csgo,batch_runs/csgo_resumable/html/64333.html,Không tìm thấy đội cho hạng 1st.
64334,csgo,placements_unavailable_or_unapproved,placements,tournament_only,https://www.esportsearnings.com/tournaments/64334-fpl-c-europe-38-2020-csgo,batch_runs/csgo_resumable/html/64334.html,Không tìm thấy đội cho hạng 1st.
64828,csgo,placements_unavailable_or_unapproved,placements,tournament_only,https://www.esportsearnings.com/tournaments/64828-fpl-c-europe-39-2020-csgo,batch_runs/csgo_resumable/html/64828.html,Không tìm thấy đội cho hạng 1st.
64829,csgo,placements_unavailable_or_unapproved,placements,tournament_only,https://www.esportsearnings.com/tournaments/64829-fpl-c-europe-40-2020-csgo,batch_runs/csgo_resumable/html/64829.html,Không tìm thấy đội cho hạng 1st.
64830,csgo,placements_unavailable_or_unapproved,placements,tournament_only,https://www.esportsearnings.com/tournaments/64830-fpl-c-europe-41-2020-csgo,batch_runs/csgo_resumable/html/64830.html,Không tìm thấy đội cho hạng 1st.
64831,csgo,placements_unavailable_or_unapproved,placements,tournament_only,https://www.esportsearnings.com/tournaments/64831-fpl-c-europe-42-2021-csgo,batch_runs/csgo_resumable/html/64831.html,Không tìm thấy đội cho hạng 1st.
64832,csgo,placements_unavailable_or_unapproved,placements,tournament_only,https://www.esportsearnings.com/tournaments/64832-fpl-c-europe-43-2021-csgo,batch_runs/csgo_resumable/html/64832.html,Không tìm thấy đội cho hạng 1st.
64833,csgo,placements_unavailable_or_unapproved,placements,tournament_only,https://www.esportsearnings.com/tournaments/64833-fpl-c-europe-44-2021-csgo,batch_runs/csgo_resumable/html/64833.html,Không tìm thấy đội cho hạng 1st.
64834,csgo,placements_unavailable_or_unapproved,placements,tournament_only,https://www.esportsearnings.com/tournaments/64834-fpl-c-europe-45-2021-csgo,batch_runs/csgo_resumable/html/64834.html,Không tìm thấy đội cho hạng 1st.
64836,csgo,placements_unavailable_or_unapproved,placements,tournament_only,https://www.esportsearnings.com/tournaments/64836-fpl-c-europe-46-2021-csgo,batch_runs/csgo_resumable/html/64836.html,Không tìm thấy đội cho hạng 1st.
64837,csgo,placements_unavailable_or_unapproved,placements,tournament_only,https://www.esportsearnings.com/tournaments/64837-fpl-c-europe-47-2021-csgo,batch_runs/csgo_resumable/html/64837.html,Không tìm thấy đội cho hạng 1st.
64838,csgo,placements_unavailable_or_unapproved,placements,tournament_only,https://www.esportsearnings.com/tournaments/64838-fpl-c-europe-48-2021-csgo,batch_runs/csgo_resumable/html/64838.html,Không tìm thấy đội cho hạng 1st.
64839,csgo,placements_unavailable_or_unapproved,placements,tournament_only,https://www.esportsearnings.com/tournaments/64839-fpl-c-europe-49-2021-csgo,batch_runs/csgo_resumable/html/64839.html,Không tìm thấy đội cho hạng 1st.
64840,csgo,placements_unavailable_or_unapproved,placements,tournament_only,https://www.esportsearnings.com/tournaments/64840-fpl-c-europe-50-2021-csgo,batch_runs/csgo_resumable/html/64840.html,Không tìm thấy đội cho hạng 1st.
64841,csgo,placements_unavailable_or_unapproved,placements,tournament_only,https://www.esportsearnings.com/tournaments/64841-fpl-c-europe-51-2021-csgo,batch_runs/csgo_resumable/html/64841.html,Không tìm thấy đội cho hạng 1st.
64842,csgo,placements_unavailable_or_unapproved,placements,tournament_only,https://www.esportsearnings.com/tournaments/64842-fpl-c-europe-52-2021-csgo,batch_runs/csgo_resumable/html/64842.html,Không tìm thấy đội cho hạng 1st.
64843,csgo,placements_unavailable_or_unapproved,placements,tournament_only,https://www.esportsearnings.com/tournaments/64843-fpl-c-europe-53-2021-csgo,batch_runs/csgo_resumable/html/64843.html,Không tìm thấy đội cho hạng 1st.
64855,csgo,placements_unavailable_or_unapproved,placements,tournament_only,https://www.esportsearnings.com/tournaments/64855-fpl-c-europe-54-2022-csgo,batch_runs/csgo_resumable/html/64855.html,Không tìm thấy đội cho hạng 1st.
64856,csgo,placements_unavailable_or_unapproved,placements,tournament_only,https://www.esportsearnings.com/tournaments/64856-fpl-c-europe-55-2022-csgo,batch_runs/csgo_resumable/html/64856.html,Không tìm thấy đội cho hạng 1st.
64857,csgo,placements_unavailable_or_unapproved,placements,tournament_only,https://www.esportsearnings.com/tournaments/64857-fpl-c-europe-march-2022-csgo,batch_runs/csgo_resumable/html/64857.html,Không tìm thấy đội cho hạng 1st.
64858,csgo,placements_unavailable_or_unapproved,placements,tournament_only,https://www.esportsearnings.com/tournaments/64858-fpl-c-europe-april-2022-csgo,batch_runs/csgo_resumable/html/64858.html,Không tìm thấy đội cho hạng 1st.
64935,csgo,placements_unavailable_or_unapproved,placements,tournament_only,https://www.esportsearnings.com/tournaments/64935-fpl-c-europe-may-2022-csgo,batch_runs/csgo_resumable/html/64935.html,Không tìm thấy đội cho hạng 1st.
64936,csgo,placements_unavailable_or_unapproved,placements,tournament_only,https://www.esportsearnings.com/tournaments/64936-fpl-c-europe-june-2022-csgo,batch_runs/csgo_resumable/html/64936.html,Không tìm thấy đội cho hạng 1st.
64937,csgo,placements_unavailable_or_unapproved,placements,tournament_only,https://www.esportsearnings.com/tournaments/64937-fpl-c-europe-july-2022-csgo,batch_runs/csgo_resumable/html/64937.html,Không tìm thấy đội cho hạng 1st.
64938,csgo,placements_unavailable_or_unapproved,placements,tournament_only,https://www.esportsearnings.com/tournaments/64938-fpl-c-europe-august-2022-csgo,batch_runs/csgo_resumable/html/64938.html,Không tìm thấy đội cho hạng 1st.
64939,csgo,placements_unavailable_or_unapproved,placements,tournament_only,https://www.esportsearnings.com/tournaments/64939-fpl-c-europe-september-2022-csgo,batch_runs/csgo_resumable/html/64939.html,Không tìm thấy đội cho hạng 1st.
64940,csgo,placements_unavailable_or_unapproved,placements,tournament_only,https://www.esportsearnings.com/tournaments/64940-fpl-c-europe-october-2022-csgo,batch_runs/csgo_resumable/html/64940.html,Không tìm thấy đội cho hạng 1st.
64941,csgo,placements_unavailable_or_unapproved,placements,tournament_only,https://www.esportsearnings.com/tournaments/64941-fpl-c-europe-november-2022-csgo,batch_runs/csgo_resumable/html/64941.html,Không tìm thấy đội cho hạng 1st.
64942,csgo,placements_unavailable_or_unapproved,placements,tournament_only,https://www.esportsearnings.com/tournaments/64942-fpl-c-europe-december-2022-csgo,batch_runs/csgo_resumable/html/64942.html,Không tìm thấy đội cho hạng 1st.
65078,csgo,placements_unavailable_or_unapproved,placements,tournament_only,https://www.esportsearnings.com/tournaments/65078-fpl-c-europe-january-2023-csgo,batch_runs/csgo_resumable/html/65078.html,Không tìm thấy đội cho hạng 1st.
65079,csgo,placements_unavailable_or_unapproved,placements,tournament_only,https://www.esportsearnings.com/tournaments/65079-fpl-c-europe-february-2023-csgo,batch_runs/csgo_resumable/html/65079.html,Không tìm thấy đội cho hạng 1st.
65080,csgo,placements_unavailable_or_unapproved,placements,tournament_only,https://www.esportsearnings.com/tournaments/65080-fpl-c-europe-march-2023-csgo,batch_runs/csgo_resumable/html/65080.html,Không tìm thấy đội cho hạng 1st.
65097,csgo,placements_unavailable_or_unapproved,placements,tournament_only,https://www.esportsearnings.com/tournaments/65097-fpl-c-europe-april-2023-csgo,batch_runs/csgo_resumable/html/65097.html,Không tìm thấy đội cho hạng 1st.
65098,csgo,placements_unavailable_or_unapproved,placements,tournament_only,https://www.esportsearnings.com/tournaments/65098-fpl-c-europe-may-2023-csgo,batch_runs/csgo_resumable/html/65098.html,Không tìm thấy đội cho hạng 1st.
65099,csgo,placements_unavailable_or_unapproved,placements,tournament_only,https://www.esportsearnings.com/tournaments/65099-fpl-c-europe-june-2023-csgo,batch_runs/csgo_resumable/html/65099.html,Không tìm thấy đội cho hạng 1st.
65100,csgo,placements_unavailable_or_unapproved,placements,tournament_only,https://www.esportsearnings.com/tournaments/65100-fpl-c-europe-july-2023-csgo,batch_runs/csgo_resumable/html/65100.html,Không tìm thấy đội cho hạng 1st.
65101,csgo,placements_unavailable_or_unapproved,placements,tournament_only,https://www.esportsearnings.com/tournaments/65101-fpl-c-europe-august-2023-csgo,batch_runs/csgo_resumable/html/65101.html,Không tìm thấy đội cho hạng 1st.
65432,csgo,placements_unavailable_or_unapproved,placements,tournament_only,https://www.esportsearnings.com/tournaments/65432-tippmixpro-masters-spring-2023,batch_runs/csgo_resumable/html/65432.html,Đội bị trùng trong cùng giải.
6592,csgo,invalid_date,both,matched,https://www.esportsearnings.com/tournaments/6592-esea-eu-csgo-open-s15,batch_runs/csgo_resumable/html/6592.html,
65988,csgo,placements_unavailable_or_unapproved,placements,tournament_only,https://www.esportsearnings.com/tournaments/65988-skyesports-wd-black-cup-season-4,batch_runs/csgo_resumable/html/65988.html,Không đọc được hạng: See Note
67413,csgo,prize_allocation_pending_review,placements,needs_review,https://www.esportsearnings.com/tournaments/67413-fragster-league-season-4,sqlite_pipeline/html/67413.html,
7035,csgo,invalid_date,both,matched,https://www.esportsearnings.com/tournaments/7035-esea-na-csgo-im-s15,batch_runs/csgo_resumable/html/7035.html,
71936,csgo,placements_unavailable_or_unapproved,placements,tournament_only,https://www.esportsearnings.com/tournaments/71936-marathon-aim-2022-09-11,batch_runs/20261005T043255771750Z/html/71936.html,Không tìm thấy đội cho hạng 1st.
73914,csgo,placements_unavailable_or_unapproved,placements,tournament_only,https://www.esportsearnings.com/tournaments/73914-scope-gods,batch_runs/20261005T043255771750Z/html/73914.html,Không tìm thấy đội cho hạng 1st.
73915,csgo,placements_unavailable_or_unapproved,placements,tournament_only,https://www.esportsearnings.com/tournaments/73915-marathon-aim-the-push,batch_runs/csgo_resumable/html/73915.html,Không tìm thấy đội cho hạng 1st.
73916,csgo,placements_unavailable_or_unapproved,placements,tournament_only,https://www.esportsearnings.com/tournaments/73916-marathon-aim-the-push,batch_runs/csgo_resumable/html/73916.html,Không tìm thấy đội cho hạng 1st.
73921,csgo,placements_unavailable_or_unapproved,placements,tournament_only,https://www.esportsearnings.com/tournaments/73921-thats-my-streamer,batch_runs/csgo_resumable/html/73921.html,Không tìm thấy đội cho hạng 1st.
9706,csgo,ambiguous_source_team_id,team_identity,matched,https://www.esportsearnings.com/tournaments/9706-nantarena-15-1,batch_runs/csgo_resumable/html/9706.html,
9891,csgo,ambiguous_source_team_id,team_identity,matched,https://www.esportsearnings.com/tournaments/9891-gamers-assembly-2015-csgo-pro,sqlite_pipeline/html/9891.html,
10621,dota2,placements_unavailable_or_unapproved,placements,tournament_only,https://www.esportsearnings.com/tournaments/10621-press-start-lan-2015-dota-2,sqlite_pipeline/html/10621.html,Không lấy được kết quả thi đấu nào.
10802,dota2,ambiguous_source_team_id,team_identity,rounding_difference,https://www.esportsearnings.com/tournaments/10802-i-league-season-3-dota-2,sqlite_pipeline/html/10802.html,
11185,dota2,prize_allocation_pending_review,placements,needs_review,https://www.esportsearnings.com/tournaments/11185-firstgametv-dota-2-cup,sqlite_pipeline/html/11185.html,
12203,dota2,ambiguous_source_team_id,team_identity,matched,https://www.esportsearnings.com/tournaments/12203-wca-2015-chinese-qualifiers-dota-2,sqlite_pipeline/html/12203.html,
12499,dota2,ambiguous_source_team_id,team_identity,matched,https://www.esportsearnings.com/tournaments/12499-douyutv-dota-2-tournament,sqlite_pipeline/html/12499.html,
12894,dota2,prize_allocation_pending_review,placements,needs_review,https://www.esportsearnings.com/tournaments/12894-the-international-2015,sqlite_pipeline/html/12894.html,
14549,dota2,ambiguous_source_team_id,team_identity,rounding_difference,https://www.esportsearnings.com/tournaments/14549-dgc-2015-dota-2,sqlite_pipeline/html/14549.html,
14889,dota2,ambiguous_source_team_id,team_identity,matched,https://www.esportsearnings.com/tournaments/14889-wca-2015-asia-pro-qualifiers-dota-2,sqlite_pipeline/html/14889.html,
15233,dota2,ambiguous_source_team_id,team_identity,matched,https://www.esportsearnings.com/tournaments/15233-game-show-gec-s1-cis-qualifier-dota-2,sqlite_pipeline/html/15233.html,
15444,dota2,ambiguous_source_team_id,team_identity,matched,https://www.esportsearnings.com/tournaments/15444-the-frankfurt-major-2015,sqlite_pipeline/html/15444.html,
15508,dota2,ambiguous_source_team_id,team_identity,matched,https://www.esportsearnings.com/tournaments/15508-hitbox-eu-championship-4-dota-2,sqlite_pipeline/html/15508.html,
15531,dota2,ambiguous_source_team_id,team_identity,matched,https://www.esportsearnings.com/tournaments/15531-pgl-dota-2-pro-am-finals,sqlite_pipeline/html/15531.html,
16106,dota2,ambiguous_source_team_id,team_identity,matched,https://www.esportsearnings.com/tournaments/16106-dota-2-radiant-and-dire-cup-2015,sqlite_pipeline/html/16106.html,
16118,dota2,ambiguous_source_team_id,team_identity,matched,https://www.esportsearnings.com/tournaments/16118-ecl-2015-autumn-dota-2,sqlite_pipeline/html/16118.html,
16250,dota2,ambiguous_source_team_id,team_identity,matched,https://www.esportsearnings.com/tournaments/16250-shanghai-dota-2-open-2016,sqlite_pipeline/html/16250.html,
16383,dota2,invalid_date,both,matched,https://www.esportsearnings.com/tournaments/16383-hitbox-elite-cup,sqlite_pipeline/html/16383.html,
17659,dota2,placements_unavailable_or_unapproved,placements,tournament_only,https://www.esportsearnings.com/tournaments/17659-the-gathering-2016-dota-2,sqlite_pipeline/html/17659.html,Không lấy được kết quả thi đấu nào.
18114,dota2,placements_unavailable_or_unapproved,placements,tournament_only,https://www.esportsearnings.com/tournaments/18114-lan-ets-2016-dota-2,sqlite_pipeline/html/18114.html,Không lấy được kết quả thi đấu nào.
18124,dota2,placements_unavailable_or_unapproved,placements,tournament_only,https://www.esportsearnings.com/tournaments/18124-infoshow-lan-party-2016-dota-2,sqlite_pipeline/html/18124.html,Không lấy được kết quả thi đấu nào.
18918,dota2,ambiguous_source_team_id,team_identity,matched,https://www.esportsearnings.com/tournaments/18918-nea-beijing-2016-dota-2,sqlite_pipeline/html/18918.html,
19114,dota2,ambiguous_source_team_id,team_identity,matched,https://www.esportsearnings.com/tournaments/19114-dota2-professional-league-season-1,sqlite_pipeline/html/19114.html,
19117,dota2,ambiguous_source_team_id,team_identity,matched,https://www.esportsearnings.com/tournaments/19117-msf-the-creep-season-1,sqlite_pipeline/html/19117.html,
20096,dota2,ambiguous_source_team_id,team_identity,matched,https://www.esportsearnings.com/tournaments/20096-nanyang-dota-2-championships-cruise-cup-1,sqlite_pipeline/html/20096.html,
20546,dota2,ambiguous_source_team_id,team_identity,matched,https://www.esportsearnings.com/tournaments/20546-wesg-2016-asia-pacific-finals-dota-2,sqlite_pipeline/html/20546.html,
20578,dota2,ambiguous_source_team_id,team_identity,matched,https://www.esportsearnings.com/tournaments/20578-wca-2016-chinese-qualifier-2-dota-2,sqlite_pipeline/html/20578.html,
20867,dota2,ambiguous_source_team_id,team_identity,matched,https://www.esportsearnings.com/tournaments/20867-the-boston-major-2016,sqlite_pipeline/html/20867.html,
20992,dota2,ambiguous_source_team_id,team_identity,matched,https://www.esportsearnings.com/tournaments/20992-wca-2016-chinese-qualifier-3-dota-2,sqlite_pipeline/html/20992.html,
21485,dota2,ambiguous_source_team_id,team_identity,matched,https://www.esportsearnings.com/tournaments/21485-dota2-professional-league-season-2-top,sqlite_pipeline/html/21485.html,
21486,dota2,ambiguous_source_team_id,team_identity,matched,https://www.esportsearnings.com/tournaments/21486-dota2-professional-league-season-2-secondary,sqlite_pipeline/html/21486.html,
22290,dota2,prize_allocation_pending_review,placements,needs_review,https://www.esportsearnings.com/tournaments/22290-omen-dota-2-cup,sqlite_pipeline/html/22290.html,
22356,dota2,placements_unavailable_or_unapproved,placements,tournament_only,https://www.esportsearnings.com/tournaments/22356-insalan-12-dota-2,sqlite_pipeline/html/22356.html,Không lấy được kết quả thi đấu nào.
22716,dota2,ambiguous_source_team_id,team_identity,matched,https://www.esportsearnings.com/tournaments/22716-dac-2017,sqlite_pipeline/html/22716.html,
22922,dota2,ambiguous_source_team_id,team_identity,matched,https://www.esportsearnings.com/tournaments/22922-dota2-professional-league-season-3-top,sqlite_pipeline/html/22922.html,
23088,dota2,ambiguous_source_team_id,team_identity,matched,https://www.esportsearnings.com/tournaments/23088-the-kiev-major-2017,sqlite_pipeline/html/23088.html,
23616,dota2,prize_allocation_pending_review,placements,needs_review,https://www.esportsearnings.com/tournaments/23616-esl-india-premiership-2016-finals-dota-2,sqlite_pipeline/html/23616.html,
23891,dota2,ambiguous_source_team_id,team_identity,matched,https://www.esportsearnings.com/tournaments/23891-mars-dota-2-league-2017,sqlite_pipeline/html/23891.html,
24181,dota2,ambiguous_source_team_id,team_identity,matched,https://www.esportsearnings.com/tournaments/24181-the-international-2017,sqlite_pipeline/html/24181.html,
24623,dota2,ambiguous_source_team_id,team_identity,matched,https://www.esportsearnings.com/tournaments/24623-wesg-2017-chinese-male-finals-dota-2,sqlite_pipeline/html/24623.html,
25062,dota2,placements_unavailable_or_unapproved,placements,tournament_only,https://www.esportsearnings.com/tournaments/25062-faceit-pro-league-eu-september-2017-dota-2,sqlite_pipeline/html/25062.html,Không tìm thấy đội cho hạng 1st.
25063,dota2,placements_unavailable_or_unapproved,placements,tournament_only,https://www.esportsearnings.com/tournaments/25063-faceit-pro-league-na-september-2017-dota-2,sqlite_pipeline/html/25063.html,Không tìm thấy đội cho hạng 1st.
25348,dota2,placements_unavailable_or_unapproved,placements,tournament_only,https://www.esportsearnings.com/tournaments/25348-faceit-pro-league-na-october-2017-dota-2,sqlite_pipeline/html/25348.html,Không tìm thấy đội cho hạng 1st.
25349,dota2,placements_unavailable_or_unapproved,placements,tournament_only,https://www.esportsearnings.com/tournaments/25349-faceit-pro-league-eu-october-2017-dota-2,sqlite_pipeline/html/25349.html,Không tìm thấy đội cho hạng 1st.
25508,dota2,ambiguous_source_team_id,team_identity,matched,https://www.esportsearnings.com/tournaments/25508-dota2-professional-league-season-4-2017-s2-top,sqlite_pipeline/html/25508.html,
25827,dota2,ambiguous_source_team_id,team_identity,matched,https://www.esportsearnings.com/tournaments/25827-perfect-world-masters,sqlite_pipeline/html/25827.html,
26052,dota2,ambiguous_source_team_id,team_identity,matched,https://www.esportsearnings.com/tournaments/26052-mdl-macau-2017,sqlite_pipeline/html/26052.html,
26062,dota2,placements_unavailable_or_unapproved,placements,tournament_only,https://www.esportsearnings.com/tournaments/26062-faceit-pro-league-eu-november-2017-dota-2,sqlite_pipeline/html/26062.html,Không tìm thấy đội cho hạng 1st.
26063,dota2,placements_unavailable_or_unapproved,placements,tournament_only,https://www.esportsearnings.com/tournaments/26063-faceit-pro-league-na-november-2017-dota-2,sqlite_pipeline/html/26063.html,Không tìm thấy đội cho hạng 1st.
26617,dota2,placements_unavailable_or_unapproved,placements,tournament_only,https://www.esportsearnings.com/tournaments/26617-faceit-pro-league-eu-december-2017-dota-2,sqlite_pipeline/html/26617.html,Không tìm thấy đội cho hạng 1st.
26619,dota2,placements_unavailable_or_unapproved,placements,tournament_only,https://www.esportsearnings.com/tournaments/26619-faceit-pro-league-na-december-2017-dota-2,sqlite_pipeline/html/26619.html,Không tìm thấy đội cho hạng 1st.
26770,dota2,ambiguous_source_team_id,team_identity,matched,https://www.esportsearnings.com/tournaments/26770-esl-one-genting-2018,sqlite_pipeline/html/26770.html,
26802,dota2,placements_unavailable_or_unapproved,placements,tournament_only,https://www.esportsearnings.com/tournaments/26802-faceit-pro-league-na-january-2018-dota-2,sqlite_pipeline/html/26802.html,Không tìm thấy đội cho hạng 1st.
26808,dota2,placements_unavailable_or_unapproved,placements,tournament_only,https://www.esportsearnings.com/tournaments/26808-faceit-pro-league-eu-january-2018-dota-2,sqlite_pipeline/html/26808.html,Không tìm thấy đội cho hạng 1st.
27342,dota2,ambiguous_source_team_id,team_identity,matched,https://www.esportsearnings.com/tournaments/27342-dac-2018,sqlite_pipeline/html/27342.html,
27343,dota2,placements_unavailable_or_unapproved,placements,tournament_only,https://www.esportsearnings.com/tournaments/27343-dac-2018-solo-tournament,sqlite_pipeline/html/27343.html,Không tìm thấy đội cho hạng 1st.
27695,dota2,ambiguous_source_team_id,team_identity,matched,https://www.esportsearnings.com/tournaments/27695-dota2-professional-league-season-5-2018-s1-top,sqlite_pipeline/html/27695.html,
27822,dota2,ambiguous_source_team_id,team_identity,matched,https://www.esportsearnings.com/tournaments/27822-mdl-changsha-major-2018,sqlite_pipeline/html/27822.html,
28057,dota2,ambiguous_source_team_id,team_identity,matched,https://www.esportsearnings.com/tournaments/28057-china-dota2-supermajor-2018,sqlite_pipeline/html/28057.html,
2898,dota2,ambiguous_source_team_id,team_identity,matched,https://www.esportsearnings.com/tournaments/2898-g-league-2012-season-2-dota-2,sqlite_pipeline/html/2898.html,
29385,dota2,ambiguous_source_team_id,team_identity,matched,https://www.esportsearnings.com/tournaments/29385-the-international-2018,sqlite_pipeline/html/29385.html,
3016,dota2,ambiguous_source_team_id,team_identity,matched,https://www.esportsearnings.com/tournaments/3016-raidcall-ems-one-spring-dota-2,sqlite_pipeline/html/3016.html,
30329,dota2,placements_unavailable_or_unapproved,placements,tournament_only,https://www.esportsearnings.com/tournaments/30329-faceit-pro-league-eu-february-2018-dota-2,sqlite_pipeline/html/30329.html,Không tìm thấy đội cho hạng 1st.
30331,dota2,placements_unavailable_or_unapproved,placements,tournament_only,https://www.esportsearnings.com/tournaments/30331-faceit-pro-league-eu-march-2018-dota-2,sqlite_pipeline/html/30331.html,Không tìm thấy đội cho hạng 1st.
30332,dota2,placements_unavailable_or_unapproved,placements,tournament_only,https://www.esportsearnings.com/tournaments/30332-faceit-pro-league-eu-april-2018-dota-2,sqlite_pipeline/html/30332.html,Không tìm thấy đội cho hạng 1st.
30632,dota2,ambiguous_source_team_id,team_identity,matched,https://www.esportsearnings.com/tournaments/30632-the-kuala-lumpur-major-2018,sqlite_pipeline/html/30632.html,
3071,dota2,ambiguous_source_team_id,team_identity,matched,https://www.esportsearnings.com/tournaments/3071-dota-2-super-league,sqlite_pipeline/html/3071.html,
3072,dota2,ambiguous_source_team_id,team_identity,matched,https://www.esportsearnings.com/tournaments/3072-alienware-cup-2013-season-1,sqlite_pipeline/html/3072.html,
33335,dota2,placements_unavailable_or_unapproved,placements,tournament_only,https://www.esportsearnings.com/tournaments/33335-lidovej-turnaj,sqlite_pipeline/html/33335.html,Không đọc được hạng: See Note
34276,dota2,placements_unavailable_or_unapproved,placements,tournament_only,https://www.esportsearnings.com/tournaments/34276-wsoe-6-dota-2-serenitys-destiny,sqlite_pipeline/html/34276.html,Không đọc được hạng: See Note
35272,dota2,placements_unavailable_or_unapproved,placements,tournament_only,https://www.esportsearnings.com/tournaments/35272-weplay-dota-2-tug-of-war-dire-asia,sqlite_pipeline/html/35272.html,Không đọc được hạng: See Note
35273,dota2,placements_unavailable_or_unapproved,placements,tournament_only,https://www.esportsearnings.com/tournaments/35273-weplay-dota-2-tug-of-war-dire-america,sqlite_pipeline/html/35273.html,Không đọc được hạng: See Note
35772,dota2,ambiguous_source_team_id,team_identity,matched,https://www.esportsearnings.com/tournaments/35772-jiabet-asian-masters-league-3,sqlite_pipeline/html/35772.html,
35990,dota2,placements_unavailable_or_unapproved,placements,tournament_only,https://www.esportsearnings.com/tournaments/35990-atod-showdown-2,sqlite_pipeline/html/35990.html,Không đọc được hạng: See Note
3640,dota2,placements_unavailable_or_unapproved,placements,tournament_only,https://www.esportsearnings.com/tournaments/3640-a-fistful-of-tangoes,sqlite_pipeline/html/3640.html,Không tìm thấy đội cho hạng 1st.
39856,dota2,placements_unavailable_or_unapproved,placements,tournament_only,https://www.esportsearnings.com/tournaments/39856-wesg-201920-mexico-qualifier-dota-2,sqlite_pipeline/html/39856.html,Đội bị trùng trong cùng giải.
40507,dota2,placements_unavailable_or_unapproved,placements,tournament_only,https://www.esportsearnings.com/tournaments/40507-weplay-dota-2-tug-of-war-mad-moon,sqlite_pipeline/html/40507.html,Không đọc được hạng: See Note
40929,dota2,ambiguous_source_team_id,team_identity,matched,https://www.esportsearnings.com/tournaments/40929-china-dota2-professional-league-season-1,sqlite_pipeline/html/40929.html,
41107,dota2,ambiguous_source_team_id,team_identity,matched,https://www.esportsearnings.com/tournaments/41107-movistar-liga-pro-gaming-season-3,sqlite_pipeline/html/41107.html,
41357,dota2,prize_allocation_pending_review,placements,needs_review,https://www.esportsearnings.com/tournaments/41357-homegame-2,sqlite_pipeline/html/41357.html,
41484,dota2,placements_unavailable_or_unapproved,placements,tournament_only,https://www.esportsearnings.com/tournaments/41484-weplay-pushka-league-s1-div-1,sqlite_pipeline/html/41484.html,Không đọc được hạng: See Note
41652,dota2,ambiguous_source_team_id,team_identity,matched,https://www.esportsearnings.com/tournaments/41652-epic-prime-league-season-1,sqlite_pipeline/html/41652.html,
41863,dota2,placements_unavailable_or_unapproved,placements,tournament_only,https://www.esportsearnings.com/tournaments/41863-dpl-cda-professional-league-season-1,sqlite_pipeline/html/41863.html,Không đọc được hạng: DISQUALIFIED
41864,dota2,placements_unavailable_or_unapproved,placements,tournament_only,https://www.esportsearnings.com/tournaments/41864-omg-cup-3,sqlite_pipeline/html/41864.html,Không đọc được hạng: See Note
42432,dota2,placements_unavailable_or_unapproved,placements,tournament_only,https://www.esportsearnings.com/tournaments/42432-razer-sea-invitational-2020-dota-2,sqlite_pipeline/html/42432.html,Không lấy được kết quả thi đấu nào.
42462,dota2,ambiguous_source_team_id,team_identity,matched,https://www.esportsearnings.com/tournaments/42462-parimatch-league-season-3,sqlite_pipeline/html/42462.html,
43040,dota2,ambiguous_source_team_id,team_identity,matched,https://www.esportsearnings.com/tournaments/43040-dpl-cda-professional-league-season-2,sqlite_pipeline/html/43040.html,
44855,dota2,ambiguous_source_team_id,team_identity,rounding_difference,https://www.esportsearnings.com/tournaments/44855-huya-dota2-winter-invitational,sqlite_pipeline/html/44855.html,
4779,dota2,placements_unavailable_or_unapproved,placements,tournament_only,https://www.esportsearnings.com/tournaments/4779-asus-summer-2012-dota-2,sqlite_pipeline/html/4779.html,Đội bị trùng trong cùng giải.
48603,dota2,ambiguous_source_team_id,team_identity,matched,https://www.esportsearnings.com/tournaments/48603-oga-dota-pit-season-5-china,sqlite_pipeline/html/48603.html,
48719,dota2,placements_unavailable_or_unapproved,placements,tournament_only,https://www.esportsearnings.com/tournaments/48719-yamei-pro-series,sqlite_pipeline/html/48719.html,Không đọc được hạng: -
48928,dota2,placements_unavailable_or_unapproved,placements,tournament_only,https://www.esportsearnings.com/tournaments/48928-i-league-2021-season-2,sqlite_pipeline/html/48928.html,Không đọc được hạng: See Note
4951,dota2,placements_unavailable_or_unapproved,placements,tournament_only,https://www.esportsearnings.com/tournaments/4951-asus-spring-2012-dota-2,sqlite_pipeline/html/4951.html,Không đọc được hạng: -
50352,dota2,prize_allocation_pending_review,placements,needs_review,https://www.esportsearnings.com/tournaments/50352-epulze-monthly-cup-2021-warm-up-europecis,sqlite_pipeline/html/50352.html,
5038,dota2,placements_unavailable_or_unapproved,placements,tournament_only,https://www.esportsearnings.com/tournaments/5038-bgf-2013-dota-2,sqlite_pipeline/html/5038.html,Không lấy được kết quả thi đấu nào.
51008,dota2,ambiguous_source_team_id,team_identity,matched,https://www.esportsearnings.com/tournaments/51008-huya-dota2-winter-invitational-2021,sqlite_pipeline/html/51008.html,
51034,dota2,ambiguous_source_team_id,team_identity,matched,https://www.esportsearnings.com/tournaments/51034-dpc-cn-202122-tour-1-division-ii,sqlite_pipeline/html/51034.html,
51373,dota2,ambiguous_source_team_id,team_identity,matched,https://www.esportsearnings.com/tournaments/51373-intel-world-open-beijing,sqlite_pipeline/html/51373.html,
51461,dota2,ambiguous_source_team_id,team_identity,matched,https://www.esportsearnings.com/tournaments/51461-asian-dota2-league,sqlite_pipeline/html/51461.html,
51647,dota2,placements_unavailable_or_unapproved,placements,tournament_only,https://www.esportsearnings.com/tournaments/51647-gamers-galaxy-invitational-series-dubai-2022,sqlite_pipeline/html/51647.html,Không đọc được hạng: DISQUALIFIED
51724,dota2,placements_unavailable_or_unapproved,placements,tournament_only,https://www.esportsearnings.com/tournaments/51724-pnxbet-invitationals-southeast-asia-season-4,sqlite_pipeline/html/51724.html,Không đọc được hạng: See Note
51887,dota2,ambiguous_source_team_id,team_identity,matched,https://www.esportsearnings.com/tournaments/51887-dota-2-champions-league-2022-season-8,sqlite_pipeline/html/51887.html,
52199,dota2,ambiguous_source_team_id,team_identity,matched,https://www.esportsearnings.com/tournaments/52199-dota-2-champions-league-2022-season-9,sqlite_pipeline/html/52199.html,
54395,dota2,placements_unavailable_or_unapproved,placements,tournament_only,https://www.esportsearnings.com/tournaments/54395-dpc-cn-2022-tour-3-division-i,sqlite_pipeline/html/54395.html,Đội bị trùng trong cùng giải.
54566,dota2,placements_unavailable_or_unapproved,placements,tournament_only,https://www.esportsearnings.com/tournaments/54566-riyadh-masters-2022,sqlite_pipeline/html/54566.html,Không đọc được hạng: See Note
57053,dota2,ambiguous_source_team_id,team_identity,matched,https://www.esportsearnings.com/tournaments/57053-cda-fdc-professional-championship-season-2,sqlite_pipeline/html/57053.html,
57643,dota2,placements_unavailable_or_unapproved,placements,tournament_only,https://www.esportsearnings.com/tournaments/57643-moon-studio-asian-tigers-2,sqlite_pipeline/html/57643.html,Không đọc được hạng: See Note
5817,dota2,placements_unavailable_or_unapproved,placements,tournament_only,https://www.esportsearnings.com/tournaments/5817-dreamleague-season-1,sqlite_pipeline/html/5817.html,Không đọc được hạng: DISQUALIFIED
5839,dota2,ambiguous_source_team_id,team_identity,matched,https://www.esportsearnings.com/tournaments/5839-the-summit-1,sqlite_pipeline/html/5839.html,
59113,dota2,ambiguous_source_team_id,team_identity,matched,https://www.esportsearnings.com/tournaments/59113-dpc-cn-2023-tour-1-division-i,sqlite_pipeline/html/59113.html,
59342,dota2,placements_unavailable_or_unapproved,placements,tournament_only,https://www.esportsearnings.com/tournaments/59342-uesf-ukrainian-championship-2019-dota-2,sqlite_pipeline/html/59342.html,Không đọc được hạng: See Note
59434,dota2,placements_unavailable_or_unapproved,placements,tournament_only,https://www.esportsearnings.com/tournaments/59434-lunar-new-year-2023,sqlite_pipeline/html/59434.html,Không đọc được hạng: DISQUALIFIED
60184,dota2,placements_unavailable_or_unapproved,placements,tournament_only,https://www.esportsearnings.com/tournaments/60184-the-arena-anthem,sqlite_pipeline/html/60184.html,Không đọc được hạng: DISQUALIFIED
60362,dota2,placements_unavailable_or_unapproved,placements,tournament_only,https://www.esportsearnings.com/tournaments/60362-ggwp-dragon-series-1,sqlite_pipeline/html/60362.html,Không đọc được hạng: DISQUALIFIED
60653,dota2,ambiguous_source_team_id,team_identity,matched,https://www.esportsearnings.com/tournaments/60653-dpc-cn-2023-tour-2-division-i,sqlite_pipeline/html/60653.html,
60656,dota2,ambiguous_source_team_id,team_identity,matched,https://www.esportsearnings.com/tournaments/60656-epl-world-series-america-season-4,sqlite_pipeline/html/60656.html,
61029,dota2,prize_allocation_pending_review,placements,needs_review,https://www.esportsearnings.com/tournaments/61029-pinnacle-cup-malta-vibes-1,sqlite_pipeline/html/61029.html,
61700,dota2,ambiguous_source_team_id,team_identity,matched,https://www.esportsearnings.com/tournaments/61700-dpc-cn-2023-tour-3-division-i,sqlite_pipeline/html/61700.html,
62073,dota2,ambiguous_source_team_id,team_identity,matched,https://www.esportsearnings.com/tournaments/62073-dpc-eeu-2023-tour-3-division-ii,sqlite_pipeline/html/62073.html,
62212,dota2,prize_allocation_pending_review,placements,needs_review,https://www.esportsearnings.com/tournaments/62212-epl-world-series-america-season-5,sqlite_pipeline/html/62212.html,
62667,dota2,placements_unavailable_or_unapproved,placements,tournament_only,https://www.esportsearnings.com/tournaments/62667-riyadh-masters-2023,sqlite_pipeline/html/62667.html,Không đọc được hạng: See Note
63988,dota2,placements_unavailable_or_unapproved,placements,tournament_only,https://www.esportsearnings.com/tournaments/63988-betboom-dacha-yerevan-solo-tournament,sqlite_pipeline/html/63988.html,Không tìm thấy đội cho hạng 1st.
6562,dota2,ambiguous_source_team_id,team_identity,matched,https://www.esportsearnings.com/tournaments/6562-v-games-tournament-season-2,sqlite_pipeline/html/6562.html,
66797,dota2,placements_unavailable_or_unapproved,placements,tournament_only,https://www.esportsearnings.com/tournaments/66797-betboom-dacha-dubai-2024-solo-tournament,sqlite_pipeline/html/66797.html,Không tìm thấy đội cho hạng 1st.
66799,dota2,placements_unavailable_or_unapproved,placements,tournament_only,https://www.esportsearnings.com/tournaments/66799-malaysia-esports-championship-2024-dota-2,sqlite_pipeline/html/66799.html,Không đọc được hạng: See Note
69217,dota2,placements_unavailable_or_unapproved,placements,tournament_only,https://www.esportsearnings.com/tournaments/69217-riyadh-masters-2024,sqlite_pipeline/html/69217.html,Không đọc được hạng: See Note
7022,dota2,ambiguous_source_team_id,team_identity,matched,https://www.esportsearnings.com/tournaments/7022-wec-2014-dota-2,sqlite_pipeline/html/7022.html,
71683,dota2,placements_unavailable_or_unapproved,placements,tournament_only,https://www.esportsearnings.com/tournaments/71683-asia-pacific-predator-league-2025-dota-2,sqlite_pipeline/html/71683.html,Không đọc được hạng: See Note
71830,dota2,placements_unavailable_or_unapproved,placements,tournament_only,https://www.esportsearnings.com/tournaments/71830-fissure-playground-1,sqlite_pipeline/html/71830.html,Không đọc được hạng: See Note
7325,dota2,ambiguous_source_team_id,team_identity,matched,https://www.esportsearnings.com/tournaments/7325-esl-one-new-york-2014,sqlite_pipeline/html/7325.html,
7553,dota2,ambiguous_source_team_id,team_identity,matched,https://www.esportsearnings.com/tournaments/7553-nest-2014-dota-2,sqlite_pipeline/html/7553.html,
8176,dota2,ambiguous_source_team_id,team_identity,matched,https://www.esportsearnings.com/tournaments/8176-dreamleague-season-2,sqlite_pipeline/html/8176.html,
8354,dota2,ambiguous_source_team_id,team_identity,rounding_difference,https://www.esportsearnings.com/tournaments/8354-esportal-invitational-tournament-1,sqlite_pipeline/html/8354.html,
8455,dota2,ambiguous_source_team_id,team_identity,matched,https://www.esportsearnings.com/tournaments/8455-kdl-season-4-tier-1,sqlite_pipeline/html/8455.html,
8521,dota2,ambiguous_source_team_id,team_identity,matched,https://www.esportsearnings.com/tournaments/8521-dota-pit-league-season-2,sqlite_pipeline/html/8521.html,
9109,dota2,prize_allocation_pending_review,placements,needs_review,https://www.esportsearnings.com/tournaments/9109-dota-regions-season-2,sqlite_pipeline/html/9109.html,
9301,dota2,placements_unavailable_or_unapproved,placements,tournament_only,https://www.esportsearnings.com/tournaments/9301-solo-mid-saturday,sqlite_pipeline/html/9301.html,Không tìm thấy đội cho hạng 1st.
9700,dota2,placements_unavailable_or_unapproved,placements,tournament_only,https://www.esportsearnings.com/tournaments/9700-ic-2,sqlite_pipeline/html/9700.html,Không tìm thấy đội cho hạng 1st.
10066,lol,ambiguous_source_team_id,team_identity,matched,https://www.esportsearnings.com/tournaments/10066-cblol-summer-2015,sqlite_pipeline/html/10066.html,
10378,lol,placements_unavailable_or_unapproved,placements,tournament_only,https://www.esportsearnings.com/tournaments/10378-egl-13-summer-open-2014-lol,sqlite_pipeline/html/10378.html,Không lấy được kết quả thi đấu nào.
10486,lol,ambiguous_source_team_id,team_identity,matched,https://www.esportsearnings.com/tournaments/10486-international-esports-tournament-2015-lol,sqlite_pipeline/html/10486.html,
10493,lol,placements_unavailable_or_unapproved,placements,tournament_only,https://www.esportsearnings.com/tournaments/10493-lck-spring-2015,sqlite_pipeline/html/10493.html,Không đọc được hạng: See Note
10620,lol,placements_unavailable_or_unapproved,placements,tournament_only,https://www.esportsearnings.com/tournaments/10620-press-start-lan-2015-lol-1vs1,sqlite_pipeline/html/10620.html,Không lấy được kết quả thi đấu nào.
10630,lol,placements_unavailable_or_unapproved,placements,tournament_only,https://www.esportsearnings.com/tournaments/10630-lvp-season-8-lol-split-2,sqlite_pipeline/html/10630.html,Không đọc được hạng: -
10741,lol,placements_unavailable_or_unapproved,placements,tournament_only,https://www.esportsearnings.com/tournaments/10741-gamers-for-giving-2015-lol,sqlite_pipeline/html/10741.html,Đội bị trùng trong cùng giải.
10836,lol,ambiguous_source_team_id,team_identity,rounding_difference,https://www.esportsearnings.com/tournaments/10836-esl-uk-premiership-spring-2015-lol,sqlite_pipeline/html/10836.html,
11771,lol,placements_unavailable_or_unapproved,placements,tournament_only,https://www.esportsearnings.com/tournaments/11771-dreamhack-summer-2015-lol,sqlite_pipeline/html/11771.html,Không lấy được kết quả thi đấu nào.
12483,lol,placements_unavailable_or_unapproved,placements,tournament_only,https://www.esportsearnings.com/tournaments/12483-sbenu-2015-lol-ladies-battle-spring,sqlite_pipeline/html/12483.html,Đội bị trùng trong cùng giải.
12899,lol,ambiguous_source_team_id,team_identity,matched,https://www.esportsearnings.com/tournaments/12899-esl-sommermeisterschaft-2015-lol,sqlite_pipeline/html/12899.html,
12906,lol,ambiguous_source_team_id,team_identity,rounding_difference,https://www.esportsearnings.com/tournaments/12906-cblol-winter-2015,sqlite_pipeline/html/12906.html,
12959,lol,ambiguous_source_team_id,team_identity,matched,https://www.esportsearnings.com/tournaments/12959-gpl-summer-2015,sqlite_pipeline/html/12959.html,
13107,lol,placements_unavailable_or_unapproved,placements,tournament_only,https://www.esportsearnings.com/tournaments/13107-sbenu-2015-lol-ladies-battle-summer,sqlite_pipeline/html/13107.html,Đội bị trùng trong cùng giải.
13299,lol,ambiguous_source_team_id,team_identity,rounding_difference,https://www.esportsearnings.com/tournaments/13299-vcs-summer-2015,sqlite_pipeline/html/13299.html,
13444,lol,placements_unavailable_or_unapproved,placements,tournament_only,https://www.esportsearnings.com/tournaments/13444-lck-summer-2015,sqlite_pipeline/html/13444.html,Không đọc được hạng: See Note
14103,lol,placements_unavailable_or_unapproved,placements,tournament_only,https://www.esportsearnings.com/tournaments/14103-x1-das-estrelas-2015,sqlite_pipeline/html/14103.html,Không tìm thấy đội cho hạng 1st.
14377,lol,placements_unavailable_or_unapproved,placements,tournament_only,https://www.esportsearnings.com/tournaments/14377-go4lol-euw-june-2015,sqlite_pipeline/html/14377.html,Đội bị trùng trong cùng giải.
14641,lol,placements_unavailable_or_unapproved,placements,tournament_only,https://www.esportsearnings.com/tournaments/14641-tceg-con-2015-lol,sqlite_pipeline/html/14641.html,Đội bị trùng trong cùng giải.
14896,lol,ambiguous_source_team_id,team_identity,matched,https://www.esportsearnings.com/tournaments/14896-esl-wintermeisterschaft-2015-lol-cup-2,sqlite_pipeline/html/14896.html,
15185,lol,ambiguous_source_team_id,team_identity,rounding_difference,https://www.esportsearnings.com/tournaments/15185-esl-wintermeisterschaft-2015-lol-cup-4,sqlite_pipeline/html/15185.html,
15356,lol,placements_unavailable_or_unapproved,placements,tournament_only,https://www.esportsearnings.com/tournaments/15356-lol-kespa-cup-2015,sqlite_pipeline/html/15356.html,Không đọc được hạng: See Note
17665,lol,placements_unavailable_or_unapproved,placements,tournament_only,https://www.esportsearnings.com/tournaments/17665-king-of-sea,sqlite_pipeline/html/17665.html,Không đọc được hạng: See Note
18119,lol,prize_allocation_pending_review,placements,needs_review,https://www.esportsearnings.com/tournaments/18119-lol-pro-preselection-league,sqlite_pipeline/html/18119.html,
18121,lol,placements_unavailable_or_unapproved,placements,tournament_only,https://www.esportsearnings.com/tournaments/18121-infoshow-lan-party-2016-lol-euw-server,sqlite_pipeline/html/18121.html,Không lấy được kết quả thi đấu nào.
18122,lol,placements_unavailable_or_unapproved,placements,tournament_only,https://www.esportsearnings.com/tournaments/18122-infoshow-lan-party-2016-lol-eune-server,sqlite_pipeline/html/18122.html,Không lấy được kết quả thi đấu nào.
18251,lol,placements_unavailable_or_unapproved,placements,tournament_only,https://www.esportsearnings.com/tournaments/18251-lck-spring-2016,sqlite_pipeline/html/18251.html,Không đọc được hạng: See Note
18669,lol,placements_unavailable_or_unapproved,placements,tournament_only,https://www.esportsearnings.com/tournaments/18669-eglx-2016-lol,sqlite_pipeline/html/18669.html,Đội bị trùng trong cùng giải.
19324,lol,placements_unavailable_or_unapproved,placements,tournament_only,https://www.esportsearnings.com/tournaments/19324-king-of-sea-season-2,sqlite_pipeline/html/19324.html,Không đọc được hạng: See Note
19328,lol,placements_unavailable_or_unapproved,placements,tournament_only,https://www.esportsearnings.com/tournaments/19328-lck-summer-2016,sqlite_pipeline/html/19328.html,Không đọc được hạng: See Note
19842,lol,ambiguous_source_team_id,team_identity,matched,https://www.esportsearnings.com/tournaments/19842-esl-mistrzostwa-polski-2016-finals-lol,sqlite_pipeline/html/19842.html,
20025,lol,placements_unavailable_or_unapproved,placements,tournament_only,https://www.esportsearnings.com/tournaments/20025-netparty-fyn-17-lol,sqlite_pipeline/html/20025.html,Không lấy được kết quả thi đấu nào.
20776,lol,prize_allocation_pending_review,placements,needs_review,https://www.esportsearnings.com/tournaments/20776-challenge-france-2016-winter,sqlite_pipeline/html/20776.html,
22357,lol,placements_unavailable_or_unapproved,placements,tournament_only,https://www.esportsearnings.com/tournaments/22357-insalan-12-lol,sqlite_pipeline/html/22357.html,Không lấy được kết quả thi đấu nào.
22987,lol,placements_unavailable_or_unapproved,placements,tournament_only,https://www.esportsearnings.com/tournaments/22987-lck-spring-2017,sqlite_pipeline/html/22987.html,Không đọc được hạng: See Note
23431,lol,placements_unavailable_or_unapproved,placements,tournament_only,https://www.esportsearnings.com/tournaments/23431-birdielan-27-lol,sqlite_pipeline/html/23431.html,Đội bị trùng trong cùng giải.
2346,lol,ambiguous_source_team_id,team_identity,matched,https://www.esportsearnings.com/tournaments/2346-ogn-champions-spring-2012,sqlite_pipeline/html/2346.html,
2393,lol,ambiguous_source_team_id,team_identity,matched,https://www.esportsearnings.com/tournaments/2393-gigabyte-esports-lan-invitational-lol,sqlite_pipeline/html/2393.html,
24287,lol,placements_unavailable_or_unapproved,placements,tournament_only,https://www.esportsearnings.com/tournaments/24287-malta-esports-festival-2013-lol,sqlite_pipeline/html/24287.html,Đội bị trùng trong cùng giải.
24304,lol,placements_unavailable_or_unapproved,placements,tournament_only,https://www.esportsearnings.com/tournaments/24304-roccat-league-of-legends-tournament,sqlite_pipeline/html/24304.html,Đội bị trùng trong cùng giải.
24365,lol,placements_unavailable_or_unapproved,placements,tournament_only,https://www.esportsearnings.com/tournaments/24365-lck-summer-2017,sqlite_pipeline/html/24365.html,Không đọc được hạng: See Note
24820,lol,prize_allocation_pending_review,placements,needs_review,https://www.esportsearnings.com/tournaments/24820-esl-mistrzostwa-polski-summer-2017-lol,sqlite_pipeline/html/24820.html,
24901,lol,placements_unavailable_or_unapproved,placements,tournament_only,https://www.esportsearnings.com/tournaments/24901-champions-2,sqlite_pipeline/html/24901.html,Không tìm thấy đội cho hạng 1st.
24902,lol,placements_unavailable_or_unapproved,placements,tournament_only,https://www.esportsearnings.com/tournaments/24902-champions-1,sqlite_pipeline/html/24902.html,Không tìm thấy đội cho hạng 1st.
24926,lol,placements_unavailable_or_unapproved,placements,tournament_only,https://www.esportsearnings.com/tournaments/24926-champions-4,sqlite_pipeline/html/24926.html,Không tìm thấy đội cho hạng 1st.
24927,lol,placements_unavailable_or_unapproved,placements,tournament_only,https://www.esportsearnings.com/tournaments/24927-champions-3,sqlite_pipeline/html/24927.html,Không tìm thấy đội cho hạng 1st.
24942,lol,placements_unavailable_or_unapproved,placements,tournament_only,https://www.esportsearnings.com/tournaments/24942-champions-5,sqlite_pipeline/html/24942.html,Không tìm thấy đội cho hạng 1st.
2506,lol,placements_unavailable_or_unapproved,placements,tournament_only,https://www.esportsearnings.com/tournaments/2506-mlg-summer-championship-2012-lol,sqlite_pipeline/html/2506.html,Không đọc được hạng: DISQUALIFIED
2557,lol,ambiguous_source_team_id,team_identity,matched,https://www.esportsearnings.com/tournaments/2557-season-2-regional-finals-seattle,sqlite_pipeline/html/2557.html,
2560,lol,ambiguous_source_team_id,team_identity,matched,https://www.esportsearnings.com/tournaments/2560-reign-of-gaming-international-invitational,sqlite_pipeline/html/2560.html,
2567,lol,ambiguous_source_team_id,team_identity,rounding_difference,https://www.esportsearnings.com/tournaments/2567-ogn-champions-summer-2012,sqlite_pipeline/html/2567.html,
25876,lol,placements_unavailable_or_unapproved,placements,tournament_only,https://www.esportsearnings.com/tournaments/25876-garena-all-star-2017-1vs1,sqlite_pipeline/html/25876.html,Không tìm thấy đội cho hạng 1st.
26323,lol,placements_unavailable_or_unapproved,placements,tournament_only,https://www.esportsearnings.com/tournaments/26323-neso-2017-lol,sqlite_pipeline/html/26323.html,Không lấy được kết quả thi đấu nào.
2655,lol,ambiguous_source_team_id,team_identity,matched,https://www.esportsearnings.com/tournaments/2655-lol-season-2-world-championship,sqlite_pipeline/html/2655.html,
2663,lol,placements_unavailable_or_unapproved,placements,tournament_only,https://www.esportsearnings.com/tournaments/2663-narcon-2012-league-of-legends,sqlite_pipeline/html/2663.html,Không lấy được kết quả thi đấu nào.
2687,lol,ambiguous_source_team_id,team_identity,matched,https://www.esportsearnings.com/tournaments/2687-world-e-sports-masters-2012-lol,sqlite_pipeline/html/2687.html,
26946,lol,ambiguous_source_team_id,team_identity,matched,https://www.esportsearnings.com/tournaments/26946-lyon-e-sport-11-lol,sqlite_pipeline/html/26946.html,
2708,lol,ambiguous_source_team_id,team_identity,matched,https://www.esportsearnings.com/tournaments/2708-mlg-fall-championship-2012-lol,sqlite_pipeline/html/2708.html,
27381,lol,prize_allocation_pending_review,placements,needs_review,https://www.esportsearnings.com/tournaments/27381-esl-fruhlingsmeisterschaft-2018-lol,sqlite_pipeline/html/27381.html,
27477,lol,ambiguous_source_team_id,team_identity,matched,https://www.esportsearnings.com/tournaments/27477-gamers-assembly-2018-lol,sqlite_pipeline/html/27477.html,
27481,lol,placements_unavailable_or_unapproved,placements,tournament_only,https://www.esportsearnings.com/tournaments/27481-lck-spring-2018,sqlite_pipeline/html/27481.html,Không đọc được hạng: See Note
27780,lol,ambiguous_source_team_id,team_identity,rounding_difference,https://www.esportsearnings.com/tournaments/27780-esl-mistrzostwa-polski-spring-2018-lol-playoffs,sqlite_pipeline/html/27780.html,
27782,lol,ambiguous_source_team_id,team_identity,rounding_difference,https://www.esportsearnings.com/tournaments/27782-esl-mistrzostwa-polski-spring-2018-lol-regular-season,sqlite_pipeline/html/27782.html,
2782,lol,ambiguous_source_team_id,team_identity,matched,https://www.esportsearnings.com/tournaments/2782-iem-vii-singapore-lol,sqlite_pipeline/html/2782.html,
27876,lol,prize_allocation_pending_review,placements,needs_review,https://www.esportsearnings.com/tournaments/27876-dreamhack-open-tours-2018-lol,sqlite_pipeline/html/27876.html,
2805,lol,ambiguous_source_team_id,team_identity,matched,https://www.esportsearnings.com/tournaments/2805-ign-pro-league-season-5-lol,sqlite_pipeline/html/2805.html,
28333,lol,ambiguous_source_team_id,team_identity,rounding_difference,https://www.esportsearnings.com/tournaments/28333-polska-liga-esportowa-season-3-group-stage-lol,sqlite_pipeline/html/28333.html,
2861,lol,ambiguous_source_team_id,team_identity,matched,https://www.esportsearnings.com/tournaments/2861-iem-vii-katowice-lol,sqlite_pipeline/html/2861.html,
2868,lol,placements_unavailable_or_unapproved,placements,tournament_only,https://www.esportsearnings.com/tournaments/2868-ogn-champions-winter-2012-2013,sqlite_pipeline/html/2868.html,Không đọc được hạng: See Note
2899,lol,ambiguous_source_team_id,team_identity,matched,https://www.esportsearnings.com/tournaments/2899-iem-vii-world-championship-lol,sqlite_pipeline/html/2899.html,
29582,lol,placements_unavailable_or_unapproved,placements,tournament_only,https://www.esportsearnings.com/tournaments/29582-lck-summer-2018,sqlite_pipeline/html/29582.html,Không đọc được hạng: See Note
29607,lol,prize_allocation_pending_review,placements,needs_review,https://www.esportsearnings.com/tournaments/29607-eswc-metz-2018-lol,sqlite_pipeline/html/29607.html,
29629,lol,prize_allocation_pending_review,placements,needs_review,https://www.esportsearnings.com/tournaments/29629-league-greek-championship-season-4,sqlite_pipeline/html/29629.html,
30192,lol,ambiguous_source_team_id,team_identity,matched,https://www.esportsearnings.com/tournaments/30192-valenciennes-game-arena-2018,sqlite_pipeline/html/30192.html,
30362,lol,ambiguous_source_team_id,team_identity,matched,https://www.esportsearnings.com/tournaments/30362-esl-mistrzostwa-polski-summer-2018-lol,sqlite_pipeline/html/30362.html,
3050,lol,placements_unavailable_or_unapproved,placements,tournament_only,https://www.esportsearnings.com/tournaments/3050-ogn-champions-spring-2013,sqlite_pipeline/html/3050.html,Không đọc được hạng: See Note
3052,lol,ambiguous_source_team_id,team_identity,rounding_difference,https://www.esportsearnings.com/tournaments/3052-emtek-nlb-spring-2013,sqlite_pipeline/html/3052.html,
3344,lol,prize_allocation_pending_review,placements,needs_review,https://www.esportsearnings.com/tournaments/3344-i49-lol,sqlite_pipeline/html/3344.html,
3373,lol,placements_unavailable_or_unapproved,placements,tournament_only,https://www.esportsearnings.com/tournaments/3373-ogn-champions-summer-2013,sqlite_pipeline/html/3373.html,Không đọc được hạng: See Note
33757,lol,placements_unavailable_or_unapproved,placements,tournament_only,https://www.esportsearnings.com/tournaments/33757-lck-spring-2019,sqlite_pipeline/html/33757.html,Không đọc được hạng: See Note
34165,lol,placements_unavailable_or_unapproved,placements,tournament_only,https://www.esportsearnings.com/tournaments/34165-lcl-spring-2019,sqlite_pipeline/html/34165.html,Không đọc được hạng: DISQUALIFIED
34852,lol,ambiguous_source_team_id,team_identity,rounding_difference,https://www.esportsearnings.com/tournaments/34852-gamers-assembly-2019-lol,sqlite_pipeline/html/34852.html,
36736,lol,placements_unavailable_or_unapproved,placements,tournament_only,https://www.esportsearnings.com/tournaments/36736-summoners-inn-league-season-3,sqlite_pipeline/html/36736.html,Không đọc được hạng: -
36737,lol,placements_unavailable_or_unapproved,placements,tournament_only,https://www.esportsearnings.com/tournaments/36737-summoners-inn-league-season-2,sqlite_pipeline/html/36737.html,Không đọc được hạng: -
37499,lol,placements_unavailable_or_unapproved,placements,tournament_only,https://www.esportsearnings.com/tournaments/37499-lck-summer-2019,sqlite_pipeline/html/37499.html,Không đọc được hạng: See Note
37520,lol,placements_unavailable_or_unapproved,placements,tournament_only,https://www.esportsearnings.com/tournaments/37520-lms-summer-2019,sqlite_pipeline/html/37520.html,Không đọc được hạng: DISQUALIFIED
37800,lol,placements_unavailable_or_unapproved,placements,tournament_only,https://www.esportsearnings.com/tournaments/37800-esm-lol-cup-3,sqlite_pipeline/html/37800.html,Đội bị trùng trong cùng giải.
37847,lol,placements_unavailable_or_unapproved,placements,tournament_only,https://www.esportsearnings.com/tournaments/37847-league-of-qazaq-cybersport-federation-lol,sqlite_pipeline/html/37847.html,Không đọc được hạng: DISQUALIFIED
3845,lol,ambiguous_source_team_id,team_identity,matched,https://www.esportsearnings.com/tournaments/3845-iem-viii-singapore-lol-pro,sqlite_pipeline/html/3845.html,
38679,lol,placements_unavailable_or_unapproved,placements,tournament_only,https://www.esportsearnings.com/tournaments/38679-twitch-rivals-na-march-2019-lol,sqlite_pipeline/html/38679.html,Không tìm thấy đội cho hạng 1st.
41241,lol,placements_unavailable_or_unapproved,placements,tournament_only,https://www.esportsearnings.com/tournaments/41241-lck-spring-2020,sqlite_pipeline/html/41241.html,Không đọc được hạng: See Note
4190,lol,ambiguous_source_team_id,team_identity,rounding_difference,https://www.esportsearnings.com/tournaments/4190-g-league-2013-season-1-lol,sqlite_pipeline/html/4190.html,
4212,lol,ambiguous_source_team_id,team_identity,matched,https://www.esportsearnings.com/tournaments/4212-gpl-winter-2014,sqlite_pipeline/html/4212.html,
42494,lol,placements_unavailable_or_unapproved,placements,tournament_only,https://www.esportsearnings.com/tournaments/42494-pcs-spring-2020,sqlite_pipeline/html/42494.html,Không đọc được hạng: -
4250,lol,ambiguous_source_team_id,team_identity,matched,https://www.esportsearnings.com/tournaments/4250-zotac-nlb-winter-2013-2014,sqlite_pipeline/html/4250.html,
4251,lol,ambiguous_source_team_id,team_identity,matched,https://www.esportsearnings.com/tournaments/4251-gigabyte-nlb-summer-2013,sqlite_pipeline/html/4251.html,
4252,lol,ambiguous_source_team_id,team_identity,matched,https://www.esportsearnings.com/tournaments/4252-lnl-winter-season-2014,sqlite_pipeline/html/4252.html,
4254,lol,ambiguous_source_team_id,team_identity,matched,https://www.esportsearnings.com/tournaments/4254-north-american-challenger-league-season-1,sqlite_pipeline/html/4254.html,
43249,lol,placements_unavailable_or_unapproved,placements,tournament_only,https://www.esportsearnings.com/tournaments/43249-lck-summer-2020,sqlite_pipeline/html/43249.html,Không đọc được hạng: See Note
43998,lol,placements_unavailable_or_unapproved,placements,tournament_only,https://www.esportsearnings.com/tournaments/43998-lol-2020-world-championship,sqlite_pipeline/html/43998.html,Không đọc được hạng: See Note
44200,lol,placements_unavailable_or_unapproved,placements,tournament_only,https://www.esportsearnings.com/tournaments/44200-glitchcon-2020-super-team-showdown-league-of-legends,sqlite_pipeline/html/44200.html,Không đọc được hạng: DISQUALIFIED
4445,lol,ambiguous_source_team_id,team_identity,rounding_difference,https://www.esportsearnings.com/tournaments/4445-nlb-winter-2012-2013,sqlite_pipeline/html/4445.html,
4449,lol,ambiguous_source_team_id,team_identity,matched,https://www.esportsearnings.com/tournaments/4449-amd-inven-gamexperience,sqlite_pipeline/html/4449.html,
45452,lol,prize_allocation_pending_review,placements,needs_review,https://www.esportsearnings.com/tournaments/45452-hitpoint-masters-winter-league-2020,sqlite_pipeline/html/45452.html,
4551,lol,placements_unavailable_or_unapproved,placements,tournament_only,https://www.esportsearnings.com/tournaments/4551-ogn-champions-winter-2013-2014,sqlite_pipeline/html/4551.html,Không đọc được hạng: DISQUALIFIED
4557,lol,ambiguous_source_team_id,team_identity,matched,https://www.esportsearnings.com/tournaments/4557-gpl-summer-2013,sqlite_pipeline/html/4557.html,
4587,lol,ambiguous_source_team_id,team_identity,matched,https://www.esportsearnings.com/tournaments/4587-na-challenger-series-spring-2014-1,sqlite_pipeline/html/4587.html,
45964,lol,ambiguous_source_team_id,team_identity,matched,https://www.esportsearnings.com/tournaments/45964-giant-slayer-gauntlet-2021-spring,sqlite_pipeline/html/45964.html,
46164,lol,placements_unavailable_or_unapproved,placements,tournament_only,https://www.esportsearnings.com/tournaments/46164-lck-spring-2021,sqlite_pipeline/html/46164.html,Không đọc được hạng: See Note
46579,lol,prize_allocation_pending_review,placements,needs_review,https://www.esportsearnings.com/tournaments/46579-european-masters-spring-2021,sqlite_pipeline/html/46579.html,
47233,lol,ambiguous_source_team_id,team_identity,matched,https://www.esportsearnings.com/tournaments/47233-lcs-proving-grounds-2021-spring,sqlite_pipeline/html/47233.html,
48749,lol,placements_unavailable_or_unapproved,placements,tournament_only,https://www.esportsearnings.com/tournaments/48749-lck-summer-2021,sqlite_pipeline/html/48749.html,Không đọc được hạng: See Note
4906,lol,placements_unavailable_or_unapproved,placements,tournament_only,https://www.esportsearnings.com/tournaments/4906-polar-party-21-lol,sqlite_pipeline/html/4906.html,Không lấy được kết quả thi đấu nào.
4931,lol,placements_unavailable_or_unapproved,placements,tournament_only,https://www.esportsearnings.com/tournaments/4931-nemean-lan-2014-lol,sqlite_pipeline/html/4931.html,Không lấy được kết quả thi đấu nào.
4934,lol,placements_unavailable_or_unapproved,placements,tournament_only,https://www.esportsearnings.com/tournaments/4934-blan-2014-winter-lol,sqlite_pipeline/html/4934.html,Đội bị trùng trong cùng giải.
5101,lol,ambiguous_source_team_id,team_identity,matched,https://www.esportsearnings.com/tournaments/5101-na-challenger-series-spring-2014-2,sqlite_pipeline/html/5101.html,
5104,lol,ambiguous_source_team_id,team_identity,matched,https://www.esportsearnings.com/tournaments/5104-gpl-spring-2014,sqlite_pipeline/html/5104.html,
51252,lol,ambiguous_source_team_id,team_identity,matched,https://www.esportsearnings.com/tournaments/51252-unified-grand-prix-summer-2021,sqlite_pipeline/html/51252.html,
51284,lol,placements_unavailable_or_unapproved,placements,tournament_only,https://www.esportsearnings.com/tournaments/51284-wichita-esports-15k-2017,sqlite_pipeline/html/51284.html,Không đọc được hạng: -
5152,lol,ambiguous_source_team_id,team_identity,matched,https://www.esportsearnings.com/tournaments/5152-lnl-spring-season-2014,sqlite_pipeline/html/5152.html,
5158,lol,ambiguous_source_team_id,team_identity,matched,https://www.esportsearnings.com/tournaments/5158-na-challenger-series-spring-2014-playoffs,sqlite_pipeline/html/5158.html,
51846,lol,placements_unavailable_or_unapproved,placements,tournament_only,https://www.esportsearnings.com/tournaments/51846-na-champions-queue-spring-2022-split-1,sqlite_pipeline/html/51846.html,Không tìm thấy đội cho hạng 1st.
51885,lol,placements_unavailable_or_unapproved,placements,tournament_only,https://www.esportsearnings.com/tournaments/51885-lck-spring-2022,sqlite_pipeline/html/51885.html,Không đọc được hạng: See Note
51930,lol,placements_unavailable_or_unapproved,placements,tournament_only,https://www.esportsearnings.com/tournaments/51930-lck-challengers-league-2022-spring,sqlite_pipeline/html/51930.html,Không đọc được hạng: See Note
52260,lol,placements_unavailable_or_unapproved,placements,tournament_only,https://www.esportsearnings.com/tournaments/52260-na-champions-queue-spring-2022-split-2,sqlite_pipeline/html/52260.html,Không tìm thấy đội cho hạng 1st.
52537,lol,prize_allocation_pending_review,placements,needs_review,https://www.esportsearnings.com/tournaments/52537-european-masters-spring-2022,sqlite_pipeline/html/52537.html,
5309,lol,placements_unavailable_or_unapproved,placements,tournament_only,https://www.esportsearnings.com/tournaments/5309-march-matchness-1v1-tournament,sqlite_pipeline/html/5309.html,Không tìm thấy đội cho hạng 1st.
5354,lol,placements_unavailable_or_unapproved,placements,tournament_only,https://www.esportsearnings.com/tournaments/5354-insalan-7-lol,sqlite_pipeline/html/5354.html,Không lấy được kết quả thi đấu nào.
5358,lol,placements_unavailable_or_unapproved,placements,tournament_only,https://www.esportsearnings.com/tournaments/5358-insalan-8-lol,sqlite_pipeline/html/5358.html,Không lấy được kết quả thi đấu nào.
5448,lol,placements_unavailable_or_unapproved,placements,tournament_only,https://www.esportsearnings.com/tournaments/5448-netparty-fyn-14-lol,sqlite_pipeline/html/5448.html,Không lấy được kết quả thi đấu nào.
5505,lol,ambiguous_source_team_id,team_identity,rounding_difference,https://www.esportsearnings.com/tournaments/5505-iet-2014-lol-pro,sqlite_pipeline/html/5505.html,
55180,lol,placements_unavailable_or_unapproved,placements,tournament_only,https://www.esportsearnings.com/tournaments/55180-lck-challengers-league-2022-summer,sqlite_pipeline/html/55180.html,Không đọc được hạng: See Note
55188,lol,placements_unavailable_or_unapproved,placements,tournament_only,https://www.esportsearnings.com/tournaments/55188-lck-summer-2022,sqlite_pipeline/html/55188.html,Không đọc được hạng: See Note
55358,lol,prize_allocation_pending_review,placements,needs_review,https://www.esportsearnings.com/tournaments/55358-pcs-summer-2022,sqlite_pipeline/html/55358.html,
5565,lol,placements_unavailable_or_unapproved,placements,tournament_only,https://www.esportsearnings.com/tournaments/5565-ogn-champions-spring-2014,sqlite_pipeline/html/5565.html,Không đọc được hạng: See Note
5570,lol,prize_allocation_pending_review,placements,needs_review,https://www.esportsearnings.com/tournaments/5570-bigfile-nlb-spring-2014,sqlite_pipeline/html/5570.html,
56304,lol,placements_unavailable_or_unapproved,placements,tournament_only,https://www.esportsearnings.com/tournaments/56304-na-champions-queue-summer-2022-split-1,sqlite_pipeline/html/56304.html,Không tìm thấy đội cho hạng 1st.
56305,lol,placements_unavailable_or_unapproved,placements,tournament_only,https://www.esportsearnings.com/tournaments/56305-na-champions-queue-summer-2022-split-2,sqlite_pipeline/html/56305.html,Không tìm thấy đội cho hạng 1st.
56306,lol,placements_unavailable_or_unapproved,placements,tournament_only,https://www.esportsearnings.com/tournaments/56306-na-champions-queue-summer-2022-split-3,sqlite_pipeline/html/56306.html,Không tìm thấy đội cho hạng 1st.
5774,lol,ambiguous_source_team_id,team_identity,matched,https://www.esportsearnings.com/tournaments/5774-oceania-regionals-winter-2014,sqlite_pipeline/html/5774.html,
59791,lol,placements_unavailable_or_unapproved,placements,tournament_only,https://www.esportsearnings.com/tournaments/59791-esports-championship-east-asia-2022-lol,sqlite_pipeline/html/59791.html,Không đọc được hạng: See Note
6025,lol,ambiguous_source_team_id,team_identity,matched,https://www.esportsearnings.com/tournaments/6025-national-eps-season-iii-lol,sqlite_pipeline/html/6025.html,
6029,lol,ambiguous_source_team_id,team_identity,matched,https://www.esportsearnings.com/tournaments/6029-national-eps-season-v-lol,sqlite_pipeline/html/6029.html,
6039,lol,placements_unavailable_or_unapproved,placements,tournament_only,https://www.esportsearnings.com/tournaments/6039-lolpro-1v1-tournament,sqlite_pipeline/html/6039.html,Không tìm thấy đội cho hạng 1st.
6048,lol,ambiguous_source_team_id,team_identity,matched,https://www.esportsearnings.com/tournaments/6048-national-eps-season-iv-lol,sqlite_pipeline/html/6048.html,
6053,lol,placements_unavailable_or_unapproved,placements,tournament_only,https://www.esportsearnings.com/tournaments/6053-lvp-season-6-lol-finals,sqlite_pipeline/html/6053.html,Đội bị trùng trong cùng giải.
6064,lol,placements_unavailable_or_unapproved,placements,tournament_only,https://www.esportsearnings.com/tournaments/6064-national-eps-season-ix-lol,sqlite_pipeline/html/6064.html,Không đọc được hạng: DISQUALIFIED
60734,lol,placements_unavailable_or_unapproved,placements,tournament_only,https://www.esportsearnings.com/tournaments/60734-lck-challengers-league-2023-spring,sqlite_pipeline/html/60734.html,Không đọc được hạng: See Note
60748,lol,placements_unavailable_or_unapproved,placements,tournament_only,https://www.esportsearnings.com/tournaments/60748-lck-spring-2023,sqlite_pipeline/html/60748.html,Không đọc được hạng: See Note
61172,lol,prize_allocation_pending_review,placements,needs_review,https://www.esportsearnings.com/tournaments/61172-emea-masters-spring-2023,sqlite_pipeline/html/61172.html,
61829,lol,placements_unavailable_or_unapproved,placements,tournament_only,https://www.esportsearnings.com/tournaments/61829-soloq-challenge-frchbe,sqlite_pipeline/html/61829.html,Không tìm thấy đội cho hạng WIN.
63529,lol,placements_unavailable_or_unapproved,placements,tournament_only,https://www.esportsearnings.com/tournaments/63529-lck-summer-2023,sqlite_pipeline/html/63529.html,Không đọc được hạng: See Note
63534,lol,placements_unavailable_or_unapproved,placements,tournament_only,https://www.esportsearnings.com/tournaments/63534-lck-challengers-league-2023-summer,sqlite_pipeline/html/63534.html,Không đọc được hạng: See Note
6378,lol,invalid_date,both,matched,https://www.esportsearnings.com/tournaments/6378-season-3-latin-america-regional-southern-qualifier,sqlite_pipeline/html/6378.html,
63960,lol,prize_allocation_pending_review,placements,needs_review,https://www.esportsearnings.com/tournaments/63960-emea-masters-summer-2023,sqlite_pipeline/html/63960.html,
64004,lol,placements_unavailable_or_unapproved,placements,tournament_only,https://www.esportsearnings.com/tournaments/64004-insomnia-egypt-2023-lol,sqlite_pipeline/html/64004.html,Đội bị trùng trong cùng giải.
64084,lol,placements_unavailable_or_unapproved,placements,tournament_only,https://www.esportsearnings.com/tournaments/64084-vcs-dusk-2023,sqlite_pipeline/html/64084.html,Không đọc được hạng: DISQUALIFIED
65096,lol,ambiguous_source_team_id,team_identity,rounding_difference,https://www.esportsearnings.com/tournaments/65096-challengers-korea-spring-2020,sqlite_pipeline/html/65096.html,
6605,lol,ambiguous_source_team_id,team_identity,rounding_difference,https://www.esportsearnings.com/tournaments/6605-itenjoy-nlb-summer-2014,sqlite_pipeline/html/6605.html,
66458,lol,placements_unavailable_or_unapproved,placements,tournament_only,https://www.esportsearnings.com/tournaments/66458-esports-championships-east-asia-2023-lol,sqlite_pipeline/html/66458.html,Không đọc được hạng: See Note
6677,lol,placements_unavailable_or_unapproved,placements,tournament_only,https://www.esportsearnings.com/tournaments/6677-gpl-summer-2014,sqlite_pipeline/html/6677.html,Không đọc được hạng: DISQUALIFIED
6678,lol,placements_unavailable_or_unapproved,placements,tournament_only,https://www.esportsearnings.com/tournaments/6678-ogn-champions-summer-2014,sqlite_pipeline/html/6678.html,Không đọc được hạng: See Note
6742,lol,ambiguous_source_team_id,team_identity,matched,https://www.esportsearnings.com/tournaments/6742-lnl-summer-season-2014,sqlite_pipeline/html/6742.html,
6751,lol,ambiguous_source_team_id,team_identity,matched,https://www.esportsearnings.com/tournaments/6751-lpl-summer-2014,sqlite_pipeline/html/6751.html,
67711,lol,placements_unavailable_or_unapproved,placements,tournament_only,https://www.esportsearnings.com/tournaments/67711-lck-spring-2024,sqlite_pipeline/html/67711.html,Không đọc được hạng: See Note
67806,lol,placements_unavailable_or_unapproved,placements,tournament_only,https://www.esportsearnings.com/tournaments/67806-lck-challengers-league-2024-spring,sqlite_pipeline/html/67806.html,Không đọc được hạng: See Note
68021,lol,prize_allocation_pending_review,placements,needs_review,https://www.esportsearnings.com/tournaments/68021-emea-masters-spring-2024,sqlite_pipeline/html/68021.html,
68927,lol,placements_unavailable_or_unapproved,placements,tournament_only,https://www.esportsearnings.com/tournaments/68927-esports-world-cup-2024-lol,sqlite_pipeline/html/68927.html,Không đọc được hạng: See Note
6973,lol,ambiguous_source_team_id,team_identity,matched,https://www.esportsearnings.com/tournaments/6973-wcg-poland-finals-2013-lol,sqlite_pipeline/html/6973.html,
69786,lol,placements_unavailable_or_unapproved,placements,tournament_only,https://www.esportsearnings.com/tournaments/69786-lck-summer-2024,sqlite_pipeline/html/69786.html,Không đọc được hạng: See Note
7033,lol,placements_unavailable_or_unapproved,placements,tournament_only,https://www.esportsearnings.com/tournaments/7033-eps-germany-summer-2014-lol,sqlite_pipeline/html/7033.html,Không đọc được hạng: DISQUALIFIED
7072,lol,placements_unavailable_or_unapproved,placements,tournament_only,https://www.esportsearnings.com/tournaments/7072-tlc-summer-2014-singapore,sqlite_pipeline/html/7072.html,Không đọc được hạng: See Note
7073,lol,placements_unavailable_or_unapproved,placements,tournament_only,https://www.esportsearnings.com/tournaments/7073-tlc-summer-2014-malaysia,sqlite_pipeline/html/7073.html,Không đọc được hạng: See Note
7080,lol,placements_unavailable_or_unapproved,placements,tournament_only,https://www.esportsearnings.com/tournaments/7080-alienware-fall-brawl-1v1-tournament,sqlite_pipeline/html/7080.html,Không tìm thấy đội cho hạng 1st.
71271,lol,placements_unavailable_or_unapproved,placements,tournament_only,https://www.esportsearnings.com/tournaments/71271-lck-challengers-league-2024-summer,sqlite_pipeline/html/71271.html,Không đọc được hạng: See Note
7248,lol,placements_unavailable_or_unapproved,placements,tournament_only,https://www.esportsearnings.com/tournaments/7248-national-eps-season-x-lol,sqlite_pipeline/html/7248.html,Không đọc được hạng: DISQUALIFIED
7371,lol,placements_unavailable_or_unapproved,placements,tournament_only,https://www.esportsearnings.com/tournaments/7371-gigacon-2014-lol,sqlite_pipeline/html/7371.html,Đội bị trùng trong cùng giải.
7375,lol,placements_unavailable_or_unapproved,placements,tournament_only,https://www.esportsearnings.com/tournaments/7375-yy-chinese-soloqueue-challenge-2014,sqlite_pipeline/html/7375.html,Không tìm thấy đội cho hạng WIN.
7376,lol,ambiguous_source_team_id,team_identity,matched,https://www.esportsearnings.com/tournaments/7376-lol-2014-world-championship,sqlite_pipeline/html/7376.html,
7554,lol,ambiguous_source_team_id,team_identity,matched,https://www.esportsearnings.com/tournaments/7554-nest-2014-lol,sqlite_pipeline/html/7554.html,
8189,lol,placements_unavailable_or_unapproved,placements,tournament_only,https://www.esportsearnings.com/tournaments/8189-tencent-games-carnival-2014-lol-1v1-tournament,sqlite_pipeline/html/8189.html,Không tìm thấy đội cho hạng 1st.
8553,lol,placements_unavailable_or_unapproved,placements,tournament_only,https://www.esportsearnings.com/tournaments/8553-tlc-winter-2014-malaysia,sqlite_pipeline/html/8553.html,Không đọc được hạng: See Note
8554,lol,placements_unavailable_or_unapproved,placements,tournament_only,https://www.esportsearnings.com/tournaments/8554-tlc-winter-2014-singapore,sqlite_pipeline/html/8554.html,Không đọc được hạng: See Note
9698,lol,placements_unavailable_or_unapproved,placements,tournament_only,https://www.esportsearnings.com/tournaments/9698-solo-king-korean-1v1-tournament,sqlite_pipeline/html/9698.html,Không tìm thấy đội cho hạng 1st.
9729,lol,ambiguous_source_team_id,team_identity,rounding_difference,https://www.esportsearnings.com/tournaments/9729-esl-fruhlingsmeisterschaft-2015-lol-cup-4,sqlite_pipeline/html/9729.html,
9919,lol,placements_unavailable_or_unapproved,placements,tournament_only,https://www.esportsearnings.com/tournaments/9919-jcg-premier-league-season-2-2014,sqlite_pipeline/html/9919.html,Không đọc được hạng: -
9920,lol,placements_unavailable_or_unapproved,placements,tournament_only,https://www.esportsearnings.com/tournaments/9920-jcg-premier-league-season-3-2014,sqlite_pipeline/html/9920.html,Không đọc được hạng: -
9921,lol,placements_unavailable_or_unapproved,placements,tournament_only,https://www.esportsearnings.com/tournaments/9921-jcg-premier-league-season-4-2014,sqlite_pipeline/html/9921.html,Không đọc được hạng: -
9993,lol,ambiguous_source_team_id,team_identity,matched,https://www.esportsearnings.com/tournaments/9993-gpl-spring-2015,sqlite_pipeline/html/9993.html,
9998,lol,placements_unavailable_or_unapproved,placements,tournament_only,https://www.esportsearnings.com/tournaments/9998-vietnam-all-stars-challenger-2015,sqlite_pipeline/html/9998.html,Không tìm thấy đội cho hạng 1st.
41425,valorant,placements_unavailable_or_unapproved,placements,tournament_only,https://www.esportsearnings.com/tournaments/41425-fragadelphia-social-distancing-open-2,sqlite_pipeline/html/41425.html,Không đọc được hạng: See Note
42555,valorant,placements_unavailable_or_unapproved,placements,tournament_only,https://www.esportsearnings.com/tournaments/42555-the-1st-championship,sqlite_pipeline/html/42555.html,Không đọc được hạng: See Note
43224,valorant,prize_allocation_pending_review,placements,needs_review,https://www.esportsearnings.com/tournaments/43224-lvl-clash-2,sqlite_pipeline/html/43224.html,
43248,valorant,placements_unavailable_or_unapproved,placements,tournament_only,https://www.esportsearnings.com/tournaments/43248-pakvalorant-prime-league-2,sqlite_pipeline/html/43248.html,Không đọc được hạng: See Note
43279,valorant,placements_unavailable_or_unapproved,placements,tournament_only,https://www.esportsearnings.com/tournaments/43279-polish-invitational-deathmatch,sqlite_pipeline/html/43279.html,Không tìm thấy đội cho hạng 1st.
44201,valorant,placements_unavailable_or_unapproved,placements,tournament_only,https://www.esportsearnings.com/tournaments/44201-glitchcon-2020-super-team-showdown-valorant,sqlite_pipeline/html/44201.html,Không đọc được hạng: DISQUALIFIED
44209,valorant,placements_unavailable_or_unapproved,placements,tournament_only,https://www.esportsearnings.com/tournaments/44209-road-to-glitchcon-valorant,sqlite_pipeline/html/44209.html,Không tìm thấy đội cho hạng 1st.
46007,valorant,placements_unavailable_or_unapproved,placements,tournament_only,https://www.esportsearnings.com/tournaments/46007-cloud9-to-the-skyes,sqlite_pipeline/html/46007.html,Đội bị trùng trong cùng giải.
46396,valorant,placements_unavailable_or_unapproved,placements,tournament_only,https://www.esportsearnings.com/tournaments/46396-vct-2021-korea-stage-1-masters,sqlite_pipeline/html/46396.html,Không đọc được hạng: See Note
46903,valorant,placements_unavailable_or_unapproved,placements,tournament_only,https://www.esportsearnings.com/tournaments/46903-vct-2021-korea-stage-2-challengers,sqlite_pipeline/html/46903.html,Không đọc được hạng: See Note
47125,valorant,placements_unavailable_or_unapproved,placements,tournament_only,https://www.esportsearnings.com/tournaments/47125-vct-2021-brazil-stage-1-masters,sqlite_pipeline/html/47125.html,Đội bị trùng trong cùng giải.
47466,valorant,placements_unavailable_or_unapproved,placements,tournament_only,https://www.esportsearnings.com/tournaments/47466-valorant-allstar-invitational,sqlite_pipeline/html/47466.html,Không đọc được hạng: -
48611,valorant,placements_unavailable_or_unapproved,placements,tournament_only,https://www.esportsearnings.com/tournaments/48611-vct-2021-korea-stage-3-challengers-playoffs,sqlite_pipeline/html/48611.html,Không đọc được hạng: -
48875,valorant,placements_unavailable_or_unapproved,placements,tournament_only,https://www.esportsearnings.com/tournaments/48875-sea-fire-championship-2020,sqlite_pipeline/html/48875.html,Không đọc được hạng: -
49029,valorant,placements_unavailable_or_unapproved,placements,tournament_only,https://www.esportsearnings.com/tournaments/49029-huntress-trials-january-2021-valorant,sqlite_pipeline/html/49029.html,Không đọc được hạng: -
49159,valorant,placements_unavailable_or_unapproved,placements,tournament_only,https://www.esportsearnings.com/tournaments/49159-pasha-gaming-school-pro-season-1,sqlite_pipeline/html/49159.html,Không tìm thấy đội cho hạng 1st.
50330,valorant,prize_allocation_pending_review,placements,needs_review,https://www.esportsearnings.com/tournaments/50330-open-fire,sqlite_pipeline/html/50330.html,
50481,valorant,placements_unavailable_or_unapproved,placements,tournament_only,https://www.esportsearnings.com/tournaments/50481-valorant-conquerors-championship,sqlite_pipeline/html/50481.html,Không đọc được hạng: See Note
50482,valorant,placements_unavailable_or_unapproved,placements,tournament_only,https://www.esportsearnings.com/tournaments/50482-the-esports-club-showdown,sqlite_pipeline/html/50482.html,Không đọc được hạng: -
51330,valorant,placements_unavailable_or_unapproved,placements,tournament_only,https://www.esportsearnings.com/tournaments/51330-skyesports-championship-3-0-valorant,sqlite_pipeline/html/51330.html,Không đọc được hạng: See Note
51582,valorant,placements_unavailable_or_unapproved,placements,tournament_only,https://www.esportsearnings.com/tournaments/51582-valorant-conquerors-championship-2022-stage-1,sqlite_pipeline/html/51582.html,Không đọc được hạng: See Note
52857,valorant,placements_unavailable_or_unapproved,placements,tournament_only,https://www.esportsearnings.com/tournaments/52857-vct-2022-stage-1-masters-reykjavik,sqlite_pipeline/html/52857.html,Không đọc được hạng: Code S
53301,valorant,placements_unavailable_or_unapproved,placements,tournament_only,https://www.esportsearnings.com/tournaments/53301-skyesports-champions-series,sqlite_pipeline/html/53301.html,Không đọc được hạng: See Note
53653,valorant,placements_unavailable_or_unapproved,placements,tournament_only,https://www.esportsearnings.com/tournaments/53653-vct-2022-korea-stage-2-challengers,sqlite_pipeline/html/53653.html,Không đọc được hạng: See Note
53704,valorant,placements_unavailable_or_unapproved,placements,tournament_only,https://www.esportsearnings.com/tournaments/53704-vct-2022-indonesia-stage-2-challengers,sqlite_pipeline/html/53704.html,Không đọc được hạng: See Note
53706,valorant,placements_unavailable_or_unapproved,placements,tournament_only,https://www.esportsearnings.com/tournaments/53706-vct-2022-malaysia-and-singapore-stage-2-challengers,sqlite_pipeline/html/53706.html,Không đọc được hạng: See Note
53869,valorant,prize_allocation_pending_review,placements,needs_review,https://www.esportsearnings.com/tournaments/53869-vct-2022-vietnam-stage-1-challengers,sqlite_pipeline/html/53869.html,
53871,valorant,placements_unavailable_or_unapproved,placements,tournament_only,https://www.esportsearnings.com/tournaments/53871-vct-2022-korea-stage-1-challengers,sqlite_pipeline/html/53871.html,Không đọc được hạng: See Note
53873,valorant,placements_unavailable_or_unapproved,placements,tournament_only,https://www.esportsearnings.com/tournaments/53873-vct-2022-indonesia-stage-1-challengers,sqlite_pipeline/html/53873.html,Không đọc được hạng: See Note
53913,valorant,placements_unavailable_or_unapproved,placements,tournament_only,https://www.esportsearnings.com/tournaments/53913-victory-challenge-1vs1,sqlite_pipeline/html/53913.html,Không đọc được hạng: See Note
54002,valorant,prize_allocation_pending_review,placements,needs_review,https://www.esportsearnings.com/tournaments/54002-steelseries-prime-tournament,sqlite_pipeline/html/54002.html,
54004,valorant,placements_unavailable_or_unapproved,placements,tournament_only,https://www.esportsearnings.com/tournaments/54004-vct-2021-vietnam-stage-2-challengers,sqlite_pipeline/html/54004.html,Không đọc được hạng: See Note
54005,valorant,placements_unavailable_or_unapproved,placements,tournament_only,https://www.esportsearnings.com/tournaments/54005-vct-2021-vietnam-stage-3-challengers-1,sqlite_pipeline/html/54005.html,Không đọc được hạng: See Note
54006,valorant,placements_unavailable_or_unapproved,placements,tournament_only,https://www.esportsearnings.com/tournaments/54006-vct-2021-vietnam-stage-3-challengers-2,sqlite_pipeline/html/54006.html,Không đọc được hạng: See Note
54007,valorant,placements_unavailable_or_unapproved,placements,tournament_only,https://www.esportsearnings.com/tournaments/54007-vct-2021-vietnam-stage-3-challengers-3,sqlite_pipeline/html/54007.html,Không đọc được hạng: See Note
54141,valorant,placements_unavailable_or_unapproved,placements,tournament_only,https://www.esportsearnings.com/tournaments/54141-predator-shot-2022,sqlite_pipeline/html/54141.html,Không đọc được hạng: See Note
54142,valorant,placements_unavailable_or_unapproved,placements,tournament_only,https://www.esportsearnings.com/tournaments/54142-arena-of-masters,sqlite_pipeline/html/54142.html,Không đọc được hạng: See Note
57138,valorant,placements_unavailable_or_unapproved,placements,tournament_only,https://www.esportsearnings.com/tournaments/57138-wd-black-cup-season-3-king-of-the-hill,sqlite_pipeline/html/57138.html,Không đọc được hạng: See Note
57141,valorant,placements_unavailable_or_unapproved,placements,tournament_only,https://www.esportsearnings.com/tournaments/57141-tec-challenger-series-8,sqlite_pipeline/html/57141.html,Không đọc được hạng: See Note
57142,valorant,placements_unavailable_or_unapproved,placements,tournament_only,https://www.esportsearnings.com/tournaments/57142-tec-challenger-series-7,sqlite_pipeline/html/57142.html,Không đọc được hạng: See Note
57624,valorant,placements_unavailable_or_unapproved,placements,tournament_only,https://www.esportsearnings.com/tournaments/57624-skyesports-sea-championship,sqlite_pipeline/html/57624.html,Không đọc được hạng: See Note
58101,valorant,placements_unavailable_or_unapproved,placements,tournament_only,https://www.esportsearnings.com/tournaments/58101-vietnam-gaming-league,sqlite_pipeline/html/58101.html,Không đọc được hạng: See Note
58536,valorant,placements_unavailable_or_unapproved,placements,tournament_only,https://www.esportsearnings.com/tournaments/58536-vct-2021-indonesia-stage-3-challengers-3,sqlite_pipeline/html/58536.html,Không đọc được hạng: See Note
58571,valorant,placements_unavailable_or_unapproved,placements,tournament_only,https://www.esportsearnings.com/tournaments/58571-vct-2021-malaysia-and-singapore-stage-3-challengers-1,sqlite_pipeline/html/58571.html,Không đọc được hạng: See Note
58576,valorant,placements_unavailable_or_unapproved,placements,tournament_only,https://www.esportsearnings.com/tournaments/58576-vct-2021-malaysia-and-singapore-stage-3-challengers-2,sqlite_pipeline/html/58576.html,Không đọc được hạng: See Note
58577,valorant,placements_unavailable_or_unapproved,placements,tournament_only,https://www.esportsearnings.com/tournaments/58577-vct-2021-malaysia-and-singapore-stage-3-challengers-3,sqlite_pipeline/html/58577.html,Không đọc được hạng: See Note
60279,valorant,placements_unavailable_or_unapproved,placements,tournament_only,https://www.esportsearnings.com/tournaments/60279-vcl-2023-korea-split-1,sqlite_pipeline/html/60279.html,Không đọc được hạng: See Note
60810,valorant,placements_unavailable_or_unapproved,placements,tournament_only,https://www.esportsearnings.com/tournaments/60810-2023-valorant-team-ace,sqlite_pipeline/html/60810.html,Không đọc được hạng: See Note
61647,valorant,placements_unavailable_or_unapproved,placements,tournament_only,https://www.esportsearnings.com/tournaments/61647-vcl-2023-korea-split-2,sqlite_pipeline/html/61647.html,Không đọc được hạng: See Note
61712,valorant,placements_unavailable_or_unapproved,placements,tournament_only,https://www.esportsearnings.com/tournaments/61712-vcl-2023-indonesia-split-2,sqlite_pipeline/html/61712.html,Không đọc được hạng: See Note
61716,valorant,placements_unavailable_or_unapproved,placements,tournament_only,https://www.esportsearnings.com/tournaments/61716-vcl-2023-malaysiasingapore-split-2,sqlite_pipeline/html/61716.html,Không đọc được hạng: See Note
61725,valorant,prize_allocation_pending_review,placements,needs_review,https://www.esportsearnings.com/tournaments/61725-college-valorant-2022-2023-championship,sqlite_pipeline/html/61725.html,
61840,valorant,prize_allocation_pending_review,placements,needs_review,https://www.esportsearnings.com/tournaments/61840-valorant-dach-evolution-unity,sqlite_pipeline/html/61840.html,
61883,valorant,placements_unavailable_or_unapproved,placements,tournament_only,https://www.esportsearnings.com/tournaments/61883-estaz-valorant-elite-league,sqlite_pipeline/html/61883.html,Không đọc được hạng: See Note
64421,valorant,prize_allocation_pending_review,placements,needs_review,https://www.esportsearnings.com/tournaments/64421-vct-2023-game-changers-brazil-series-2-qualifier-3,sqlite_pipeline/html/64421.html,
64529,valorant,prize_allocation_pending_review,placements,needs_review,https://www.esportsearnings.com/tournaments/64529-vct-2023-game-changers-emea-stage-3,sqlite_pipeline/html/64529.html,
64822,valorant,placements_unavailable_or_unapproved,placements,tournament_only,https://www.esportsearnings.com/tournaments/64822-asia-pacific-predator-league-2024-bangladesh-valorant,sqlite_pipeline/html/64822.html,Không đọc được hạng: See Note
65158,valorant,placements_unavailable_or_unapproved,placements,tournament_only,https://www.esportsearnings.com/tournaments/65158-project-v-2023-orcusv2,sqlite_pipeline/html/65158.html,Không đọc được hạng: See Note
65466,valorant,prize_allocation_pending_review,placements,needs_review,https://www.esportsearnings.com/tournaments/65466-valorant-china-evolution-series-act-3-heritability,sqlite_pipeline/html/65466.html,
66318,valorant,placements_unavailable_or_unapproved,placements,tournament_only,https://www.esportsearnings.com/tournaments/66318-valorant-china-national-competition-season-1,sqlite_pipeline/html/66318.html,Không đọc được hạng: See Note
66339,valorant,placements_unavailable_or_unapproved,placements,tournament_only,https://www.esportsearnings.com/tournaments/66339-asia-pacific-predator-league-2024-philippines-valorant,sqlite_pipeline/html/66339.html,Không đọc được hạng: See Note
66342,valorant,placements_unavailable_or_unapproved,placements,tournament_only,https://www.esportsearnings.com/tournaments/66342-asia-pacific-predator-league-2024-vietnam-valorant,sqlite_pipeline/html/66342.html,Không đọc được hạng: See Note
66481,valorant,placements_unavailable_or_unapproved,placements,tournament_only,https://www.esportsearnings.com/tournaments/66481-asia-pacific-predator-league-2024-valorant,sqlite_pipeline/html/66481.html,Không đọc được hạng: See Note
66953,valorant,placements_unavailable_or_unapproved,placements,tournament_only,https://www.esportsearnings.com/tournaments/66953-skyesports-pro-invitational-season-2,sqlite_pipeline/html/66953.html,Không đọc được hạng: See Note
66954,valorant,placements_unavailable_or_unapproved,placements,tournament_only,https://www.esportsearnings.com/tournaments/66954-skyesports-pro-invitational-season-1,sqlite_pipeline/html/66954.html,Không đọc được hạng: See Note
67724,valorant,prize_allocation_pending_review,placements,needs_review,https://www.esportsearnings.com/tournaments/67724-vcl-2024-vietnam-split-1,sqlite_pipeline/html/67724.html,
67765,valorant,placements_unavailable_or_unapproved,placements,tournament_only,https://www.esportsearnings.com/tournaments/67765-vcl-2024-indonesia-split-1,sqlite_pipeline/html/67765.html,Không đọc được hạng: See Note
68051,valorant,placements_unavailable_or_unapproved,placements,tournament_only,https://www.esportsearnings.com/tournaments/68051-vcl-2024-korea-split-1,sqlite_pipeline/html/68051.html,Không đọc được hạng: -
68342,valorant,prize_allocation_pending_review,placements,needs_review,https://www.esportsearnings.com/tournaments/68342-vct-2024-game-changers-emea-contenders-series-1,sqlite_pipeline/html/68342.html,
69307,valorant,prize_allocation_pending_review,placements,needs_review,https://www.esportsearnings.com/tournaments/69307-vcl-2024-france-revolution-split-2,sqlite_pipeline/html/69307.html,
69364,valorant,placements_unavailable_or_unapproved,placements,tournament_only,https://www.esportsearnings.com/tournaments/69364-vcl-2024-indonesia-split-2,sqlite_pipeline/html/69364.html,Không đọc được hạng: -
69449,valorant,placements_unavailable_or_unapproved,placements,tournament_only,https://www.esportsearnings.com/tournaments/69449-vcl-2024-korea-split-2,sqlite_pipeline/html/69449.html,Không đọc được hạng: -
71925,valorant,ambiguous_source_team_id,team_identity,matched,https://www.esportsearnings.com/tournaments/71925-saudi-eleague-2024-championship,sqlite_pipeline/html/71925.html,
72174,valorant,placements_unavailable_or_unapproved,placements,tournament_only,https://www.esportsearnings.com/tournaments/72174-nrg-frag-race,sqlite_pipeline/html/72174.html,Không tìm thấy đội cho hạng 1st.
