rank,game,month,year,hours_watched,hours_streamed,peak_viewers,peak_channels,streamers,avg_viewers,avg_channels,avg_viewer_ratio,source_row_number,month_start,platform,measurement_level,source_category_raw,source_category,source_file,quality_status,game_family,analysis_role,hours_watched_iqr_flag,avg_viewers_iqr_flag,peak_viewers_iqr_flag,observed_tournament_count,known_pool_count,source_prize_pool_cents,placement_reconciled_tournament_count,placement_reconciled_pool_cents,quality_flagged_tournament_count,game_versions_present,earnings_month_observed,source_prize_pool_usd,placement_reconciled_pool_usd,twitch_platform_hours_watched,game_hours_share_of_twitch_pct
1,League of Legends,1,2016,94377226,1362044,530270,2903,129172,127021,1833,69.29,2,2016-01-01,Twitch,game_month,League of Legends,League of Legends,C:\Users\dthin\Downloads\Twitch_game_data.csv,usable,League of Legends,main,False,False,False,19,19,167309811.0,16,137327890.0,3,League of Legends,True,1673098.11,1373278.9,480241904,19.652018121267485
2,Counter-Strike: Global Offensive,1,2016,47832863,830105,372654,2197,120849,64378,1117,57.62,3,2016-01-01,Twitch,game_month,Counter-Strike: Global Offensive,Counter-Strike: Global Offensive,C:\Users\dthin\Downloads\Twitch_game_data.csv,usable,Counter-Strike,main,False,False,False,81,81,79761517.0,78,75756072.0,4,Counter-Strike: Global Offensive,True,797615.17,757560.72,480241904,9.96016020292973
3,Dota 2,1,2016,45185893,433397,315083,1100,44074,60815,583,104.26,4,2016-01-01,Twitch,game_month,Dota 2,Dota 2,C:\Users\dthin\Downloads\Twitch_game_data.csv,usable,Dota 2,main,False,False,False,13,13,52682401.0,13,52682401.0,1,Dota 2,True,526824.01,526824.01,480241904,9.408985893076084
1,League of Legends,2,2016,93154772,1266715,475784,2712,117996,134035,1822,73.54,202,2016-02-01,Twitch,game_month,League of Legends,League of Legends,C:\Users\dthin\Downloads\Twitch_game_data.csv,usable,League of Legends,main,False,False,False,9,9,5741565.0,9,5741565.0,0,League of Legends,True,57415.65,57415.65,441859897,21.082422874868865
2,Counter-Strike: Global Offensive,2,2016,44933218,754901,235027,2097,106074,64652,1086,59.52,203,2016-02-01,Twitch,game_month,Counter-Strike: Global Offensive,Counter-Strike: Global Offensive,C:\Users\dthin\Downloads\Twitch_game_data.csv,usable,Counter-Strike,main,False,False,False,78,78,77536076.0,75,73530507.0,5,Counter-Strike: Global Offensive,True,775360.76,735305.07,441859897,10.169109780062254
3,Dota 2,2,2016,41174229,384500,241065,1015,36912,59243,553,107.09,204,2016-02-01,Twitch,game_month,Dota 2,Dota 2,C:\Users\dthin\Downloads\Twitch_game_data.csv,usable,Dota 2,main,False,False,False,15,15,5273591.0,15,5273591.0,0,Dota 2,True,52735.91,52735.91,441859897,9.318390123102754
1,League of Legends,3,2016,94514511,1264029,599114,2585,117734,127206,1701,74.77,402,2016-03-01,Twitch,game_month,League of Legends,League of Legends,C:\Users\dthin\Downloads\Twitch_game_data.csv,usable,League of Legends,main,False,False,False,18,18,21921898.0,18,21921898.0,0,League of Legends,True,219218.98,219218.98,490669308,19.262364582216744
2,Counter-Strike: Global Offensive,3,2016,71963213,742531,784934,1940,104144,96854,999,96.92,403,2016-03-01,Twitch,game_month,Counter-Strike: Global Offensive,Counter-Strike: Global Offensive,C:\Users\dthin\Downloads\Twitch_game_data.csv,usable,Counter-Strike,main,False,False,False,71,71,166729342.0,67,160648788.0,4,Counter-Strike: Global Offensive,True,1667293.42,1606487.88,490669308,14.666336741812266
3,Dota 2,3,2016,42565423,363215,339020,952,34612,57288,488,117.19,404,2016-03-01,Twitch,game_month,Dota 2,Dota 2,C:\Users\dthin\Downloads\Twitch_game_data.csv,usable,Dota 2,main,False,False,False,15,15,335925811.0,14,335925811.0,1,Dota 2,True,3359258.11,3359258.11,490669308,8.674971575764424
3,Dota 2,4,2016,42691310,319832,341103,815,30056,59375,444,133.48,604,2016-04-01,Twitch,game_month,Dota 2,Dota 2,C:\Users\dthin\Downloads\Twitch_game_data.csv,usable,Dota 2,main,False,False,False,16,16,69137059.0,14,69137059.0,2,Dota 2,True,691370.59,691370.59,377975447,11.294731004048526
2,Counter-Strike: Global Offensive,4,2016,71723213,721644,1059002,2119,97614,99754,1003,99.39,603,2016-04-01,Twitch,game_month,Counter-Strike: Global Offensive,Counter-Strike: Global Offensive,C:\Users\dthin\Downloads\Twitch_game_data.csv,usable,Counter-Strike,main,False,False,False,63,63,86500055.0,58,78884307.0,6,Counter-Strike: Global Offensive,True,865000.55,788843.07,377975447,18.97562753593357
1,League of Legends,4,2016,88389049,1217250,553165,2945,113251,122933,1692,72.61,602,2016-04-01,Twitch,game_month,League of Legends,League of Legends,C:\Users\dthin\Downloads\Twitch_game_data.csv,usable,League of Legends,main,False,False,False,13,13,9064793.0,10,8666213.0,3,League of Legends,True,90647.93,86662.13,377975447,23.38486526083796
1,League of Legends,5,2016,80679320,1196096,433005,2635,118593,108585,1609,67.45,802,2016-05-01,Twitch,game_month,League of Legends,League of Legends,C:\Users\dthin\Downloads\Twitch_game_data.csv,usable,League of Legends,main,False,False,False,20,20,152129732.0,18,124320732.0,2,League of Legends,True,1521297.32,1243207.32,449836631,17.9352490304419
3,Dota 2,5,2016,46816065,310231,321688,778,31165,63009,417,150.91,804,2016-05-01,Twitch,game_month,Dota 2,Dota 2,C:\Users\dthin\Downloads\Twitch_game_data.csv,usable,Dota 2,main,False,False,False,8,8,93320769.0,8,93320769.0,1,Dota 2,True,933207.69,933207.69,449836631,10.40734830685676
4,Counter-Strike: Global Offensive,5,2016,44882927,663528,347527,1856,101483,60407,893,67.64,805,2016-05-01,Twitch,game_month,Counter-Strike: Global Offensive,Counter-Strike: Global Offensive,C:\Users\dthin\Downloads\Twitch_game_data.csv,usable,Counter-Strike,main,False,False,False,79,79,269949449.0,75,122799449.0,5,Counter-Strike: Global Offensive,True,2699494.49,1227994.49,449836631,9.97760607005791
1,League of Legends,6,2016,81348505,1037242,346059,2131,102620,113141,1442,78.43,1002,2016-06-01,Twitch,game_month,League of Legends,League of Legends,C:\Users\dthin\Downloads\Twitch_game_data.csv,usable,League of Legends,main,False,False,False,16,16,75339705.0,16,75339705.0,0,League of Legends,True,753397.05,753397.05,446429345,18.222033544860277
2,Dota 2,6,2016,56363873,272972,483285,675,27730,78392,379,206.48,1003,2016-06-01,Twitch,game_month,Dota 2,Dota 2,C:\Users\dthin\Downloads\Twitch_game_data.csv,usable,Dota 2,main,False,False,False,13,13,346450471.0,13,346450471.0,2,Dota 2,True,3464504.71,3464504.71,446429345,12.625485674558425
3,Counter-Strike: Global Offensive,6,2016,36137071,576786,226858,1615,86923,50260,802,62.65,1004,2016-06-01,Twitch,game_month,Counter-Strike: Global Offensive,Counter-Strike: Global Offensive,C:\Users\dthin\Downloads\Twitch_game_data.csv,usable,Counter-Strike,main,False,False,False,58,58,124658765.0,54,118408765.0,4,Counter-Strike: Global Offensive,True,1246587.65,1184087.65,446429345,8.09468987752138
1,League of Legends,7,2016,77871713,1004238,296196,2089,105041,104807,1351,77.54,1202,2016-07-01,Twitch,game_month,League of Legends,League of Legends,C:\Users\dthin\Downloads\Twitch_game_data.csv,usable,League of Legends,main,False,False,False,11,11,14190227.0,11,14190227.0,0,League of Legends,True,141902.27,141902.27,446331825,17.447044695950147
2,Counter-Strike: Global Offensive,7,2016,52953297,596141,726674,1441,94538,71269,802,88.83,1203,2016-07-01,Twitch,game_month,Counter-Strike: Global Offensive,Counter-Strike: Global Offensive,C:\Users\dthin\Downloads\Twitch_game_data.csv,usable,Counter-Strike,main,False,False,False,56,56,143494473.0,53,137344473.0,3,Counter-Strike: Global Offensive,True,1434944.73,1373444.73,446331825,11.864109622924603
3,Dota 2,7,2016,32509829,277739,200212,807,29653,43754,373,117.05,1204,2016-07-01,Twitch,game_month,Dota 2,Dota 2,C:\Users\dthin\Downloads\Twitch_game_data.csv,usable,Dota 2,main,False,False,False,15,15,102763900.0,15,102763900.0,1,Dota 2,True,1027639.0,1027639.0,446331825,7.283780178570058
4,Counter-Strike: Global Offensive,8,2016,26252677,642691,152628,1595,91934,35333,864,40.85,1405,2016-08-01,Twitch,game_month,Counter-Strike: Global Offensive,Counter-Strike: Global Offensive,C:\Users\dthin\Downloads\Twitch_game_data.csv,usable,Counter-Strike,main,False,False,False,61,61,62029182.0,57,55565548.0,4,Counter-Strike: Global Offensive,True,620291.82,555655.48,382117373,6.8703175660113205
2,Dota 2,8,2016,52492132,289605,623824,796,29645,70648,389,181.25,1403,2016-08-01,Twitch,game_month,Dota 2,Dota 2,C:\Users\dthin\Downloads\Twitch_game_data.csv,usable,Dota 2,main,False,False,True,7,7,2092175870.0,7,2092175870.0,0,Dota 2,True,20921758.7,20921758.7,382117373,13.737174938654254
1,League of Legends,8,2016,81684707,1097258,502181,2177,105795,109939,1476,74.44,1402,2016-08-01,Twitch,game_month,League of Legends,League of Legends,C:\Users\dthin\Downloads\Twitch_game_data.csv,usable,League of Legends,main,False,False,False,12,12,15578293.0,12,15578293.0,0,League of Legends,True,155782.93,155782.93,382117373,21.376862914840565
1,League of Legends,9,2016,81064642,1087244,711103,2493,110946,112746,1512,74.56,1602,2016-09-01,Twitch,game_month,League of Legends,League of Legends,C:\Users\dthin\Downloads\Twitch_game_data.csv,usable,League of Legends,main,False,False,False,12,12,511830279.0,12,511830279.0,0,League of Legends,True,5118302.79,5118302.79,362833210,22.342122982623337
3,Counter-Strike: Global Offensive,9,2016,30761358,548932,305793,1610,85839,42783,763,56.04,1604,2016-09-01,Twitch,game_month,Counter-Strike: Global Offensive,Counter-Strike: Global Offensive,C:\Users\dthin\Downloads\Twitch_game_data.csv,usable,Counter-Strike,main,False,False,False,89,89,150265587.0,86,144115587.0,3,Counter-Strike: Global Offensive,True,1502655.87,1441155.87,362833210,8.478098793657836
5,Dota 2,9,2016,24806196,296977,99044,768,30396,34500,413,83.53,1606,2016-09-01,Twitch,game_month,Dota 2,Dota 2,C:\Users\dthin\Downloads\Twitch_game_data.csv,usable,Dota 2,main,False,False,False,11,11,123283160.0,11,123283160.0,2,Dota 2,True,1232831.6,1232831.6,362833210,6.836804161339035
1,League of Legends,10,2016,104305242,1155966,952308,2591,111071,140383,1555,90.23,1802,2016-10-01,Twitch,game_month,League of Legends,League of Legends,C:\Users\dthin\Downloads\Twitch_game_data.csv,usable,League of Legends,main,False,False,False,11,11,6769340.0,11,6769340.0,1,League of Legends,True,67693.4,67693.4,453035001,23.023660814233647
3,Counter-Strike: Global Offensive,10,2016,35446861,577243,336075,1646,86193,47707,776,61.41,1804,2016-10-01,Twitch,game_month,Counter-Strike: Global Offensive,Counter-Strike: Global Offensive,C:\Users\dthin\Downloads\Twitch_game_data.csv,usable,Counter-Strike,main,False,False,False,84,84,312273461.0,79,305296379.0,6,Counter-Strike: Global Offensive,True,3122734.61,3052963.79,453035001,7.824309583532598
4,Dota 2,10,2016,33623777,305625,217120,860,28069,45254,411,110.02,1805,2016-10-01,Twitch,game_month,Dota 2,Dota 2,C:\Users\dthin\Downloads\Twitch_game_data.csv,usable,Dota 2,main,False,False,False,13,13,39888515.0,13,39888515.0,2,Dota 2,True,398885.15,398885.15,453035001,7.421893877025189
1,League of Legends,11,2016,76730765,1127714,263539,2903,103085,106718,1568,68.04,2002,2016-11-01,Twitch,game_month,League of Legends,League of Legends,C:\Users\dthin\Downloads\Twitch_game_data.csv,usable,League of Legends,main,False,False,False,19,19,41567373.0,18,39977658.0,1,League of Legends,True,415673.73,399776.58,449688428,17.063095294949417
3,Dota 2,11,2016,33372697,296445,173538,879,25369,46415,412,112.58,2004,2016-11-01,Twitch,game_month,Dota 2,Dota 2,C:\Users\dthin\Downloads\Twitch_game_data.csv,usable,Dota 2,main,False,False,False,14,14,66335364.0,14,66335364.0,1,Dota 2,True,663353.64,663353.64,449688428,7.421293260408293
4,Counter-Strike: Global Offensive,11,2016,32928974,574651,219844,1669,77914,45798,799,57.3,2005,2016-11-01,Twitch,game_month,Counter-Strike: Global Offensive,Counter-Strike: Global Offensive,C:\Users\dthin\Downloads\Twitch_game_data.csv,usable,Counter-Strike,main,False,False,False,86,86,125767067.0,80,88606982.0,6,Counter-Strike: Global Offensive,True,1257670.67,886069.82,449688428,7.322619829567863
4,Counter-Strike: Global Offensive,12,2016,30576246,594414,240717,1731,27104,41152,800,51.44,2205,2016-12-01,Twitch,game_month,Counter-Strike: Global Offensive,Counter-Strike: Global Offensive,C:\Users\dthin\Downloads\Twitch_game_data.csv,usable,Counter-Strike,main,False,False,False,54,54,124590378.0,50,117143803.0,4,Counter-Strike: Global Offensive,True,1245903.78,1171438.03,490484523,6.233885997662765
3,Dota 2,12,2016,44984545,302113,431587,816,8792,60544,406,148.9,2204,2016-12-01,Twitch,game_month,Dota 2,Dota 2,C:\Users\dthin\Downloads\Twitch_game_data.csv,usable,Dota 2,main,False,False,False,10,10,386497885.0,9,385201310.0,2,Dota 2,True,3864978.85,3852013.1,490484523,9.171450451658798
1,League of Legends,12,2016,81349398,1241696,323032,2562,36118,109487,1671,65.51,2202,2016-12-01,Twitch,game_month,League of Legends,League of Legends,C:\Users\dthin\Downloads\Twitch_game_data.csv,usable,League of Legends,main,False,False,False,14,14,30440798.0,14,30440798.0,0,League of Legends,True,304407.98,304407.98,490484523,16.585517826828557
1,League of Legends,1,2017,99332369,1363324,379399,2868,129423,133690,1834,72.86,2402,2017-01-01,Twitch,game_month,League of Legends,League of Legends,C:\Users\dthin\Downloads\Twitch_game_data.csv,usable,League of Legends,main,False,False,False,25,25,181500767.0,23,153577322.0,2,League of Legends,True,1815007.67,1535773.22,601251200,16.52094315986396
2,Counter-Strike: Global Offensive,1,2017,72376812,694606,1233293,2177,110118,97411,934,104.2,2403,2017-01-01,Twitch,game_month,Counter-Strike: Global Offensive,Counter-Strike: Global Offensive,C:\Users\dthin\Downloads\Twitch_game_data.csv,usable,Counter-Strike,main,False,False,True,67,67,291410612.0,50,281015512.0,18,Counter-Strike: Global Offensive,True,2914106.12,2810155.12,601251200,12.037699384217444
3,Dota 2,1,2017,39036428,359580,231960,877,33380,52538,483,108.56,2404,2017-01-01,Twitch,game_month,Dota 2,Dota 2,C:\Users\dthin\Downloads\Twitch_game_data.csv,usable,Dota 2,main,False,False,False,11,11,191295886.0,10,190827391.0,1,Dota 2,True,1912958.86,1908273.91,601251200,6.492532239436695
1,League of Legends,2,2017,99415477,1209135,386334,2770,114317,148160,1801,82.22,2602,2017-02-01,Twitch,game_month,League of Legends,League of Legends,C:\Users\dthin\Downloads\Twitch_game_data.csv,usable,League of Legends,main,False,False,False,16,16,33145630.0,15,33145630.0,1,League of Legends,True,331456.3,331456.3,500932308,19.846090062931214
2,Counter-Strike: Global Offensive,2,2017,40480425,677884,459482,2078,100125,60328,1010,59.72,2603,2017-02-01,Twitch,game_month,Counter-Strike: Global Offensive,Counter-Strike: Global Offensive,C:\Users\dthin\Downloads\Twitch_game_data.csv,usable,Counter-Strike,main,False,False,False,44,44,84805432.0,41,78655432.0,5,Counter-Strike: Global Offensive,True,848054.32,786554.32,500932308,8.081017006393607
4,Dota 2,2,2017,32115223,326907,220700,1063,29259,47861,487,98.24,2605,2017-02-01,Twitch,game_month,Dota 2,Dota 2,C:\Users\dthin\Downloads\Twitch_game_data.csv,usable,Dota 2,main,False,False,False,13,13,40283306.0,12,40283306.0,1,Dota 2,True,402833.06,402833.06,500932308,6.411090378303169
1,League of Legends,3,2017,90835130,1189566,325835,2465,96112,122254,1601,76.36,2802,2017-03-01,Twitch,game_month,League of Legends,League of Legends,C:\Users\dthin\Downloads\Twitch_game_data.csv,usable,League of Legends,main,False,False,False,10,10,12210445.0,10,12210445.0,0,League of Legends,True,122104.45,122104.45,516399977,17.590072433330104
3,Dota 2,3,2017,38381634,333056,325165,1228,24240,51657,448,115.24,2804,2017-03-01,Twitch,game_month,Dota 2,Dota 2,C:\Users\dthin\Downloads\Twitch_game_data.csv,usable,Dota 2,main,False,False,False,14,14,75386692.0,14,75386692.0,2,Dota 2,True,753866.92,753866.92,516399977,7.432539835299025
4,Counter-Strike: Global Offensive,3,2017,36870753,703107,508269,2086,84382,49624,946,52.44,2805,2017-03-01,Twitch,game_month,Counter-Strike: Global Offensive,Counter-Strike: Global Offensive,C:\Users\dthin\Downloads\Twitch_game_data.csv,usable,Counter-Strike,main,False,False,False,55,55,60766280.0,50,29416280.0,5,Counter-Strike: Global Offensive,True,607662.8,294162.8,516399977,7.139960232802256
5,Counter-Strike: Global Offensive,4,2017,36569260,630577,417435,1805,82803,50861,877,57.99,3006,2017-04-01,Twitch,game_month,Counter-Strike: Global Offensive,Counter-Strike: Global Offensive,C:\Users\dthin\Downloads\Twitch_game_data.csv,usable,Counter-Strike,main,False,False,False,75,75,108352165.0,71,102002165.0,4,Counter-Strike: Global Offensive,True,1083521.65,1020021.65,535431301,6.8298696642690295
1,League of Legends,4,2017,82852693,1179314,489683,2540,97370,115233,1640,70.25,3002,2017-04-01,Twitch,game_month,League of Legends,League of Legends,C:\Users\dthin\Downloads\Twitch_game_data.csv,usable,League of Legends,main,False,False,False,14,14,182906364.0,14,182906364.0,0,League of Legends,True,1829063.64,1829063.64,535431301,15.474009988818342
3,Dota 2,4,2017,49040667,284239,671452,923,21427,68206,395,172.53,3004,2017-04-01,Twitch,game_month,Dota 2,Dota 2,C:\Users\dthin\Downloads\Twitch_game_data.csv,usable,Dota 2,main,False,False,True,12,12,309956927.0,12,309956927.0,1,Dota 2,True,3099569.27,3099569.27,535431301,9.159096023786626
1,League of Legends,5,2017,87929525,1231374,647413,2498,121711,118343,1657,71.41,3202,2017-05-01,Twitch,game_month,League of Legends,League of Legends,C:\Users\dthin\Downloads\Twitch_game_data.csv,usable,League of Legends,main,False,False,False,10,10,52835682.0,8,26253819.0,2,League of Legends,True,528356.82,262538.19,506927522,17.345581209141766
4,Dota 2,5,2017,34349470,312599,215761,860,28614,46230,420,109.88,3205,2017-05-01,Twitch,game_month,Dota 2,Dota 2,C:\Users\dthin\Downloads\Twitch_game_data.csv,usable,Dota 2,main,False,False,False,13,13,60759127.0,13,60759127.0,0,Dota 2,True,607591.27,607591.27,506927522,6.77601205483572
5,Counter-Strike: Global Offensive,5,2017,23364660,614559,194589,1671,101064,31446,827,38.02,3206,2017-05-01,Twitch,game_month,Counter-Strike: Global Offensive,Counter-Strike: Global Offensive,C:\Users\dthin\Downloads\Twitch_game_data.csv,usable,Counter-Strike,main,False,False,False,66,66,164918556.0,62,158568556.0,6,Counter-Strike: Global Offensive,True,1649185.56,1585685.56,506927522,4.609073089545136
1,League of Legends,6,2017,84467396,1149523,280837,2330,116484,117478,1598,73.48,3402,2017-06-01,Twitch,game_month,League of Legends,League of Legends,C:\Users\dthin\Downloads\Twitch_game_data.csv,usable,League of Legends,main,False,False,False,23,23,158655950.0,23,158655950.0,0,League of Legends,True,1586559.5,1586559.5,510832330,16.535248659770613
3,Dota 2,6,2017,41458911,303654,337968,933,28415,57661,422,136.53,3404,2017-06-01,Twitch,game_month,Dota 2,Dota 2,C:\Users\dthin\Downloads\Twitch_game_data.csv,usable,Dota 2,main,False,False,False,12,12,80443591.0,12,80443591.0,0,Dota 2,True,804435.91,804435.91,510832330,8.115952841121079
6,Counter-Strike: Global Offensive,6,2017,21829455,566198,284324,1474,98244,30360,787,38.55,3407,2017-06-01,Twitch,game_month,Counter-Strike: Global Offensive,Counter-Strike: Global Offensive,C:\Users\dthin\Downloads\Twitch_game_data.csv,usable,Counter-Strike,main,False,False,False,70,70,161960039.0,64,155270988.0,6,Counter-Strike: Global Offensive,True,1619600.39,1552709.88,510832330,4.273311166503499
2,Counter-Strike: Global Offensive,7,2017,68139030,625409,945413,1574,105071,91707,841,108.95,3603,2017-07-01,Twitch,game_month,Counter-Strike: Global Offensive,Counter-Strike: Global Offensive,C:\Users\dthin\Downloads\Twitch_game_data.csv,usable,Counter-Strike,main,False,False,False,88,88,293575983.0,65,272916292.0,23,Counter-Strike: Global Offensive,True,2935759.83,2729162.92,566899230,12.01960179060395
5,Dota 2,7,2017,24378147,322095,111186,825,29425,32810,433,75.69,3606,2017-07-01,Twitch,game_month,Dota 2,Dota 2,C:\Users\dthin\Downloads\Twitch_game_data.csv,usable,Dota 2,main,False,False,False,12,12,55305340.0,12,55305340.0,1,Dota 2,True,553053.4,553053.4,566899230,4.300261088730002
1,League of Legends,7,2017,84734733,1301262,326063,2481,125411,114044,1751,65.12,3602,2017-07-01,Twitch,game_month,League of Legends,League of Legends,C:\Users\dthin\Downloads\Twitch_game_data.csv,usable,League of Legends,main,False,False,False,15,15,38522570.0,14,36296578.0,1,League of Legends,True,385225.7,362965.78,566899230,14.947053817659976
2,League of Legends,8,2017,72054710,1260651,343402,2668,121195,96978,1696,57.16,3803,2017-08-01,Twitch,game_month,League of Legends,League of Legends,C:\Users\dthin\Downloads\Twitch_game_data.csv,usable,League of Legends,main,False,False,False,16,16,8360039.0,13,8347631.0,3,League of Legends,True,83600.39,83476.31,533450366,13.507294135027362
3,Dota 2,8,2017,58671453,303454,845577,704,28695,78965,408,193.35,3804,2017-08-01,Twitch,game_month,Dota 2,Dota 2,C:\Users\dthin\Downloads\Twitch_game_data.csv,usable,Dota 2,main,False,False,True,12,12,2482090448.0,12,2482090448.0,1,Dota 2,True,24820904.48,24820904.48,533450366,10.998483971421626
5,Counter-Strike: Global Offensive,8,2017,20163803,642880,209561,1588,105110,27138,865,31.36,3806,2017-08-01,Twitch,game_month,Counter-Strike: Global Offensive,Counter-Strike: Global Offensive,C:\Users\dthin\Downloads\Twitch_game_data.csv,usable,Counter-Strike,main,False,False,False,107,107,96398609.0,88,88665679.0,19,Counter-Strike: Global Offensive,True,963986.09,886656.79,533450366,3.7798836190132072
1,League of Legends,9,2017,74422199,1229324,377429,2620,118820,103507,1709,60.54,4002,2017-09-01,Twitch,game_month,League of Legends,League of Legends,C:\Users\dthin\Downloads\Twitch_game_data.csv,usable,League of Legends,main,False,False,False,15,15,510323502.0,13,510315188.0,2,League of Legends,True,5103235.02,5103151.88,527591318,14.106031782729222
4,Dota 2,9,2017,29046828,301995,206831,718,26486,40398,420,96.18,4005,2017-09-01,Twitch,game_month,Dota 2,Dota 2,C:\Users\dthin\Downloads\Twitch_game_data.csv,usable,Dota 2,main,False,False,False,18,18,37646472.0,16,33646472.0,4,Dota 2,True,376464.72,336464.72,527591318,5.505554585339102
5,Counter-Strike: Global Offensive,9,2017,27290465,557376,287694,1521,91958,37956,775,48.96,4006,2017-09-01,Twitch,game_month,Counter-Strike: Global Offensive,Counter-Strike: Global Offensive,C:\Users\dthin\Downloads\Twitch_game_data.csv,usable,Counter-Strike,main,False,False,False,97,97,238123353.0,79,231500240.0,19,Counter-Strike: Global Offensive,True,2381233.53,2315002.4,527591318,5.172652405170928
5,Counter-Strike: Global Offensive,10,2017,28388369,593047,576773,1645,95811,38207,798,47.87,4206,2017-10-01,Twitch,game_month,Counter-Strike: Global Offensive,Counter-Strike: Global Offensive,C:\Users\dthin\Downloads\Twitch_game_data.csv,usable,Counter-Strike,main,False,False,False,79,79,145277166.0,58,137502166.0,21,Counter-Strike: Global Offensive,True,1452771.66,1375021.66,585177534,4.851240410059898
1,League of Legends,10,2017,94680105,1322094,873340,2848,125262,127429,1779,71.61,4202,2017-10-01,Twitch,game_month,League of Legends,League of Legends,C:\Users\dthin\Downloads\Twitch_game_data.csv,usable,League of Legends,main,False,False,False,14,14,7847021.0,14,7847021.0,0,League of Legends,True,78470.21,78470.21,585177534,16.17972316073228
4,Dota 2,10,2017,31623627,315955,279878,750,27120,42562,425,100.09,4205,2017-10-01,Twitch,game_month,Dota 2,Dota 2,C:\Users\dthin\Downloads\Twitch_game_data.csv,usable,Dota 2,main,False,False,False,23,23,189113217.0,21,185113217.0,2,Dota 2,True,1891132.17,1851132.17,585177534,5.404108183004852
5,Counter-Strike: Global Offensive,11,2017,25703362,574183,287276,1552,91409,35748,798,44.77,4406,2017-11-01,Twitch,game_month,Counter-Strike: Global Offensive,Counter-Strike: Global Offensive,C:\Users\dthin\Downloads\Twitch_game_data.csv,usable,Counter-Strike,main,False,False,False,97,97,170612225.0,78,163661046.0,19,Counter-Strike: Global Offensive,True,1706122.25,1636610.46,575551503,4.465866541225938
3,Dota 2,11,2017,39629718,342701,227242,826,28991,55117,476,115.64,4404,2017-11-01,Twitch,game_month,Dota 2,Dota 2,C:\Users\dthin\Downloads\Twitch_game_data.csv,usable,Dota 2,main,False,False,False,13,13,99128450.0,11,98128450.0,3,Dota 2,True,991284.5,981284.5,575551503,6.885520721157773
1,League of Legends,11,2017,82917485,1342443,1084257,2869,130486,115323,1867,61.77,4402,2017-11-01,Twitch,game_month,League of Legends,League of Legends,C:\Users\dthin\Downloads\Twitch_game_data.csv,usable,League of Legends,main,False,False,False,20,20,26252417.0,19,25752417.0,1,League of Legends,True,262524.17,257524.17,575551503,14.406614276533302
1,League of Legends,12,2017,68756773,1385791,324792,3235,137669,92539,1865,49.62,4602,2017-12-01,Twitch,game_month,League of Legends,League of Legends,C:\Users\dthin\Downloads\Twitch_game_data.csv,usable,League of Legends,main,False,False,False,17,17,30363082.0,16,30363082.0,1,League of Legends,True,303630.82,303630.82,573137507,11.996557922006664
4,Dota 2,12,2017,32147397,357781,293383,815,30493,43267,481,89.85,4605,2017-12-01,Twitch,game_month,Dota 2,Dota 2,C:\Users\dthin\Downloads\Twitch_game_data.csv,usable,Dota 2,main,False,False,False,13,13,188498093.0,11,187498093.0,3,Dota 2,True,1884980.93,1874980.93,573137507,5.609019931058185
7,Counter-Strike: Global Offensive,12,2017,18625865,642004,229676,1738,103821,25068,864,29.01,4608,2017-12-01,Twitch,game_month,Counter-Strike: Global Offensive,Counter-Strike: Global Offensive,C:\Users\dthin\Downloads\Twitch_game_data.csv,usable,Counter-Strike,main,False,False,False,85,85,218342228.0,63,210267228.0,23,Counter-Strike: Global Offensive,True,2183422.28,2102672.28,573137507,3.249807379994065
1,League of Legends,1,2018,89024896,1774648,435859,4809,165074,119818,2388,50.16,4802,2018-01-01,Twitch,game_month,League of Legends,League of Legends,C:\Users\dthin\Downloads\Twitch_game_data.csv,usable,League of Legends,main,False,False,False,27,27,175885511.0,25,145011916.0,2,League of Legends,True,1758855.11,1450119.16,720220030,12.360791465352609
2,Counter-Strike: Global Offensive,1,2018,69603467,784226,1298358,1978,125843,93678,1055,88.75,4803,2018-01-01,Twitch,game_month,Counter-Strike: Global Offensive,Counter-Strike: Global Offensive,C:\Users\dthin\Downloads\Twitch_game_data.csv,usable,Counter-Strike,main,False,False,True,41,41,136962743.0,32,128468118.0,9,Counter-Strike: Global Offensive,True,1369627.43,1284681.18,720220030,9.664194843345305
8,Dota 2,1,2018,30921434,409908,182289,909,34045,41617,551,75.44,4809,2018-01-01,Twitch,game_month,Dota 2,Dota 2,C:\Users\dthin\Downloads\Twitch_game_data.csv,usable,Dota 2,main,False,False,False,14,14,142892960.0,12,141142960.0,3,Dota 2,True,1428929.6,1411429.6,720220030,4.293331580905908
4,Counter-Strike: Global Offensive,2,2018,37486546,778934,360635,2315,120998,55866,1160,48.13,5005,2018-02-01,Twitch,game_month,Counter-Strike: Global Offensive,Counter-Strike: Global Offensive,C:\Users\dthin\Downloads\Twitch_game_data.csv,usable,Counter-Strike,main,False,False,False,66,66,174482186.0,58,169062186.0,10,Counter-Strike: Global Offensive,True,1744821.86,1690621.86,615710441,6.088340152087822
5,Dota 2,2,2018,32977773,385397,285802,966,32216,49147,574,85.57,5006,2018-02-01,Twitch,game_month,Dota 2,Dota 2,C:\Users\dthin\Downloads\Twitch_game_data.csv,usable,Dota 2,main,False,False,False,8,8,146863648.0,7,145988648.0,1,Dota 2,True,1468636.48,1459886.48,615710441,5.356052261585734
1,League of Legends,2,2018,81115898,1565610,305040,3531,145155,120888,2333,51.81,5002,2018-02-01,Twitch,game_month,League of Legends,League of Legends,C:\Users\dthin\Downloads\Twitch_game_data.csv,usable,League of Legends,main,False,False,False,20,20,24386653.0,20,24386653.0,1,League of Legends,True,243866.53,243866.53,615710441,13.1743580421109
2,League of Legends,3,2018,88820363,1589810,362400,3212,147060,119542,2139,55.87,5203,2018-03-01,Twitch,game_month,League of Legends,League of Legends,C:\Users\dthin\Downloads\Twitch_game_data.csv,usable,League of Legends,main,False,False,False,19,19,55756632.0,19,55756632.0,2,League of Legends,True,557566.32,557566.32,721341613,12.313217676518546
4,Dota 2,3,2018,40110394,421360,397940,1473,34579,53984,567,95.19,5205,2018-03-01,Twitch,game_month,Dota 2,Dota 2,C:\Users\dthin\Downloads\Twitch_game_data.csv,usable,Dota 2,main,False,False,False,18,18,432756259.0,16,431411259.0,4,Dota 2,True,4327562.59,4314112.59,721341613,5.560526840145017
7,Counter-Strike: Global Offensive,3,2018,28078226,790038,490657,2336,121083,37790,1063,35.54,5208,2018-03-01,Twitch,game_month,Counter-Strike: Global Offensive,Counter-Strike: Global Offensive,C:\Users\dthin\Downloads\Twitch_game_data.csv,usable,Counter-Strike,main,False,False,False,87,87,309119594.0,76,302359594.0,13,Counter-Strike: Global Offensive,True,3091195.94,3023595.94,721341613,3.892500514870476
2,League of Legends,4,2018,74263170,1459786,476710,3849,138062,103286,2030,50.87,5403,2018-04-01,Twitch,game_month,League of Legends,League of Legends,C:\Users\dthin\Downloads\Twitch_game_data.csv,usable,League of Legends,main,False,False,False,6,6,19890537.0,6,19890537.0,1,League of Legends,True,198905.37,198905.37,729326135,10.18243642125892
5,Dota 2,4,2018,40141922,401310,310168,1386,32117,55830,558,100.03,5406,2018-04-01,Twitch,game_month,Dota 2,Dota 2,C:\Users\dthin\Downloads\Twitch_game_data.csv,usable,Dota 2,main,False,False,False,12,12,143983784.0,11,143108784.0,1,Dota 2,True,1439837.84,1431087.84,729326135,5.503974158282426
8,Counter-Strike: Global Offensive,4,2018,22925690,661902,321506,1869,105690,31885,920,34.64,5409,2018-04-01,Twitch,game_month,Counter-Strike: Global Offensive,Counter-Strike: Global Offensive,C:\Users\dthin\Downloads\Twitch_game_data.csv,usable,Counter-Strike,main,False,False,False,71,71,99827986.0,58,91058288.0,13,Counter-Strike: Global Offensive,True,998279.86,910582.88,729326135,3.14340716722019
8,Counter-Strike: Global Offensive,5,2018,26429452,612457,242438,1566,103243,35571,824,43.15,5609,2018-05-01,Twitch,game_month,Counter-Strike: Global Offensive,Counter-Strike: Global Offensive,C:\Users\dthin\Downloads\Twitch_game_data.csv,usable,Counter-Strike,main,False,False,False,57,57,182320013.0,46,175560013.0,11,Counter-Strike: Global Offensive,True,1823200.13,1755600.13,762177378,3.4676248289279457
2,League of Legends,5,2018,82088339,1442403,504394,2820,140412,110482,1941,56.91,5603,2018-05-01,Twitch,game_month,League of Legends,League of Legends,C:\Users\dthin\Downloads\Twitch_game_data.csv,usable,League of Legends,main,False,False,False,8,8,148283918.0,7,147101570.0,2,League of Legends,True,1482839.18,1471015.7,762177378,10.770240808695322
5,Dota 2,5,2018,39064436,427341,363879,1210,33916,52576,575,91.41,5606,2018-05-01,Twitch,game_month,Dota 2,Dota 2,C:\Users\dthin\Downloads\Twitch_game_data.csv,usable,Dota 2,main,False,False,False,20,20,242156253.0,20,242156253.0,1,Dota 2,True,2421562.53,2421562.53,762177378,5.125373322218965
3,Dota 2,6,2018,48098529,420651,341454,1126,34627,66896,585,114.34,5804,2018-06-01,Twitch,game_month,Dota 2,Dota 2,C:\Users\dthin\Downloads\Twitch_game_data.csv,usable,Dota 2,main,False,False,False,11,11,155826126.0,11,155826126.0,1,Dota 2,True,1558261.26,1558261.26,789065029,6.095635623461396
9,Counter-Strike: Global Offensive,6,2018,21897817,600193,262105,1578,105655,30455,834,36.48,5810,2018-06-01,Twitch,game_month,Counter-Strike: Global Offensive,Counter-Strike: Global Offensive,C:\Users\dthin\Downloads\Twitch_game_data.csv,usable,Counter-Strike,main,False,False,False,71,71,193774697.0,59,186494697.0,12,Counter-Strike: Global Offensive,True,1937746.97,1864946.97,789065029,2.775159992548599
2,League of Legends,6,2018,72491544,1327229,241343,3310,136011,100822,1845,54.62,5803,2018-06-01,Twitch,game_month,League of Legends,League of Legends,C:\Users\dthin\Downloads\Twitch_game_data.csv,usable,League of Legends,main,False,False,False,27,27,172679201.0,25,143229541.0,2,League of Legends,True,1726792.01,1432295.41,789065029,9.187017715367537
7,Counter-Strike: Global Offensive,7,2018,26762517,691064,237413,1641,115318,36019,930,38.73,6008,2018-07-01,Twitch,game_month,Counter-Strike: Global Offensive,Counter-Strike: Global Offensive,C:\Users\dthin\Downloads\Twitch_game_data.csv,usable,Counter-Strike,main,False,False,False,73,73,196620009.0,61,189340009.0,13,Counter-Strike: Global Offensive,True,1966200.09,1893400.09,796242999,3.361099191278415
2,League of Legends,7,2018,75783584,1363386,229347,2772,138178,101996,1834,55.58,6003,2018-07-01,Twitch,game_month,League of Legends,League of Legends,C:\Users\dthin\Downloads\Twitch_game_data.csv,usable,League of Legends,main,False,False,False,20,20,63973206.0,20,63973206.0,0,League of Legends,True,639732.06,639732.06,796242999,9.517645253418424
5,Dota 2,7,2018,28746933,439102,150725,1068,35388,38690,590,65.47,6006,2018-07-01,Twitch,game_month,Dota 2,Dota 2,C:\Users\dthin\Downloads\Twitch_game_data.csv,usable,Dota 2,main,False,False,False,9,9,15605680.0,9,15605680.0,0,Dota 2,True,156056.8,156056.8,796242999,3.610321602337881
2,League of Legends,8,2018,81349939,1475806,1029879,2773,144072,109488,1986,55.12,6203,2018-08-01,Twitch,game_month,League of Legends,League of Legends,C:\Users\dthin\Downloads\Twitch_game_data.csv,usable,League of Legends,main,False,False,False,16,16,40204304.0,16,40204304.0,1,League of Legends,True,402043.04,402043.04,855860641,9.5050449924826
3,Dota 2,8,2018,69776434,439437,749471,1102,36075,93911,591,158.79,6204,2018-08-01,Twitch,game_month,Dota 2,Dota 2,C:\Users\dthin\Downloads\Twitch_game_data.csv,usable,Dota 2,main,True,True,True,9,9,2557258870.0,9,2557258870.0,1,Dota 2,True,25572588.7,25572588.7,855860641,8.152779863608659
9,Counter-Strike: Global Offensive,8,2018,21697899,760366,187317,1846,121482,29203,1023,28.54,6210,2018-08-01,Twitch,game_month,Counter-Strike: Global Offensive,Counter-Strike: Global Offensive,C:\Users\dthin\Downloads\Twitch_game_data.csv,usable,Counter-Strike,main,False,False,False,77,77,129231350.0,65,121593300.0,12,Counter-Strike: Global Offensive,True,1292313.5,1215933.0,855860641,2.535214024405639
2,League of Legends,9,2018,76553910,1513086,412412,3123,144060,106472,2104,50.59,6403,2018-09-01,Twitch,game_month,League of Legends,League of Legends,C:\Users\dthin\Downloads\Twitch_game_data.csv,usable,League of Legends,main,False,False,False,6,6,32603372.0,5,30283280.0,1,League of Legends,True,326033.72,302832.8,815061013,9.39241465104895
3,Counter-Strike: Global Offensive,9,2018,70564750,703957,827050,1939,114229,98142,979,100.24,6404,2018-09-01,Twitch,game_month,Counter-Strike: Global Offensive,Counter-Strike: Global Offensive,C:\Users\dthin\Downloads\Twitch_game_data.csv,usable,Counter-Strike,main,False,False,False,73,73,212239275.0,59,202738195.0,14,Counter-Strike: Global Offensive,True,2122392.75,2027381.95,815061013,8.65760340324363
6,Dota 2,9,2018,29712186,431392,161988,1271,34706,41324,599,68.88,6407,2018-09-01,Twitch,game_month,Dota 2,Dota 2,C:\Users\dthin\Downloads\Twitch_game_data.csv,usable,Dota 2,main,False,False,False,12,12,9764600.0,12,9764600.0,0,Dota 2,True,97646.0,97646.0,815061013,3.645394090270393
5,Dota 2,10,2018,35260281,451820,211365,1313,34965,47456,608,78.04,6606,2018-10-01,Twitch,game_month,Dota 2,Dota 2,C:\Users\dthin\Downloads\Twitch_game_data.csv,usable,Dota 2,main,False,False,False,38,38,137680998.0,38,137680998.0,1,Dota 2,True,1376809.98,1376809.98,852724761,4.135013149923062
7,Counter-Strike: Global Offensive,10,2018,24204390,719986,221263,1958,113472,32576,969,33.62,6608,2018-10-01,Twitch,game_month,Counter-Strike: Global Offensive,Counter-Strike: Global Offensive,C:\Users\dthin\Downloads\Twitch_game_data.csv,usable,Counter-Strike,main,False,False,False,77,77,156669876.0,63,148345139.0,14,Counter-Strike: Global Offensive,True,1566698.76,1483451.39,852724761,2.838476271243166
2,League of Legends,10,2018,109191567,1632742,911568,3439,152293,146960,2197,66.88,6603,2018-10-01,Twitch,game_month,League of Legends,League of Legends,C:\Users\dthin\Downloads\Twitch_game_data.csv,usable,League of Legends,main,False,False,False,24,24,667207549.0,24,667207549.0,1,League of Legends,True,6672075.49,6672075.49,852724761,12.805018922160746
2,League of Legends,11,2018,82622624,1664025,1147825,4981,164208,114913,2314,49.65,6803,2018-11-01,Twitch,game_month,League of Legends,League of Legends,C:\Users\dthin\Downloads\Twitch_game_data.csv,usable,League of Legends,main,False,False,False,13,13,25547030.0,13,25547030.0,0,League of Legends,True,255470.3,255470.3,865630693,9.544789096335798
4,Dota 2,11,2018,44638253,451289,353055,1331,36356,62083,627,98.91,6805,2018-11-01,Twitch,game_month,Dota 2,Dota 2,C:\Users\dthin\Downloads\Twitch_game_data.csv,usable,Dota 2,main,False,False,False,12,12,114690259.0,12,114690259.0,1,Dota 2,True,1146902.59,1146902.59,865630693,5.15673177499033
6,Counter-Strike: Global Offensive,11,2018,26556456,709424,308216,1993,110383,36935,986,37.43,6807,2018-11-01,Twitch,game_month,Counter-Strike: Global Offensive,Counter-Strike: Global Offensive,C:\Users\dthin\Downloads\Twitch_game_data.csv,usable,Counter-Strike,main,False,False,False,182,182,265742764.0,73,237185214.0,109,Counter-Strike: Global Offensive,True,2657427.64,2371852.14,865630693,3.067873657294174
2,League of Legends,12,2018,72074851,1762468,341821,3480,174717,97005,2372,40.89,7003,2018-12-01,Twitch,game_month,League of Legends,League of Legends,C:\Users\dthin\Downloads\Twitch_game_data.csv,usable,League of Legends,main,False,False,False,8,8,22095509.0,8,22095509.0,0,League of Legends,True,220955.09,220955.09,845969862,8.519789443752074
4,Dota 2,12,2018,32966244,465590,255770,1310,37524,44369,626,70.81,7005,2018-12-01,Twitch,game_month,Dota 2,Dota 2,C:\Users\dthin\Downloads\Twitch_game_data.csv,usable,Dota 2,main,False,False,False,22,22,69751983.0,22,69751983.0,0,Dota 2,True,697519.83,697519.83,845969862,3.8968579710467273
7,Counter-Strike: Global Offensive,12,2018,25568114,874586,273822,3173,150135,34411,1177,29.23,7008,2018-12-01,Twitch,game_month,Counter-Strike: Global Offensive,Counter-Strike: Global Offensive,C:\Users\dthin\Downloads\Twitch_game_data.csv,usable,Counter-Strike,main,False,False,False,144,144,181436817.0,48,155336817.0,96,Counter-Strike: Global Offensive,True,1814368.17,1553368.17,845969862,3.022343365702548
5,Counter-Strike: Global Offensive,1,2019,30778297,1051447,187678,2895,159310,41424,1415,29.27,7206,2019-01-01,Twitch,game_month,Counter-Strike: Global Offensive,Counter-Strike: Global Offensive,C:\Users\dthin\Downloads\Twitch_game_data.csv,usable,Counter-Strike,main,False,False,False,104,104,97782257.0,31,75837257.0,73,Counter-Strike: Global Offensive,True,977822.57,758372.57,949050474,3.24306218090567
2,League of Legends,1,2019,98976171,2245379,400257,6079,197058,133211,3022,44.08,7203,2019-01-01,Twitch,game_month,League of Legends,League of Legends,C:\Users\dthin\Downloads\Twitch_game_data.csv,usable,League of Legends,main,False,False,False,26,26,193877992.0,24,166959308.0,2,League of Legends,True,1938779.92,1669593.08,949050474,10.428968080363658
4,Dota 2,1,2019,46512393,546394,444825,1462,42722,62600,735,85.13,7205,2019-01-01,Twitch,game_month,Dota 2,Dota 2,C:\Users\dthin\Downloads\Twitch_game_data.csv,usable,Dota 2,main,False,False,False,14,14,140514481.0,14,140514481.0,0,Dota 2,True,1405144.81,1405144.81,949050474,4.900939862972979
5,Dota 2,2,2019,50259236,528057,272771,1601,43882,74901,786,95.18,7406,2019-02-01,Twitch,game_month,Dota 2,Dota 2,C:\Users\dthin\Downloads\Twitch_game_data.csv,usable,Dota 2,main,False,False,False,10,10,91071616.0,10,91071616.0,0,Dota 2,True,910716.16,910716.16,881506851,5.701513940927954
6,Counter-Strike: Global Offensive,2,2019,47256109,744851,524985,2575,120461,70426,1110,63.44,7407,2019-02-01,Twitch,game_month,Counter-Strike: Global Offensive,Counter-Strike: Global Offensive,C:\Users\dthin\Downloads\Twitch_game_data.csv,usable,Counter-Strike,main,False,False,False,65,65,241886662.0,29,229684498.0,36,Counter-Strike: Global Offensive,True,2418866.62,2296844.98,881506851,5.360832867764065
2,League of Legends,2,2019,94991296,1779043,387330,4518,167824,141566,2651,53.39,7403,2019-02-01,Twitch,game_month,League of Legends,League of Legends,C:\Users\dthin\Downloads\Twitch_game_data.csv,usable,League of Legends,main,False,False,False,18,18,38378709.0,17,30787159.0,1,League of Legends,True,383787.09,307871.59,881506851,10.776013356247867
1,League of Legends,3,2019,108481064,1966064,369522,3947,172418,146004,2646,55.18,7602,2019-03-01,Twitch,game_month,League of Legends,League of Legends,C:\Users\dthin\Downloads\Twitch_game_data.csv,usable,League of Legends,main,False,False,False,9,9,13364605.0,8,8364605.0,1,League of Legends,True,133646.05,83646.05,947733580,11.446367026480162
6,Dota 2,3,2019,50333147,563468,357971,1456,47351,67743,758,89.33,7607,2019-03-01,Twitch,game_month,Dota 2,Dota 2,C:\Users\dthin\Downloads\Twitch_game_data.csv,usable,Dota 2,main,False,False,False,22,22,226175117.0,22,226175117.0,0,Dota 2,True,2261751.17,2261751.17,947733580,5.310896233095381
7,Counter-Strike: Global Offensive,3,2019,35411834,913794,833440,2509,134809,47660,1229,38.75,7608,2019-03-01,Twitch,game_month,Counter-Strike: Global Offensive,Counter-Strike: Global Offensive,C:\Users\dthin\Downloads\Twitch_game_data.csv,usable,Counter-Strike,main,False,False,False,111,111,238629050.0,68,224354750.0,43,Counter-Strike: Global Offensive,True,2386290.5,2243547.5,947733580,3.736475603196417
2,League of Legends,4,2019,92428052,1978924,548157,4008,172848,128550,2752,46.71,7803,2019-04-01,Twitch,game_month,League of Legends,League of Legends,C:\Users\dthin\Downloads\Twitch_game_data.csv,usable,League of Legends,main,False,False,False,24,24,61260249.0,24,61260249.0,1,League of Legends,True,612602.49,612602.49,888326199,10.404742323714803
6,Counter-Strike: Global Offensive,4,2019,30853367,845555,313013,2295,127669,42911,1176,36.49,7807,2019-04-01,Twitch,game_month,Counter-Strike: Global Offensive,Counter-Strike: Global Offensive,C:\Users\dthin\Downloads\Twitch_game_data.csv,usable,Counter-Strike,main,False,False,False,98,98,167535001.0,63,153871401.0,35,Counter-Strike: Global Offensive,True,1675350.01,1538714.01,888326199,3.47320241536634
7,Dota 2,4,2019,29498775,450484,146659,1330,36752,41027,626,65.48,7808,2019-04-01,Twitch,game_month,Dota 2,Dota 2,C:\Users\dthin\Downloads\Twitch_game_data.csv,usable,Dota 2,main,False,False,False,20,20,90937579.0,19,80937579.0,1,Dota 2,True,909375.79,809375.79,888326199,3.3207142863969503
7,Counter-Strike: Global Offensive,5,2019,29661382,860011,234864,2268,129622,39921,1157,34.49,8008,2019-05-01,Twitch,game_month,Counter-Strike: Global Offensive,Counter-Strike: Global Offensive,C:\Users\dthin\Downloads\Twitch_game_data.csv,usable,Counter-Strike,main,False,False,False,72,72,130403177.0,51,124625677.0,21,Counter-Strike: Global Offensive,True,1304031.77,1246256.77,939520272,3.157077381295717
2,League of Legends,5,2019,102843574,2119997,816163,4081,181289,138416,2853,48.51,8003,2019-05-01,Twitch,game_month,League of Legends,League of Legends,C:\Users\dthin\Downloads\Twitch_game_data.csv,usable,League of Legends,main,False,False,False,21,21,122386266.0,19,121857531.0,2,League of Legends,True,1223862.66,1218575.31,939520272,10.946392224307427
5,Dota 2,5,2019,46710399,490819,402168,1257,37723,62867,660,95.17,8006,2019-05-01,Twitch,game_month,Dota 2,Dota 2,C:\Users\dthin\Downloads\Twitch_game_data.csv,usable,Dota 2,main,False,False,False,18,18,151618277.0,16,148618277.0,2,Dota 2,True,1516182.77,1486182.77,939520272,4.971728699431406
8,Counter-Strike: Global Offensive,6,2019,30260300,842383,348529,2080,130888,42086,1171,35.92,8209,2019-06-01,Twitch,game_month,Counter-Strike: Global Offensive,Counter-Strike: Global Offensive,C:\Users\dthin\Downloads\Twitch_game_data.csv,usable,Counter-Strike,main,False,False,False,76,76,168251109.0,53,159321109.0,23,Counter-Strike: Global Offensive,True,1682511.09,1593211.09,939126720,3.222174319563605
5,Dota 2,6,2019,42929219,440912,436845,1118,35018,59706,613,97.36,8206,2019-06-01,Twitch,game_month,Dota 2,Dota 2,C:\Users\dthin\Downloads\Twitch_game_data.csv,usable,Dota 2,main,False,False,False,20,20,154174920.0,20,154174920.0,1,Dota 2,True,1541749.2,1541749.2,939126720,4.571184919538867
2,League of Legends,6,2019,89156672,1982483,318559,3915,184010,124000,2757,44.97,8203,2019-06-01,Twitch,game_month,League of Legends,League of Legends,C:\Users\dthin\Downloads\Twitch_game_data.csv,usable,League of Legends,main,False,False,False,34,34,192793591.0,32,158741741.0,2,League of Legends,True,1927935.91,1587417.41,939126720,9.493572070870265
3,League of Legends,7,2019,68210459,1803517,280370,3413,179936,91804,2427,37.82,8404,2019-07-01,Twitch,game_month,League of Legends,League of Legends,C:\Users\dthin\Downloads\Twitch_game_data.csv,usable,League of Legends,main,False,False,False,17,17,38829366.0,17,38829366.0,0,League of Legends,True,388293.66,388293.66,916692478,7.440931461422988
6,Dota 2,7,2019,40975198,461803,278581,1081,35274,55148,621,88.73,8407,2019-07-01,Twitch,game_month,Dota 2,Dota 2,C:\Users\dthin\Downloads\Twitch_game_data.csv,usable,Dota 2,main,False,False,False,18,18,37932044.0,18,37932044.0,0,Dota 2,True,379320.44,379320.44,916692478,4.469895737488532
7,Counter-Strike: Global Offensive,7,2019,40700017,914238,407519,2224,138472,54777,1230,44.52,8408,2019-07-01,Twitch,game_month,Counter-Strike: Global Offensive,Counter-Strike: Global Offensive,C:\Users\dthin\Downloads\Twitch_game_data.csv,usable,Counter-Strike,main,False,False,False,82,82,278884938.0,67,270181338.0,15,Counter-Strike: Global Offensive,True,2788849.38,2701813.38,916692478,4.43987683730072
7,Counter-Strike: Global Offensive,8,2019,46112933,974890,518564,2281,147984,62063,1312,47.3,8608,2019-08-01,Twitch,game_month,Counter-Strike: Global Offensive,Counter-Strike: Global Offensive,C:\Users\dthin\Downloads\Twitch_game_data.csv,usable,Counter-Strike,main,False,False,False,51,51,123254795.0,37,114554795.0,14,Counter-Strike: Global Offensive,True,1232547.95,1145547.95,999177398,4.615089682002595
2,League of Legends,8,2019,86094493,1977780,455329,5256,187707,115874,2661,43.53,8603,2019-08-01,Twitch,game_month,League of Legends,League of Legends,C:\Users\dthin\Downloads\Twitch_game_data.csv,usable,League of Legends,main,False,False,False,16,16,8682293.0,16,8682293.0,0,League of Legends,True,86822.93,86822.93,999177398,8.61653728080026
3,Dota 2,8,2019,70885379,487148,1045985,1174,37081,95404,655,145.51,8604,2019-08-01,Twitch,game_month,Dota 2,Dota 2,C:\Users\dthin\Downloads\Twitch_game_data.csv,usable,Dota 2,main,True,True,True,27,27,3448044024.0,27,3448044024.0,0,Dota 2,True,34480440.24,34480440.24,999177398,7.094373746032234
5,Counter-Strike: Global Offensive,9,2019,46007837,914564,659147,2416,138048,63988,1271,50.31,8806,2019-09-01,Twitch,game_month,Counter-Strike: Global Offensive,Counter-Strike: Global Offensive,C:\Users\dthin\Downloads\Twitch_game_data.csv,usable,Counter-Strike,main,False,False,False,82,82,185823731.0,61,167373731.0,21,Counter-Strike: Global Offensive,True,1858237.31,1673737.31,878083331,5.239575263045279
7,Dota 2,9,2019,25854637,449103,126517,1269,34090,35959,624,57.57,8808,2019-09-01,Twitch,game_month,Dota 2,Dota 2,C:\Users\dthin\Downloads\Twitch_game_data.csv,usable,Dota 2,main,False,False,False,32,32,37883722.0,32,37883722.0,0,Dota 2,True,378837.22,378837.22,878083331,2.9444400192127094
2,League of Legends,9,2019,77579176,1977556,650591,4454,182545,107898,2750,39.23,8803,2019-09-01,Twitch,game_month,League of Legends,League of Legends,C:\Users\dthin\Downloads\Twitch_game_data.csv,usable,League of Legends,main,False,False,False,17,17,18530500.0,16,18336494.0,1,League of Legends,True,185305.0,183364.94,878083331,8.835058503120589
7,Dota 2,10,2019,30033003,449514,176174,1218,31508,40421,604,66.81,9008,2019-10-01,Twitch,game_month,Dota 2,Dota 2,C:\Users\dthin\Downloads\Twitch_game_data.csv,usable,Dota 2,main,False,False,False,14,14,101394771.0,14,101394771.0,1,Dota 2,True,1013947.71,1013947.71,900334210,3.335761616788948
4,Counter-Strike: Global Offensive,10,2019,44765681,932539,381582,2578,135261,60249,1255,48.0,9005,2019-10-01,Twitch,game_month,Counter-Strike: Global Offensive,Counter-Strike: Global Offensive,C:\Users\dthin\Downloads\Twitch_game_data.csv,usable,Counter-Strike,main,False,False,False,66,66,155661018.0,52,146961018.0,14,Counter-Strike: Global Offensive,True,1556610.18,1469610.18,900334210,4.9721181870896585
1,League of Legends,10,2019,125658644,2204626,1100440,5944,195507,169123,2967,57.0,9002,2019-10-01,Twitch,game_month,League of Legends,League of Legends,C:\Users\dthin\Downloads\Twitch_game_data.csv,usable,League of Legends,main,False,False,False,16,16,237720979.0,16,237720979.0,0,League of Legends,True,2377209.79,2377209.79,900334210,13.956888742459316
1,League of Legends,11,2019,95436703,2126093,1782765,4512,200004,132735,2957,44.89,9202,2019-11-01,Twitch,game_month,League of Legends,League of Legends,C:\Users\dthin\Downloads\Twitch_game_data.csv,usable,League of Legends,main,False,False,True,7,7,16922092.0,7,16922092.0,0,League of Legends,True,169220.92,169220.92,879157590,10.85547165667989
4,Counter-Strike: Global Offensive,11,2019,35606495,890153,299143,2500,129703,49522,1238,40.0,9205,2019-11-01,Twitch,game_month,Counter-Strike: Global Offensive,Counter-Strike: Global Offensive,C:\Users\dthin\Downloads\Twitch_game_data.csv,usable,Counter-Strike,main,False,False,False,69,69,240462746.0,54,206612746.0,15,Counter-Strike: Global Offensive,True,2404627.46,2066127.46,879157590,4.050069680908971
5,Dota 2,11,2019,34770932,428219,243245,1267,30472,48360,595,81.2,9206,2019-11-01,Twitch,game_month,Dota 2,Dota 2,C:\Users\dthin\Downloads\Twitch_game_data.csv,usable,Dota 2,main,False,False,False,22,22,163161840.0,21,161161840.0,1,Dota 2,True,1631618.4,1611618.4,879157590,3.955028358453915
2,League of Legends,12,2019,78579242,2302186,223571,6392,211766,105759,3098,34.13,9403,2019-12-01,Twitch,game_month,League of Legends,League of Legends,C:\Users\dthin\Downloads\Twitch_game_data.csv,usable,League of Legends,main,False,False,False,4,4,111005240.0,4,111005240.0,0,League of Legends,True,1110052.4,1110052.4,881497670,8.914288111504593
4,Counter-Strike: Global Offensive,12,2019,40460483,977970,322386,2695,146003,54455,1316,41.37,9405,2019-12-01,Twitch,game_month,Counter-Strike: Global Offensive,Counter-Strike: Global Offensive,C:\Users\dthin\Downloads\Twitch_game_data.csv,usable,Counter-Strike,main,False,False,False,73,73,300950922.0,55,275650922.0,18,Counter-Strike: Global Offensive,True,3009509.22,2756509.22,881497670,4.58997049873087
6,Dota 2,12,2019,34260252,419408,200393,1072,30022,46110,564,81.69,9407,2019-12-01,Twitch,game_month,Dota 2,Dota 2,C:\Users\dthin\Downloads\Twitch_game_data.csv,usable,Dota 2,main,False,False,False,16,16,74126700.0,15,73814100.0,1,Dota 2,True,741267.0,738141.0,881497670,3.886595865874496
5,Dota 2,1,2020,44025208,442024,364279,1055,30616,59253,594,99.6,9606,2020-01-01,Twitch,game_month,Dota 2,Dota 2,C:\Users\dthin\Downloads\Twitch_game_data.csv,usable,Dota 2,main,False,False,False,10,10,144228360.0,10,144228360.0,1,Dota 2,True,1442283.6,1442283.6,1010010231,4.358887330914572
1,League of Legends,1,2020,99657869,2953365,349964,8083,237426,134129,3974,33.74,9602,2020-01-01,Twitch,game_month,League of Legends,League of Legends,C:\Users\dthin\Downloads\Twitch_game_data.csv,usable,League of Legends,main,False,False,False,21,21,138442600.0,21,138442600.0,0,League of Legends,True,1384426.0,1384426.0,1010010231,9.867015792635076
7,Counter-Strike: Global Offensive,1,2020,33893286,1217678,257488,3371,168202,45616,1638,27.83,9608,2020-01-01,Twitch,game_month,Counter-Strike: Global Offensive,Counter-Strike: Global Offensive,C:\Users\dthin\Downloads\Twitch_game_data.csv,usable,Counter-Strike,main,False,False,False,39,39,75779356.0,25,67079356.0,14,Counter-Strike: Global Offensive,True,757793.56,670793.56,1010010231,3.355736898471081
7,Dota 2,2,2020,34971672,436925,236718,1176,29417,50318,628,80.04,9808,2020-02-01,Twitch,game_month,Dota 2,Dota 2,C:\Users\dthin\Downloads\Twitch_game_data.csv,usable,Dota 2,main,False,False,False,12,12,55508348.0,11,25508348.0,1,Dota 2,True,555083.48,255083.48,981752149,3.562169131549312
1,League of Legends,2,2020,121635889,2549292,412216,7253,211492,175015,3668,47.71,9802,2020-02-01,Twitch,game_month,League of Legends,League of Legends,C:\Users\dthin\Downloads\Twitch_game_data.csv,usable,League of Legends,main,False,False,False,19,19,89017001.0,17,56717001.0,3,League of Legends,True,890170.01,567170.01,981752149,12.389673821839528
4,Counter-Strike: Global Offensive,2,2020,49796451,1135106,614792,3212,154126,71649,1633,43.87,9805,2020-02-01,Twitch,game_month,Counter-Strike: Global Offensive,Counter-Strike: Global Offensive,C:\Users\dthin\Downloads\Twitch_game_data.csv,usable,Counter-Strike,main,False,False,False,53,53,121559036.0,39,112859036.0,14,Counter-Strike: Global Offensive,True,1215590.36,1128590.36,981752149,5.072201884225262
7,Dota 2,3,2020,41849138,544228,164524,1490,35212,56324,732,76.9,10008,2020-03-01,Twitch,game_month,Dota 2,Dota 2,C:\Users\dthin\Downloads\Twitch_game_data.csv,usable,Dota 2,main,False,False,False,15,15,67129500.0,15,67129500.0,0,Dota 2,True,671295.0,671295.0,1218370086,3.4348461506793755
1,League of Legends,3,2020,123599885,3062720,421581,8390,252555,166352,4122,40.36,10002,2020-03-01,Twitch,game_month,League of Legends,League of Legends,C:\Users\dthin\Downloads\Twitch_game_data.csv,usable,League of Legends,main,False,False,False,8,8,17840902.0,8,17840902.0,0,League of Legends,True,178409.02,178409.02,1218370086,10.14469137253588
4,Counter-Strike: Global Offensive,3,2020,66797699,1511619,828949,4667,197089,89902,2034,44.19,10005,2020-03-01,Twitch,game_month,Counter-Strike: Global Offensive,Counter-Strike: Global Offensive,C:\Users\dthin\Downloads\Twitch_game_data.csv,usable,Counter-Strike,main,False,False,False,52,52,211367232.0,37,151553016.0,15,Counter-Strike: Global Offensive,True,2113672.32,1515530.16,1218370086,5.482545883845674
8,Dota 2,4,2020,54477072,673933,360147,1747,34147,75767,937,80.83,10209,2020-04-01,Twitch,game_month,Dota 2,Dota 2,C:\Users\dthin\Downloads\Twitch_game_data.csv,usable,Dota 2,main,False,False,False,25,25,126537286.0,23,87773574.0,3,Dota 2,True,1265372.86,877735.74,1792309113,3.039490878267938
5,Counter-Strike: Global Offensive,4,2020,86673161,1981314,535624,5542,215744,120546,2755,43.75,10206,2020-04-01,Twitch,game_month,Counter-Strike: Global Offensive,Counter-Strike: Global Offensive,C:\Users\dthin\Downloads\Twitch_game_data.csv,usable,Counter-Strike,main,False,False,False,52,52,73698785.0,39,57338785.0,13,Counter-Strike: Global Offensive,True,736987.85,573387.85,1792309113,4.835837767678639
1,VALORANT,4,2020,344551979,4588347,1728977,15710,319709,479209,6381,75.09,10202,2020-04-01,Twitch,game_month,VALORANT,VALORANT,C:\Users\dthin\Downloads\Twitch_game_data.csv,usable,Valorant,main,True,True,True,53,53,6106724.0,53,6106724.0,0,VALORANT,True,61067.24,61067.24,1792309113,19.22391492075173
3,League of Legends,4,2020,135859472,3461495,727437,8802,243651,188956,4814,39.25,10204,2020-04-01,Twitch,game_month,League of Legends,League of Legends,C:\Users\dthin\Downloads\Twitch_game_data.csv,usable,League of Legends,main,False,False,False,4,4,28122388.0,4,28122388.0,0,League of Legends,True,281223.88,281223.88,1792309113,7.580136206114352
8,Dota 2,5,2020,51023847,717401,199291,1758,33057,68672,965,71.12,10409,2020-05-01,Twitch,game_month,Dota 2,Dota 2,C:\Users\dthin\Downloads\Twitch_game_data.csv,usable,Dota 2,main,False,False,False,20,20,76339682.0,18,75522212.0,3,Dota 2,True,763396.82,755222.12,1755760388,2.906082592404403
7,Counter-Strike: Global Offensive,5,2020,76786808,1783788,380494,4853,187999,103346,2400,43.05,10408,2020-05-01,Twitch,game_month,Counter-Strike: Global Offensive,Counter-Strike: Global Offensive,C:\Users\dthin\Downloads\Twitch_game_data.csv,usable,Counter-Strike,main,False,False,False,45,45,86481636.0,42,68481636.0,3,Counter-Strike: Global Offensive,True,864816.36,684816.36,1755760388,4.373421824800845
2,VALORANT,5,2020,144780385,4763465,790635,16287,363116,194859,6411,30.39,10403,2020-05-01,Twitch,game_month,VALORANT,VALORANT,C:\Users\dthin\Downloads\Twitch_game_data.csv,usable,Valorant,main,False,False,False,47,47,14842557.0,46,14662557.0,1,VALORANT,True,148425.57,146625.57,1755760388,8.246021837007067
3,League of Legends,5,2020,127698472,3517695,504630,8347,245122,171868,4734,36.3,10404,2020-05-01,Twitch,game_month,League of Legends,League of Legends,C:\Users\dthin\Downloads\Twitch_game_data.csv,usable,League of Legends,main,False,False,False,6,6,62732157.0,6,62732157.0,0,League of Legends,True,627321.57,627321.57,1755760388,7.273114991816298
2,League of Legends,6,2020,143290296,2997392,556963,7519,215394,199291,4168,47.8,10603,2020-06-01,Twitch,game_month,League of Legends,League of Legends,C:\Users\dthin\Downloads\Twitch_game_data.csv,usable,League of Legends,main,False,False,False,25,25,183722083.0,24,158463871.0,1,League of Legends,True,1837220.83,1584638.71,1629282927,8.794684681551322
7,Counter-Strike: Global Offensive,6,2020,76001332,1403689,499919,4209,149577,105704,1952,54.14,10608,2020-06-01,Twitch,game_month,Counter-Strike: Global Offensive,Counter-Strike: Global Offensive,C:\Users\dthin\Downloads\Twitch_game_data.csv,usable,Counter-Strike,main,False,False,False,54,54,202835399.0,51,193035399.0,3,Counter-Strike: Global Offensive,True,2028353.99,1930353.99,1629282927,4.664710514087403
8,VALORANT,6,2020,55560006,3970028,250805,14194,331747,77274,5521,13.99,10609,2020-06-01,Twitch,game_month,VALORANT,VALORANT,C:\Users\dthin\Downloads\Twitch_game_data.csv,usable,Valorant,main,False,False,False,63,63,36736127.0,62,36521127.0,1,VALORANT,True,367361.27,365211.27,1629282927,3.410089498838773
9,Dota 2,6,2020,41177114,569147,212444,1490,27354,57269,791,72.35,10610,2020-06-01,Twitch,game_month,Dota 2,Dota 2,C:\Users\dthin\Downloads\Twitch_game_data.csv,usable,Dota 2,main,False,False,False,13,13,92566582.0,12,92566582.0,2,Dota 2,True,925665.82,925665.82,1629282927,2.527315134629162
2,League of Legends,7,2020,135123272,3248650,494759,7246,223201,181861,4372,41.59,10803,2020-07-01,Twitch,game_month,League of Legends,League of Legends,C:\Users\dthin\Downloads\Twitch_game_data.csv,usable,League of Legends,main,False,False,False,7,7,2812700.0,7,2812700.0,0,League of Legends,True,28127.0,28127.0,1572595815,8.592371333507586
6,VALORANT,7,2020,56840893,3608486,151120,8081,285520,76501,4856,15.75,10807,2020-07-01,Twitch,game_month,VALORANT,VALORANT,C:\Users\dthin\Downloads\Twitch_game_data.csv,usable,Valorant,main,False,False,False,47,47,21911809.0,46,21899909.0,1,VALORANT,True,219118.09,218999.09,1572595815,3.614462944504275
8,Counter-Strike: Global Offensive,7,2020,41902442,1187042,197934,3034,126894,56396,1597,35.3,10809,2020-07-01,Twitch,game_month,Counter-Strike: Global Offensive,Counter-Strike: Global Offensive,C:\Users\dthin\Downloads\Twitch_game_data.csv,usable,Counter-Strike,main,False,False,False,40,40,51017635.0,38,48717635.0,3,Counter-Strike: Global Offensive,True,510176.35,487176.35,1572595815,2.664539839183026
9,Dota 2,7,2020,35906928,571211,193157,1301,27565,48326,768,62.86,10810,2020-07-01,Twitch,game_month,Dota 2,Dota 2,C:\Users\dthin\Downloads\Twitch_game_data.csv,usable,Dota 2,main,False,False,False,7,7,42024720.0,7,42024720.0,0,Dota 2,True,420247.2,420247.2,1572595815,2.2832903189431417
10,Dota 2,8,2020,38252005,554956,170474,1247,26864,51483,746,68.93,11011,2020-08-01,Twitch,game_month,Dota 2,Dota 2,C:\Users\dthin\Downloads\Twitch_game_data.csv,usable,Dota 2,main,False,False,False,12,12,83519253.0,12,83519253.0,0,Dota 2,True,835192.53,835192.53,1620682345,2.360240741685873
2,League of Legends,8,2020,142551572,3250969,707347,7440,229635,191859,4375,43.85,11003,2020-08-01,Twitch,game_month,League of Legends,League of Legends,C:\Users\dthin\Downloads\Twitch_game_data.csv,usable,League of Legends,main,False,False,False,8,8,44149169.0,8,44149169.0,0,League of Legends,True,441491.69,441491.69,1620682345,8.795774967240726
7,VALORANT,8,2020,54462195,3016992,564404,8000,256154,73300,4060,18.05,11008,2020-08-01,Twitch,game_month,VALORANT,VALORANT,C:\Users\dthin\Downloads\Twitch_game_data.csv,usable,Valorant,main,False,False,False,38,38,31360370.0,36,28842454.0,2,VALORANT,True,313603.7,288424.54,1620682345,3.360448465920692
8,Counter-Strike: Global Offensive,8,2020,48243344,1071229,313425,2526,117920,64930,1441,45.04,11009,2020-08-01,Twitch,game_month,Counter-Strike: Global Offensive,Counter-Strike: Global Offensive,C:\Users\dthin\Downloads\Twitch_game_data.csv,usable,Counter-Strike,main,False,False,False,57,57,150765468.0,54,142309864.0,3,Counter-Strike: Global Offensive,True,1507654.68,1423098.64,1620682345,2.976730396850223
9,Dota 2,9,2020,38107678,551165,269456,1402,26860,53000,766,69.14,11210,2020-09-01,Twitch,game_month,Dota 2,Dota 2,C:\Users\dthin\Downloads\Twitch_game_data.csv,usable,Dota 2,main,False,False,False,14,14,55148886.0,14,55148886.0,0,Dota 2,True,551488.86,551488.86,1585511181,2.403494750252411
10,VALORANT,9,2020,37448029,2159886,155402,5330,196434,52083,3004,17.34,11211,2020-09-01,Twitch,game_month,VALORANT,VALORANT,C:\Users\dthin\Downloads\Twitch_game_data.csv,usable,Valorant,main,False,False,False,36,36,25827762.0,35,25556262.0,1,VALORANT,True,258277.62,255562.62,1585511181,2.3618899348525
3,League of Legends,9,2020,135008222,3174675,794857,6737,230335,187772,4415,42.53,11204,2020-09-01,Twitch,game_month,League of Legends,League of Legends,C:\Users\dthin\Downloads\Twitch_game_data.csv,usable,League of Legends,main,False,False,False,5,5,243752000.0,4,9752000.0,1,League of Legends,True,2437520.0,97520.0,1585511181,8.515122669450289
7,Counter-Strike: Global Offensive,9,2020,53623137,1029871,306910,2620,114511,74580,1432,52.07,11208,2020-09-01,Twitch,game_month,Counter-Strike: Global Offensive,Counter-Strike: Global Offensive,C:\Users\dthin\Downloads\Twitch_game_data.csv,usable,Counter-Strike,main,False,False,False,55,55,133096497.0,52,85796497.0,3,Counter-Strike: Global Offensive,True,1330964.97,857964.97,1585511181,3.382072459822029
11,VALORANT,10,2020,37362055,1947328,165457,4681,176347,50285,2620,19.19,11412,2020-10-01,Twitch,game_month,VALORANT,VALORANT,C:\Users\dthin\Downloads\Twitch_game_data.csv,usable,Valorant,main,False,False,False,30,30,13631832.0,29,13578558.0,1,VALORANT,True,136318.32,135785.58,1774145250,2.1059186106661785
12,Dota 2,10,2020,33523506,599493,155576,1573,28700,45119,806,55.92,11413,2020-10-01,Twitch,game_month,Dota 2,Dota 2,C:\Users\dthin\Downloads\Twitch_game_data.csv,usable,Dota 2,main,False,False,False,16,16,88200160.0,16,88200160.0,0,Dota 2,True,882001.6,882001.6,1774145250,1.889558140744113
2,League of Legends,10,2020,171613067,3367157,2020835,8520,246211,230973,4531,50.97,11403,2020-10-01,Twitch,game_month,League of Legends,League of Legends,C:\Users\dthin\Downloads\Twitch_game_data.csv,usable,League of Legends,main,False,False,True,13,13,25314821.0,12,24856321.0,1,League of Legends,True,253148.21,248563.21,1774145250,9.67299982907262
7,Counter-Strike: Global Offensive,10,2020,58560804,1138329,434419,2976,124370,78816,1532,51.44,11408,2020-10-01,Twitch,game_month,Counter-Strike: Global Offensive,Counter-Strike: Global Offensive,C:\Users\dthin\Downloads\Twitch_game_data.csv,usable,Counter-Strike,main,False,False,False,49,49,89018260.0,47,86718260.0,2,Counter-Strike: Global Offensive,True,890182.6,867182.6,1774145250,3.300789718316468
13,VALORANT,11,2020,41122398,1999433,145497,4730,182609,57193,2780,20.57,11614,2020-11-01,Twitch,game_month,VALORANT,VALORANT,C:\Users\dthin\Downloads\Twitch_game_data.csv,usable,Valorant,main,False,False,False,25,25,28938922.0,22,10971863.0,3,VALORANT,True,289389.22,109718.63,1789235196,2.298322662774179
14,Dota 2,11,2020,40955503,626431,222257,1585,30556,56961,871,65.38,11615,2020-11-01,Twitch,game_month,Dota 2,Dota 2,C:\Users\dthin\Downloads\Twitch_game_data.csv,usable,Dota 2,main,False,False,False,16,16,45922500.0,16,45922500.0,1,Dota 2,True,459225.0,459225.0,1789235196,2.288994934347357
2,League of Legends,11,2020,121085351,3392709,345045,8877,254028,168407,4718,35.69,11603,2020-11-01,Twitch,game_month,League of Legends,League of Legends,C:\Users\dthin\Downloads\Twitch_game_data.csv,usable,League of Legends,main,False,False,False,5,5,27416679.0,4,12241424.0,1,League of Legends,True,274166.79,122414.24,1789235196,6.7674362359234514
6,Counter-Strike: Global Offensive,11,2020,60714096,1297659,551755,3544,139791,84442,1804,46.79,11607,2020-11-01,Twitch,game_month,Counter-Strike: Global Offensive,Counter-Strike: Global Offensive,C:\Users\dthin\Downloads\Twitch_game_data.csv,usable,Counter-Strike,main,False,False,False,73,73,234903132.0,71,232603132.0,2,Counter-Strike: Global Offensive,True,2349031.32,2326031.32,1789235196,3.393298775685385
3,League of Legends,12,2020,96413165,3297197,318449,7979,247003,129761,4437,29.24,11804,2020-12-01,Twitch,game_month,League of Legends,League of Legends,C:\Users\dthin\Downloads\Twitch_game_data.csv,usable,League of Legends,main,False,False,False,2,2,10400650.0,2,10400650.0,0,League of Legends,True,104006.5,104006.5,1877319317,5.135682785924265
9,Counter-Strike: Global Offensive,12,2020,60757021,1426365,387473,3961,154721,81772,1919,42.6,11810,2020-12-01,Twitch,game_month,Counter-Strike: Global Offensive,Counter-Strike: Global Offensive,C:\Users\dthin\Downloads\Twitch_game_data.csv,usable,Counter-Strike,main,False,False,False,54,54,175585017.0,51,172825964.0,3,Counter-Strike: Global Offensive,True,1755850.17,1728259.64,1877319317,3.236371162317295
13,Dota 2,12,2020,42881664,631156,243589,1506,30337,57714,849,67.94,11814,2020-12-01,Twitch,game_month,Dota 2,Dota 2,C:\Users\dthin\Downloads\Twitch_game_data.csv,usable,Dota 2,main,False,False,False,14,14,117437950.0,14,117437950.0,1,Dota 2,True,1174379.5,1174379.5,1877319317,2.284196599464278
14,VALORANT,12,2020,42375108,2174160,286887,4958,197181,57032,2926,19.49,11815,2020-12-01,Twitch,game_month,VALORANT,VALORANT,C:\Users\dthin\Downloads\Twitch_game_data.csv,usable,Valorant,main,False,False,False,34,34,71838807.0,32,68788807.0,2,VALORANT,True,718388.07,687888.07,1877319317,2.2572136565300145
3,League of Legends,1,2021,170781975,4354400,689503,11606,294795,229854,5860,39.22,12004,2021-01-01,Twitch,game_month,League of Legends,League of Legends,C:\Users\dthin\Downloads\Twitch_game_data.csv,usable,League of Legends,main,False,False,False,23,23,200919051.0,22,167020771.0,1,League of Legends,True,2009190.51,1670207.71,2173794168,7.856400459346527
9,Counter-Strike: Global Offensive,1,2021,60899705,1669538,592921,4598,178120,81964,2247,36.48,12010,2021-01-01,Twitch,game_month,Counter-Strike: Global Offensive,Counter-Strike: Global Offensive,C:\Users\dthin\Downloads\Twitch_game_data.csv,usable,Counter-Strike,main,False,False,False,33,33,168698002.0,29,156396225.0,4,Counter-Strike: Global Offensive,True,1686980.02,1563962.25,2173794168,2.8015396258069267
11,VALORANT,1,2021,54529695,3001295,227959,7100,258468,73391,4039,18.17,12012,2021-01-01,Twitch,game_month,VALORANT,VALORANT,C:\Users\dthin\Downloads\Twitch_game_data.csv,usable,Valorant,main,False,False,False,20,20,14492112.0,17,12621496.0,3,VALORANT,True,144921.12,126214.96,2173794168,2.508503141774921
13,Dota 2,1,2021,39545934,721543,153186,1810,33400,53224,971,54.81,12014,2021-01-01,Twitch,game_month,Dota 2,Dota 2,C:\Users\dthin\Downloads\Twitch_game_data.csv,usable,Dota 2,main,False,False,False,18,18,176147270.0,17,176074770.0,1,Dota 2,True,1761472.7,1760747.7,2173794168,1.819212443484668
11,Dota 2,2,2021,38907873,614150,218653,1725,29522,57984,915,63.35,12212,2021-02-01,Twitch,game_month,Dota 2,Dota 2,C:\Users\dthin\Downloads\Twitch_game_data.csv,usable,Dota 2,main,False,False,False,2,2,5500000.0,2,5500000.0,0,Dota 2,True,55000.0,55000.0,1979581961,1.9654590598686503
8,Counter-Strike: Global Offensive,2,2021,67578481,1507029,607485,4460,161814,100713,2245,44.84,12209,2021-02-01,Twitch,game_month,Counter-Strike: Global Offensive,Counter-Strike: Global Offensive,C:\Users\dthin\Downloads\Twitch_game_data.csv,usable,Counter-Strike,main,False,False,False,30,30,144059983.0,27,131759983.0,3,Counter-Strike: Global Offensive,True,1440599.83,1317599.83,1979581961,3.4137753491076595
2,League of Legends,2,2021,150221076,3665750,703375,9687,268439,223876,5463,40.98,12203,2021-02-01,Twitch,game_month,League of Legends,League of Legends,C:\Users\dthin\Downloads\Twitch_game_data.csv,usable,League of Legends,main,False,False,False,6,6,17712465.0,6,17712465.0,0,League of Legends,True,177124.65,177124.65,1979581961,7.588525201761019
7,VALORANT,2,2021,70228871,2945356,289898,7382,266828,104662,4389,23.84,12208,2021-02-01,Twitch,game_month,VALORANT,VALORANT,C:\Users\dthin\Downloads\Twitch_game_data.csv,usable,Valorant,main,False,False,False,41,41,45177548.0,41,45177548.0,0,VALORANT,True,451775.48,451775.48,1979581961,3.5476616974486563
3,League of Legends,3,2021,149786518,3766997,853781,9222,268051,201596,5069,39.76,12404,2021-03-01,Twitch,game_month,League of Legends,League of Legends,C:\Users\dthin\Downloads\Twitch_game_data.csv,usable,League of Legends,main,False,False,False,11,11,59490698.0,10,41460248.0,3,League of Legends,True,594906.98,414602.48,2181654070,6.865731834378306
7,VALORANT,3,2021,87645493,3531041,415809,8033,309748,117961,4752,24.82,12408,2021-03-01,Twitch,game_month,VALORANT,VALORANT,C:\Users\dthin\Downloads\Twitch_game_data.csv,usable,Valorant,main,False,False,False,41,41,106318351.0,39,91322301.0,2,VALORANT,True,1063183.51,913223.01,2181654070,4.017387275334627
8,Counter-Strike: Global Offensive,3,2021,72375036,1626300,454393,4379,170319,97409,2188,44.5,12409,2021-03-01,Twitch,game_month,Counter-Strike: Global Offensive,Counter-Strike: Global Offensive,C:\Users\dthin\Downloads\Twitch_game_data.csv,usable,Counter-Strike,main,False,False,False,67,67,170468134.0,63,83168134.0,4,Counter-Strike: Global Offensive,True,1704681.34,831681.34,2181654070,3.317438680826241
10,Dota 2,3,2021,39978562,659629,230592,1597,31292,53806,887,60.61,12411,2021-03-01,Twitch,game_month,Dota 2,Dota 2,C:\Users\dthin\Downloads\Twitch_game_data.csv,usable,Dota 2,main,False,False,False,9,9,70665596.0,8,70449091.0,1,Dota 2,True,706655.96,704490.91,2181654070,1.8324885943077125
3,League of Legends,4,2021,156994170,3592720,906631,8333,260952,218350,4996,43.7,12604,2021-04-01,Twitch,game_month,League of Legends,League of Legends,C:\Users\dthin\Downloads\Twitch_game_data.csv,usable,League of Legends,main,False,False,False,4,4,1677624.0,4,1677624.0,0,League of Legends,True,16776.24,16776.24,2238018281,7.014874334710584
6,VALORANT,4,2021,85635830,3435109,440084,8565,306540,119104,4777,24.93,12607,2021-04-01,Twitch,game_month,VALORANT,VALORANT,C:\Users\dthin\Downloads\Twitch_game_data.csv,usable,Valorant,main,False,False,False,52,52,80158416.0,50,72049842.0,2,VALORANT,True,801584.16,720498.42,2238018281,3.826413337505709
8,Counter-Strike: Global Offensive,4,2021,70072819,1464933,421485,4173,158206,97458,2037,47.83,12609,2021-04-01,Twitch,game_month,Counter-Strike: Global Offensive,Counter-Strike: Global Offensive,C:\Users\dthin\Downloads\Twitch_game_data.csv,usable,Counter-Strike,main,False,False,False,51,51,149635978.0,46,132330078.0,5,Counter-Strike: Global Offensive,True,1496359.78,1323300.78,2238018281,3.131020849780092
10,Dota 2,4,2021,49785357,666178,372593,1658,32754,69242,926,74.73,12611,2021-04-01,Twitch,game_month,Dota 2,Dota 2,C:\Users\dthin\Downloads\Twitch_game_data.csv,usable,Dota 2,main,False,False,False,19,19,195077841.0,19,195077841.0,0,Dota 2,True,1950778.41,1950778.41,2238018281,2.2245286118822367
11,Dota 2,5,2021,48762361,692413,269874,1594,33157,65629,931,70.42,12812,2021-05-01,Twitch,game_month,Dota 2,Dota 2,C:\Users\dthin\Downloads\Twitch_game_data.csv,usable,Dota 2,main,False,False,False,5,5,22384052.0,5,22384052.0,0,Dota 2,True,223840.52,223840.52,2308295297,2.1124836611405184
8,Counter-Strike: Global Offensive,5,2021,75670449,1380646,551182,3620,140856,101844,1858,54.81,12809,2021-05-01,Twitch,game_month,Counter-Strike: Global Offensive,Counter-Strike: Global Offensive,C:\Users\dthin\Downloads\Twitch_game_data.csv,usable,Counter-Strike,main,False,False,False,40,40,67886619.0,36,50586619.0,4,Counter-Strike: Global Offensive,True,678866.19,505866.19,2308295297,3.278196212518645
3,League of Legends,5,2021,174012672,3516137,1257320,7697,251261,234202,4732,49.49,12804,2021-05-01,Twitch,game_month,League of Legends,League of Legends,C:\Users\dthin\Downloads\Twitch_game_data.csv,usable,League of Legends,main,False,False,False,9,9,31144064.0,9,31144064.0,0,League of Legends,True,311440.64,311440.64,2308295297,7.53857932415135
4,VALORANT,5,2021,100244546,3307836,1010321,8041,288329,134918,4452,30.31,12805,2021-05-01,Twitch,game_month,VALORANT,VALORANT,C:\Users\dthin\Downloads\Twitch_game_data.csv,usable,Valorant,main,False,False,False,23,23,66187169.0,23,66187169.0,0,VALORANT,True,661871.69,661871.69,2308295297,4.342795574304721
3,League of Legends,6,2021,147594315,3053763,708943,6443,220621,205277,4247,48.33,13004,2021-06-01,Twitch,game_month,League of Legends,League of Legends,C:\Users\dthin\Downloads\Twitch_game_data.csv,usable,League of Legends,main,False,False,False,25,25,213668917.0,24,180879857.0,1,League of Legends,True,2136689.17,1808798.57,1963630266,7.516400493289198
5,VALORANT,6,2021,80581440,3217503,252386,7691,277299,112074,4474,25.04,13006,2021-06-01,Twitch,game_month,VALORANT,VALORANT,C:\Users\dthin\Downloads\Twitch_game_data.csv,usable,Valorant,main,False,False,False,37,37,32223451.0,36,32036405.0,1,VALORANT,True,322234.51,320364.05,1963630266,4.103697187564128
8,Dota 2,6,2021,62316260,653133,375582,1544,31893,86670,908,95.41,13009,2021-06-01,Twitch,game_month,Dota 2,Dota 2,C:\Users\dthin\Downloads\Twitch_game_data.csv,usable,Dota 2,main,False,False,False,3,3,91000000.0,3,91000000.0,0,Dota 2,True,910000.0,910000.0,1963630266,3.173523095411486
9,Counter-Strike: Global Offensive,6,2021,55332904,1162096,363798,2995,116511,76958,1616,47.61,13010,2021-06-01,Twitch,game_month,Counter-Strike: Global Offensive,Counter-Strike: Global Offensive,C:\Users\dthin\Downloads\Twitch_game_data.csv,usable,Counter-Strike,main,False,False,False,54,54,167654696.0,50,154354696.0,4,Counter-Strike: Global Offensive,True,1676546.96,1543546.96,1963630266,2.817888120695732
11,Dota 2,7,2021,42539578,677045,403938,1508,33330,57253,911,62.83,13212,2021-07-01,Twitch,game_month,Dota 2,Dota 2,C:\Users\dthin\Downloads\Twitch_game_data.csv,usable,Dota 2,main,False,False,False,2,2,5695000.0,2,5695000.0,0,Dota 2,True,56950.0,56950.0,1953900874,2.1771615216545523
3,League of Legends,7,2021,134363514,2961094,511589,6029,215610,180839,3985,45.38,13204,2021-07-01,Twitch,game_month,League of Legends,League of Legends,C:\Users\dthin\Downloads\Twitch_game_data.csv,usable,League of Legends,main,False,False,False,3,3,11810960.0,3,11810960.0,0,League of Legends,True,118109.6,118109.6,1953900874,6.876680172875546
4,VALORANT,7,2021,80880189,3289089,296686,6844,287260,108856,4426,24.59,13205,2021-07-01,Twitch,game_month,VALORANT,VALORANT,C:\Users\dthin\Downloads\Twitch_game_data.csv,usable,Valorant,main,False,False,False,42,42,45571557.0,38,43603021.0,4,VALORANT,True,455715.57,436030.21,1953900874,4.139421302085973
7,Counter-Strike: Global Offensive,7,2021,58658860,1107453,696447,2513,112617,78948,1490,52.97,13208,2021-07-01,Twitch,game_month,Counter-Strike: Global Offensive,Counter-Strike: Global Offensive,C:\Users\dthin\Downloads\Twitch_game_data.csv,usable,Counter-Strike,main,False,False,False,46,46,140749950.0,44,138449950.0,2,Counter-Strike: Global Offensive,True,1407499.5,1384499.5,1953900874,3.00214103901363
3,League of Legends,8,2021,138132735,2964379,931796,5614,215239,185912,3989,46.6,13404,2021-08-01,Twitch,game_month,League of Legends,League of Legends,C:\Users\dthin\Downloads\Twitch_game_data.csv,usable,League of Legends,main,False,False,False,6,6,26601280.0,6,26601280.0,1,League of Legends,True,266012.8,266012.8,1974586275,6.995527961927113
6,VALORANT,8,2021,77525514,3085069,294465,6435,272547,104341,4152,25.13,13407,2021-08-01,Twitch,game_month,VALORANT,VALORANT,C:\Users\dthin\Downloads\Twitch_game_data.csv,usable,Valorant,main,False,False,False,30,30,58488627.0,25,46738581.0,5,VALORANT,True,584886.27,467385.81,1974586275,3.9261649380197374
9,Counter-Strike: Global Offensive,8,2021,49822431,1099409,378388,2538,114949,67055,1479,45.32,13410,2021-08-01,Twitch,game_month,Counter-Strike: Global Offensive,Counter-Strike: Global Offensive,C:\Users\dthin\Downloads\Twitch_game_data.csv,usable,Counter-Strike,main,False,False,False,38,38,131931615.0,33,45451854.0,5,Counter-Strike: Global Offensive,True,1319316.15,454518.54,1974586275,2.5231832931685902
10,Dota 2,8,2021,42716591,731191,218368,1701,35607,57492,984,58.42,13411,2021-08-01,Twitch,game_month,Dota 2,Dota 2,C:\Users\dthin\Downloads\Twitch_game_data.csv,usable,Dota 2,main,False,False,False,13,13,98214989.0,11,77698829.0,3,Dota 2,True,982149.89,776988.29,1974586275,2.1633185412473304
7,Counter-Strike: Global Offensive,9,2021,61533744,1007538,725327,2823,105073,85582,1401,61.07,13608,2021-09-01,Twitch,game_month,Counter-Strike: Global Offensive,Counter-Strike: Global Offensive,C:\Users\dthin\Downloads\Twitch_game_data.csv,usable,Counter-Strike,main,False,False,False,59,59,261589964.0,56,258504964.0,4,Counter-Strike: Global Offensive,True,2615899.64,2585049.64,1857514531,3.312692470129592
12,Dota 2,9,2021,34807412,682811,161687,1785,33889,48410,949,50.98,13613,2021-09-01,Twitch,game_month,Dota 2,Dota 2,C:\Users\dthin\Downloads\Twitch_game_data.csv,usable,Dota 2,main,False,False,False,8,8,51706616.0,8,51706616.0,0,Dota 2,True,517066.16,517066.16,1857514531,1.8738702399954468
3,League of Legends,9,2021,107406590,2723708,618086,5548,201351,149383,3788,39.43,13604,2021-09-01,Twitch,game_month,League of Legends,League of Legends,C:\Users\dthin\Downloads\Twitch_game_data.csv,usable,League of Legends,main,False,False,False,4,4,11738400.0,4,11738400.0,0,League of Legends,True,117384.0,117384.0,1857514531,5.782274550615616
4,VALORANT,9,2021,92393642,2972494,732010,7148,257779,128502,4134,31.08,13605,2021-09-01,Twitch,game_month,VALORANT,VALORANT,C:\Users\dthin\Downloads\Twitch_game_data.csv,usable,Valorant,main,False,False,False,22,22,88967815.0,22,88967815.0,0,VALORANT,True,889678.15,889678.15,1857514531,4.9740467952226215
6,Counter-Strike: Global Offensive,10,2021,70180423,956368,655467,2555,97136,94455,1287,73.38,13807,2021-10-01,Twitch,game_month,Counter-Strike: Global Offensive,Counter-Strike: Global Offensive,C:\Users\dthin\Downloads\Twitch_game_data.csv,usable,Counter-Strike,main,False,False,False,54,54,296941769.0,50,294641607.0,4,Counter-Strike: Global Offensive,True,2969417.69,2946416.07,2020197953,3.473937932457652
8,VALORANT,10,2021,64164553,2715437,261799,5597,230732,86358,3654,23.63,13809,2021-10-01,Twitch,game_month,VALORANT,VALORANT,C:\Users\dthin\Downloads\Twitch_game_data.csv,usable,Valorant,main,False,False,False,37,37,32122930.0,36,29722930.0,1,VALORANT,True,321229.3,297229.3,2020197953,3.176151767935189
2,League of Legends,10,2021,208574800,2489811,2364918,5375,185819,280719,3351,83.77,13803,2021-10-01,Twitch,game_month,League of Legends,League of Legends,C:\Users\dthin\Downloads\Twitch_game_data.csv,usable,League of Legends,main,True,True,True,11,11,236115740.0,11,236115740.0,0,League of Legends,True,2361157.4,2361157.4,2020197953,10.324473385900912
4,Dota 2,10,2021,98815597,701658,1636441,1895,34983,132995,944,140.83,13805,2021-10-01,Twitch,game_month,Dota 2,Dota 2,C:\Users\dthin\Downloads\Twitch_game_data.csv,usable,Dota 2,main,True,True,True,8,8,4017535769.0,7,4015335769.0,1,Dota 2,True,40175357.69,40153357.69,2020197953,4.891381899147979
10,Dota 2,11,2021,37073193,747851,223679,1934,36951,51562,1040,49.57,14011,2021-11-01,Twitch,game_month,Dota 2,Dota 2,C:\Users\dthin\Downloads\Twitch_game_data.csv,usable,Dota 2,main,False,False,False,11,11,76375253.0,11,76375253.0,1,Dota 2,True,763752.53,763752.53,1812117484,2.045849307637937
6,VALORANT,11,2021,58685942,2645463,195672,5733,226858,81621,3679,22.18,14007,2021-11-01,Twitch,game_month,VALORANT,VALORANT,C:\Users\dthin\Downloads\Twitch_game_data.csv,usable,Valorant,main,False,False,False,40,40,33834250.0,38,30334250.0,2,VALORANT,True,338342.5,303342.5,1812117484,3.238528545646988
3,League of Legends,11,2021,102612188,2420283,3082772,5280,192692,142715,3366,42.4,14004,2021-11-01,Twitch,game_month,League of Legends,League of Legends,C:\Users\dthin\Downloads\Twitch_game_data.csv,usable,League of Legends,main,False,False,True,4,4,17351497.0,4,17351497.0,0,League of Legends,True,173514.97,173514.97,1812117484,5.662557141355853
4,Counter-Strike: Global Offensive,11,2021,79981393,951598,1916027,2590,97574,111239,1323,84.05,14005,2021-11-01,Twitch,game_month,Counter-Strike: Global Offensive,Counter-Strike: Global Offensive,C:\Users\dthin\Downloads\Twitch_game_data.csv,usable,Counter-Strike,main,False,False,True,51,51,197913062.0,48,185613062.0,3,Counter-Strike: Global Offensive,True,1979130.62,1856130.62,1812117484,4.413697991779875
3,VALORANT,12,2021,98306478,2812461,1047665,6019,249067,132310,3785,34.95,14204,2021-12-01,Twitch,game_month,VALORANT,VALORANT,C:\Users\dthin\Downloads\Twitch_game_data.csv,usable,Valorant,main,False,False,False,12,12,111311997.0,12,111311997.0,0,VALORANT,True,1113119.97,1113119.97,1872400661,5.250290712218457
4,League of Legends,12,2021,95180552,2465988,591381,5291,194521,128103,3318,38.6,14205,2021-12-01,Twitch,game_month,League of Legends,League of Legends,C:\Users\dthin\Downloads\Twitch_game_data.csv,usable,League of Legends,main,False,False,False,3,3,3583400.0,3,3583400.0,0,League of Legends,True,35834.0,35834.0,1872400661,5.083343217213273
10,Counter-Strike: Global Offensive,12,2021,45401155,914766,524450,2485,94162,61105,1231,49.63,14211,2021-12-01,Twitch,game_month,Counter-Strike: Global Offensive,Counter-Strike: Global Offensive,C:\Users\dthin\Downloads\Twitch_game_data.csv,usable,Counter-Strike,main,False,False,False,57,57,295683402.0,54,293383301.0,3,Counter-Strike: Global Offensive,True,2956834.02,2933833.01,1872400661,2.424756407410817
11,Dota 2,12,2021,43235580,714724,210062,1759,35356,58190,961,60.49,14212,2021-12-01,Twitch,game_month,Dota 2,Dota 2,C:\Users\dthin\Downloads\Twitch_game_data.csv,usable,Dota 2,main,False,False,False,11,11,125563460.0,11,125563460.0,1,Dota 2,True,1255634.6,1255634.6,1872400661,2.309098736213275
13,Counter-Strike: Global Offensive,1,2022,40012823,1017881,436181,2748,166711,53853,1369,39.31,14414,2022-01-01,Twitch,game_month,Counter-Strike: Global Offensive,Counter-Strike: Global Offensive,C:\Users\dthin\Downloads\Twitch_game_data.csv,usable,Counter-Strike,main,False,False,False,38,38,97098555.0,35,94793154.0,3,Counter-Strike: Global Offensive,True,970985.55,947931.54,2162446961,1.8503493367299289
2,League of Legends,1,2022,184282005,3368623,669460,8924,321715,248024,4533,54.71,14403,2022-01-01,Twitch,game_month,League of Legends,League of Legends,C:\Users\dthin\Downloads\Twitch_game_data.csv,usable,League of Legends,main,False,False,False,19,19,172082530.0,17,134231410.0,2,League of Legends,True,1720825.3,1342314.1,2162446961,8.521920228498034
5,VALORANT,1,2022,84354184,3736976,288190,8721,430961,113531,5029,22.57,14406,2022-01-01,Twitch,game_month,VALORANT,VALORANT,C:\Users\dthin\Downloads\Twitch_game_data.csv,usable,Valorant,main,False,False,False,9,9,8517122.0,9,8517122.0,0,VALORANT,True,85171.22,85171.22,2162446961,3.900867189870466
12,Dota 2,1,2022,44366090,756545,224463,2353,56783,59712,1018,58.64,14413,2022-01-01,Twitch,game_month,Dota 2,Dota 2,C:\Users\dthin\Downloads\Twitch_game_data.csv,usable,Dota 2,main,False,False,False,8,8,63230818.0,8,63230818.0,1,Dota 2,True,632308.18,632308.18,2162446961,2.0516614187606885
11,Dota 2,2,2022,36600076,646018,185278,1808,53299,54545,962,56.65,14612,2022-02-01,Twitch,game_month,Dota 2,Dota 2,C:\Users\dthin\Downloads\Twitch_game_data.csv,usable,Dota 2,main,False,False,False,14,14,95260500.0,13,93920000.0,2,Dota 2,True,952605.0,939200.0,1983477130,1.8452481980470328
6,Counter-Strike: Global Offensive,2,2022,67421442,886058,995138,2618,150560,100479,1320,76.09,14607,2022-02-01,Twitch,game_month,Counter-Strike: Global Offensive,Counter-Strike: Global Offensive,C:\Users\dthin\Downloads\Twitch_game_data.csv,usable,Counter-Strike,main,False,False,False,34,34,146256640.0,32,143956640.0,2,Counter-Strike: Global Offensive,True,1462566.4,1439566.4,1983477130,3.3991539897412384
3,League of Legends,2,2022,134681108,2540382,642461,6195,269108,200717,3785,53.02,14604,2022-02-01,Twitch,game_month,League of Legends,League of Legends,C:\Users\dthin\Downloads\Twitch_game_data.csv,usable,League of Legends,main,False,False,False,9,9,59108009.0,8,55108009.0,1,League of Legends,True,591080.09,551080.09,1983477130,6.790151797716971
5,VALORANT,2,2022,89088184,3303775,353603,7202,401078,132769,4923,26.97,14606,2022-02-01,Twitch,game_month,VALORANT,VALORANT,C:\Users\dthin\Downloads\Twitch_game_data.csv,usable,Valorant,main,False,False,False,31,31,96010443.0,27,79439175.0,4,VALORANT,True,960104.43,794391.75,1983477130,4.491515563882504
8,Counter-Strike: Global Offensive,3,2022,55974322,864927,360389,2341,133185,75335,1164,64.72,14809,2022-03-01,Twitch,game_month,Counter-Strike: Global Offensive,Counter-Strike: Global Offensive,C:\Users\dthin\Downloads\Twitch_game_data.csv,usable,Counter-Strike,main,False,False,False,63,63,155006563.0,60,70406563.0,3,Counter-Strike: Global Offensive,True,1550065.63,704065.63,1934550137,2.893402498567552
2,League of Legends,3,2022,138562317,2475818,684463,5036,242170,186490,3332,55.97,14803,2022-03-01,Twitch,game_month,League of Legends,League of Legends,C:\Users\dthin\Downloads\Twitch_game_data.csv,usable,League of Legends,main,False,False,False,7,7,15806214.0,6,11806214.0,1,League of Legends,True,158062.14,118062.14,1934550137,7.162508448340101
5,VALORANT,3,2022,110480891,3649216,376658,7434,404788,148695,4911,30.28,14806,2022-03-01,Twitch,game_month,VALORANT,VALORANT,C:\Users\dthin\Downloads\Twitch_game_data.csv,usable,Valorant,main,False,False,False,16,16,25942168.0,15,25507030.0,1,VALORANT,True,259421.68,255070.3,1934550137,5.710934489985772
13,Dota 2,3,2022,34738690,568148,187801,1355,43660,46754,764,61.14,14814,2022-03-01,Twitch,game_month,Dota 2,Dota 2,C:\Users\dthin\Downloads\Twitch_game_data.csv,usable,Dota 2,main,False,False,False,16,16,170577424.0,15,143869484.0,1,Dota 2,True,1705774.24,1438694.84,1934550137,1.795698614142457
9,Dota 2,4,2022,37597240,554415,155770,1414,41780,52291,771,67.81,15010,2022-04-01,Twitch,game_month,Dota 2,Dota 2,C:\Users\dthin\Downloads\Twitch_game_data.csv,usable,Dota 2,main,False,False,False,9,9,31250833.0,9,31250833.0,1,Dota 2,True,312508.33,312508.33,1869794288,2.0107687910532324
7,Counter-Strike: Global Offensive,4,2022,59002939,802622,441386,2200,122078,82062,1116,73.51,15008,2022-04-01,Twitch,game_month,Counter-Strike: Global Offensive,Counter-Strike: Global Offensive,C:\Users\dthin\Downloads\Twitch_game_data.csv,usable,Counter-Strike,main,False,False,False,60,60,80605974.0,55,78425974.0,5,Counter-Strike: Global Offensive,True,806059.74,784259.74,1869794288,3.155584514225449
4,VALORANT,4,2022,113078506,3705997,984205,8081,415290,157271,5154,30.51,15005,2022-04-01,Twitch,game_month,VALORANT,VALORANT,C:\Users\dthin\Downloads\Twitch_game_data.csv,usable,Valorant,main,False,False,False,17,17,82099957.0,14,12630207.0,3,VALORANT,True,820999.57,126302.07,1869794288,6.0476442101528125
2,League of Legends,4,2022,129717062,2521545,1051564,5044,239721,180413,3507,51.44,15003,2022-04-01,Twitch,game_month,League of Legends,League of Legends,C:\Users\dthin\Downloads\Twitch_game_data.csv,usable,League of Legends,main,False,False,False,3,3,17454850.0,2,1894000.0,1,League of Legends,True,174548.5,18940.0,1869794288,6.937504453431083
2,League of Legends,5,2022,159489005,2534691,1385974,5157,237227,214655,3411,62.92,15203,2022-05-01,Twitch,game_month,League of Legends,League of Legends,C:\Users\dthin\Downloads\Twitch_game_data.csv,usable,League of Legends,main,False,False,False,14,14,46778932.0,13,42778932.0,1,League of Legends,True,467789.32,427789.32,1894075075,8.420416228749538
4,VALORANT,5,2022,100270805,3769245,330830,7251,414170,134953,5073,26.6,15205,2022-05-01,Twitch,game_month,VALORANT,VALORANT,C:\Users\dthin\Downloads\Twitch_game_data.csv,usable,Valorant,main,False,False,False,31,31,95902539.0,27,80027325.0,4,VALORANT,True,959025.39,800273.25,1894075075,5.293919249742516
5,Counter-Strike: Global Offensive,5,2022,93930915,845157,1687805,2202,121653,126421,1137,111.14,15206,2022-05-01,Twitch,game_month,Counter-Strike: Global Offensive,Counter-Strike: Global Offensive,C:\Users\dthin\Downloads\Twitch_game_data.csv,usable,Counter-Strike,main,False,False,True,45,45,164682649.0,44,163782649.0,1,Counter-Strike: Global Offensive,True,1646826.49,1637826.49,1894075075,4.95919703710794
8,Dota 2,5,2022,48939002,586231,449377,1361,44246,65866,789,83.48,15209,2022-05-01,Twitch,game_month,Dota 2,Dota 2,C:\Users\dthin\Downloads\Twitch_game_data.csv,usable,Dota 2,main,False,False,False,6,6,70697000.0,6,70697000.0,0,Dota 2,True,706970.0,706970.0,1894075075,2.5837942036167707
2,League of Legends,6,2022,118681394,2233256,487688,4476,222695,165064,3106,53.14,15403,2022-06-01,Twitch,game_month,League of Legends,League of Legends,C:\Users\dthin\Downloads\Twitch_game_data.csv,usable,League of Legends,main,False,False,False,18,18,180915204.0,15,142454756.0,3,League of Legends,True,1809152.04,1424547.56,1834839558,6.468216443369268
4,VALORANT,6,2022,101762186,3678688,384579,8172,413509,141532,5116,27.66,15405,2022-06-01,Twitch,game_month,VALORANT,VALORANT,C:\Users\dthin\Downloads\Twitch_game_data.csv,usable,Valorant,main,False,False,False,14,14,25793301.0,14,25793301.0,0,VALORANT,True,257933.01,257933.01,1834839558,5.5461081355212425
5,Counter-Strike: Global Offensive,6,2022,56442633,840093,534107,2173,125497,78501,1168,67.19,15406,2022-06-01,Twitch,game_month,Counter-Strike: Global Offensive,Counter-Strike: Global Offensive,C:\Users\dthin\Downloads\Twitch_game_data.csv,usable,Counter-Strike,main,False,False,False,46,46,188612894.0,42,184149077.0,4,Counter-Strike: Global Offensive,True,1886128.94,1841490.77,1834839558,3.0761617686901865
9,Dota 2,6,2022,40045116,590825,167501,1430,45672,55695,821,67.78,15410,2022-06-01,Twitch,game_month,Dota 2,Dota 2,C:\Users\dthin\Downloads\Twitch_game_data.csv,usable,Dota 2,main,False,False,False,15,15,175395000.0,14,154895000.0,1,Dota 2,True,1753950.0,1548950.0,1834839558,2.1824859740679297
9,Dota 2,7,2022,45268112,618363,337927,1428,47049,60926,832,73.21,15610,2022-07-01,Twitch,game_month,Dota 2,Dota 2,C:\Users\dthin\Downloads\Twitch_game_data.csv,usable,Dota 2,main,False,False,False,11,11,439772177.0,10,19772177.0,1,Dota 2,True,4397721.77,197721.77,1897296092,2.3859276467639505
7,Counter-Strike: Global Offensive,7,2022,51096287,848961,1153750,2055,130195,68770,1142,60.19,15608,2022-07-01,Twitch,game_month,Counter-Strike: Global Offensive,Counter-Strike: Global Offensive,C:\Users\dthin\Downloads\Twitch_game_data.csv,usable,Counter-Strike,main,False,False,True,36,36,156873549.0,32,154572559.0,4,Counter-Strike: Global Offensive,True,1568735.49,1545725.59,1897296092,2.6931108547289413
3,VALORANT,7,2022,120711351,4141409,691026,7631,450134,162464,5573,29.15,15604,2022-07-01,Twitch,game_month,VALORANT,VALORANT,C:\Users\dthin\Downloads\Twitch_game_data.csv,usable,Valorant,main,False,False,False,20,20,99606467.0,18,97338767.0,2,VALORANT,True,996064.67,973387.67,1897296092,6.362283225532517
2,League of Legends,7,2022,121287274,2287292,546382,4541,229473,163239,3078,53.03,15603,2022-07-01,Twitch,game_month,League of Legends,League of Legends,C:\Users\dthin\Downloads\Twitch_game_data.csv,usable,League of Legends,main,False,False,False,6,6,18572011.0,4,6572011.0,2,League of Legends,True,185720.11,65720.11,1897296092,6.392638160770534
2,League of Legends,8,2022,133284504,2224676,854400,7219,222853,179386,2994,59.91,15803,2022-08-01,Twitch,game_month,League of Legends,League of Legends,C:\Users\dthin\Downloads\Twitch_game_data.csv,usable,League of Legends,main,False,False,False,8,8,34409198.0,8,34409198.0,0,League of Legends,True,344091.98,344091.98,1953185175,6.823956361434087
4,VALORANT,8,2022,111366969,4224034,721411,13550,451029,149888,5685,26.37,15805,2022-08-01,Twitch,game_month,VALORANT,VALORANT,C:\Users\dthin\Downloads\Twitch_game_data.csv,usable,Valorant,main,False,False,False,13,13,118733196.0,12,117854696.0,1,VALORANT,True,1187331.96,1178546.96,1953185175,5.701813142217813
7,Dota 2,8,2022,56810142,651161,666026,1514,49178,76460,876,87.24,15808,2022-08-01,Twitch,game_month,Dota 2,Dota 2,C:\Users\dthin\Downloads\Twitch_game_data.csv,usable,Dota 2,main,False,False,True,9,9,116407000.0,9,116407000.0,0,Dota 2,True,1164070.0,1164070.0,1953185175,2.9085896579160755
10,Counter-Strike: Global Offensive,8,2022,42556325,876860,313850,2220,133460,57276,1180,48.53,15811,2022-08-01,Twitch,game_month,Counter-Strike: Global Offensive,Counter-Strike: Global Offensive,C:\Users\dthin\Downloads\Twitch_game_data.csv,usable,Counter-Strike,main,False,False,False,38,38,151452562.0,34,62128917.0,4,Counter-Strike: Global Offensive,True,1514525.62,621289.17,1953185175,2.1788167115286443
2,VALORANT,9,2022,127153372,3949200,1197406,7885,424130,176847,5492,32.2,16003,2022-09-01,Twitch,game_month,VALORANT,VALORANT,C:\Users\dthin\Downloads\Twitch_game_data.csv,usable,Valorant,main,False,False,False,14,14,10912856.0,14,10912856.0,0,VALORANT,True,109128.56,109128.56,1817119612,6.997523506999605
3,League of Legends,9,2022,114539360,2152783,1026764,4447,214447,159303,2994,53.21,16004,2022-09-01,Twitch,game_month,League of Legends,League of Legends,C:\Users\dthin\Downloads\Twitch_game_data.csv,usable,League of Legends,main,False,False,False,3,3,230000000.0,3,230000000.0,0,League of Legends,True,2300000.0,2300000.0,1817119612,6.303347299957489
6,Counter-Strike: Global Offensive,9,2022,58486237,797252,454739,2128,119721,81343,1108,73.36,16007,2022-09-01,Twitch,game_month,Counter-Strike: Global Offensive,Counter-Strike: Global Offensive,C:\Users\dthin\Downloads\Twitch_game_data.csv,usable,Counter-Strike,main,False,False,False,51,51,66097198.0,41,63836527.0,11,Counter-Strike: Global Offensive,True,660971.98,638365.27,1817119612,3.2186233979186176
7,Dota 2,9,2022,47549018,680665,290187,1838,48411,66132,946,69.86,16008,2022-09-01,Twitch,game_month,Dota 2,Dota 2,C:\Users\dthin\Downloads\Twitch_game_data.csv,usable,Dota 2,main,False,False,False,7,7,18634996.0,7,18634996.0,0,Dota 2,True,186349.96,186349.96,1817119612,2.61672471564299
8,Counter-Strike: Global Offensive,10,2022,56602588,762067,681874,1993,110356,76181,1025,74.28,16209,2022-10-01,Twitch,game_month,Counter-Strike: Global Offensive,Counter-Strike: Global Offensive,C:\Users\dthin\Downloads\Twitch_game_data.csv,usable,Counter-Strike,main,False,False,False,60,60,244061847.0,57,241330346.0,3,Counter-Strike: Global Offensive,True,2440618.47,2413303.46,1883320673,3.0054673540983323
6,VALORANT,10,2022,70045411,3399059,283710,7662,377910,94273,4574,20.61,16207,2022-10-01,Twitch,game_month,VALORANT,VALORANT,C:\Users\dthin\Downloads\Twitch_game_data.csv,usable,Valorant,main,False,False,False,23,23,33943997.0,22,31293447.0,1,VALORANT,True,339439.97,312934.47,1883320673,3.719250364751877
2,League of Legends,10,2022,159646745,2036314,1594928,4506,204092,214867,2740,78.4,16203,2022-10-01,Twitch,game_month,League of Legends,League of Legends,C:\Users\dthin\Downloads\Twitch_game_data.csv,usable,League of Legends,main,False,False,True,5,5,14502620.0,5,14502620.0,0,League of Legends,True,145026.2,145026.2,1883320673,8.47687530269042
5,Dota 2,10,2022,83032166,656224,1037857,1845,50170,111752,883,126.53,16206,2022-10-01,Twitch,game_month,Dota 2,Dota 2,C:\Users\dthin\Downloads\Twitch_game_data.csv,usable,Dota 2,main,True,True,True,4,4,1899025600.0,4,1899025600.0,0,Dota 2,True,18990256.0,18990256.0,1883320673,4.408817212617089
3,League of Legends,11,2022,92645258,1851622,3145012,4184,195040,128852,2575,50.03,16404,2022-11-01,Twitch,game_month,League of Legends,League of Legends,C:\Users\dthin\Downloads\Twitch_game_data.csv,usable,League of Legends,main,False,False,True,8,8,14114155.0,7,13397155.0,1,League of Legends,True,141141.55,133971.55,1694262814,5.468175139916634
4,Counter-Strike: Global Offensive,11,2022,86942107,666047,1313814,1983,106614,120920,926,130.53,16405,2022-11-01,Twitch,game_month,Counter-Strike: Global Offensive,Counter-Strike: Global Offensive,C:\Users\dthin\Downloads\Twitch_game_data.csv,usable,Counter-Strike,main,False,False,True,35,35,136075115.0,31,125825014.0,4,Counter-Strike: Global Offensive,True,1360751.15,1258250.14,1694262814,5.131559654239097
5,VALORANT,11,2022,67635264,2812647,285380,6277,322363,94068,3911,24.05,16406,2022-11-01,Twitch,game_month,VALORANT,VALORANT,C:\Users\dthin\Downloads\Twitch_game_data.csv,usable,Valorant,main,False,False,False,22,22,85503187.0,21,83253187.0,1,VALORANT,True,855031.87,832531.87,1694262814,3.992017262086944
16,Dota 2,11,2022,26828596,646136,79965,1847,51053,37313,898,41.52,16417,2022-11-01,Twitch,game_month,Dota 2,Dota 2,C:\Users\dthin\Downloads\Twitch_game_data.csv,usable,Dota 2,main,False,False,False,7,7,31000000.0,7,31000000.0,0,Dota 2,True,310000.0,310000.0,1694262814,1.5834967148136911
4,League of Legends,12,2022,69883580,1725112,232769,5404,189348,94055,2321,40.51,16605,2022-12-01,Twitch,game_month,League of Legends,League of Legends,C:\Users\dthin\Downloads\Twitch_game_data.csv,usable,League of Legends,main,False,False,False,4,4,20092272.0,4,20092272.0,0,League of Legends,True,200922.72,200922.72,1674092138,4.17441659355072
5,VALORANT,12,2022,63821561,2771997,239228,8050,324189,85897,3730,23.02,16606,2022-12-01,Twitch,game_month,VALORANT,VALORANT,C:\Users\dthin\Downloads\Twitch_game_data.csv,usable,Valorant,main,False,False,False,18,18,28058466.0,16,25364867.0,2,VALORANT,True,280584.66,253648.67,1674092138,3.812308746413813
12,Counter-Strike: Global Offensive,12,2022,31315331,682014,280430,2323,105795,42147,917,45.92,16613,2022-12-01,Twitch,game_month,Counter-Strike: Global Offensive,Counter-Strike: Global Offensive,C:\Users\dthin\Downloads\Twitch_game_data.csv,usable,Counter-Strike,main,False,False,False,44,44,166743772.0,41,164493590.0,3,Counter-Strike: Global Offensive,True,1667437.72,1644935.9,1674092138,1.8705858709432632
13,Dota 2,12,2022,30478967,585331,146152,1550,47284,41021,787,52.07,16614,2022-12-01,Twitch,game_month,Dota 2,Dota 2,C:\Users\dthin\Downloads\Twitch_game_data.csv,usable,Dota 2,main,False,False,False,8,8,28724500.0,8,28724500.0,0,Dota 2,True,287245.0,287245.0,1674092138,1.8206266135633689
10,Counter-Strike: Global Offensive,1,2023,39153067,836436,325890,2315,126395,52695,1125,46.81,16811,2023-01-01,Twitch,game_month,Counter-Strike: Global Offensive,Counter-Strike: Global Offensive,C:\Users\dthin\Downloads\Twitch_game_data.csv,usable,Counter-Strike,main,False,False,False,43,43,79491672.0,41,77191672.0,2,Counter-Strike: Global Offensive,True,794916.72,771916.72,1866962462,2.0971534134680425
7,Dota 2,1,2023,43317513,628986,238148,1544,51212,58300,846,68.87,16808,2023-01-01,Twitch,game_month,Dota 2,Dota 2,C:\Users\dthin\Downloads\Twitch_game_data.csv,usable,Dota 2,main,False,False,False,16,16,159225000.0,15,157250000.0,2,Dota 2,True,1592250.0,1572500.0,1866962462,2.320213388414662
2,League of Legends,1,2023,126494155,2363972,640837,6356,231482,170247,3181,53.51,16803,2023-01-01,Twitch,game_month,League of Legends,League of Legends,C:\Users\dthin\Downloads\Twitch_game_data.csv,usable,League of Legends,main,False,False,False,25,25,182359882.0,23,146227102.0,2,League of Legends,True,1823598.82,1462271.02,1866962462,6.775398947469571
5,VALORANT,1,2023,80943179,3753614,533382,8784,400204,108941,5051,21.56,16806,2023-01-01,Twitch,game_month,VALORANT,VALORANT,C:\Users\dthin\Downloads\Twitch_game_data.csv,usable,Valorant,main,False,False,False,29,29,56445635.0,28,50693135.0,1,VALORANT,True,564456.35,506931.35,1866962462,4.335554712401068
2,League of Legends,2,2023,112897378,2009279,621379,5544,206265,168252,2994,56.19,17003,2023-02-01,Twitch,game_month,League of Legends,League of Legends,C:\Users\dthin\Downloads\Twitch_game_data.csv,usable,League of Legends,main,False,False,False,10,10,18946019.0,9,18129019.0,1,League of Legends,True,189460.19,181290.19,1712025798,6.594373643895289
4,VALORANT,2,2023,90542265,3198413,726751,9350,362540,134936,4766,28.31,17005,2023-02-01,Twitch,game_month,VALORANT,VALORANT,C:\Users\dthin\Downloads\Twitch_game_data.csv,usable,Valorant,main,False,False,False,13,13,62357500.0,13,62357500.0,0,VALORANT,True,623575.0,623575.0,1712025798,5.288604009692616
6,Counter-Strike: Global Offensive,2,2023,54680222,810501,586084,2348,119258,81490,1207,67.46,17007,2023-02-01,Twitch,game_month,Counter-Strike: Global Offensive,Counter-Strike: Global Offensive,C:\Users\dthin\Downloads\Twitch_game_data.csv,usable,Counter-Strike,main,False,False,False,28,28,260378909.0,24,256259881.0,4,Counter-Strike: Global Offensive,True,2603789.09,2562598.81,1712025798,3.193890072443873
10,Dota 2,2,2023,37686338,561063,322405,1998,47509,56164,836,67.17,17011,2023-02-01,Twitch,game_month,Dota 2,Dota 2,C:\Users\dthin\Downloads\Twitch_game_data.csv,usable,Dota 2,main,False,False,False,13,13,99392414.0,11,96377414.0,2,Dota 2,True,993924.14,963774.14,1712025798,2.2012716189221817
2,League of Legends,3,2023,123088070,2204299,565937,4736,214209,165663,2966,55.84,17203,2023-03-01,Twitch,game_month,League of Legends,League of Legends,C:\Users\dthin\Downloads\Twitch_game_data.csv,usable,League of Legends,main,False,False,False,5,5,12183418.0,5,12183418.0,0,League of Legends,True,121834.18,121834.18,1790507560,6.874479211916872
4,VALORANT,3,2023,96913750,3845475,1196352,7612,405553,130435,5175,25.2,17205,2023-03-01,Twitch,game_month,VALORANT,VALORANT,C:\Users\dthin\Downloads\Twitch_game_data.csv,usable,Valorant,main,False,False,False,28,28,87721585.0,26,83037385.0,2,VALORANT,True,877215.85,830373.85,1790507560,5.412641206608477
5,Counter-Strike: Global Offensive,3,2023,65844705,1005456,889692,3035,156919,88620,1353,65.49,17206,2023-03-01,Twitch,game_month,Counter-Strike: Global Offensive,Counter-Strike: Global Offensive,C:\Users\dthin\Downloads\Twitch_game_data.csv,usable,Counter-Strike,main,False,False,False,43,43,65148928.0,40,62348928.0,3,Counter-Strike 2 | Counter-Strike: Global Offensive,True,651489.28,623489.28,1790507560,3.677432392410563
7,Dota 2,3,2023,49367928,646613,400531,1711,52513,66444,870,76.35,17208,2023-03-01,Twitch,game_month,Dota 2,Dota 2,C:\Users\dthin\Downloads\Twitch_game_data.csv,usable,Dota 2,main,False,False,False,12,12,130365618.0,11,125365618.0,3,Dota 2,True,1303656.18,1253656.18,1790507560,2.7572029910892977
7,Dota 2,4,2023,51887271,667406,264011,1889,50435,72165,928,77.74,17408,2023-04-01,Twitch,game_month,Dota 2,Dota 2,C:\Users\dthin\Downloads\Twitch_game_data.csv,usable,Dota 2,main,False,False,False,14,14,203579548.0,14,203579548.0,0,Dota 2,True,2035795.48,2035795.48,1757687683,2.9520188086793344
5,Counter-Strike: Global Offensive,4,2023,81024311,1152844,579417,3097,173372,112690,1603,70.28,17406,2023-04-01,Twitch,game_month,Counter-Strike: Global Offensive,Counter-Strike: Global Offensive,C:\Users\dthin\Downloads\Twitch_game_data.csv,usable,Counter-Strike,main,False,False,False,49,49,226728365.0,41,211185846.0,8,Counter-Strike 2 | Counter-Strike: Global Offensive,True,2267283.65,2111858.46,1757687683,4.609710347500911
4,VALORANT,4,2023,100735394,3716337,450092,9021,393502,140104,5168,27.11,17405,2023-04-01,Twitch,game_month,VALORANT,VALORANT,C:\Users\dthin\Downloads\Twitch_game_data.csv,usable,Valorant,main,False,False,False,30,30,97141108.0,29,91399108.0,1,VALORANT,True,971411.08,913991.08,1757687683,5.731131586930509
3,League of Legends,4,2023,107070100,2213492,590729,4453,207129,148915,3078,48.37,17404,2023-04-01,Twitch,game_month,League of Legends,League of Legends,C:\Users\dthin\Downloads\Twitch_game_data.csv,usable,League of Legends,main,False,False,False,5,5,19619447.0,3,1455200.0,2,League of Legends,True,196194.47,14552.0,1757687683,6.091531563631034
2,League of Legends,5,2023,125468867,2189984,941712,5141,198215,168867,2947,57.29,17603,2023-05-01,Twitch,game_month,League of Legends,League of Legends,C:\Users\dthin\Downloads\Twitch_game_data.csv,usable,League of Legends,main,False,False,False,11,11,116948188.0,11,116948188.0,0,League of Legends,True,1169481.88,1169481.88,1812569062,6.922156492153567
3,VALORANT,5,2023,104898983,3609952,463978,9163,374578,141183,4858,29.06,17604,2023-05-01,Twitch,game_month,VALORANT,VALORANT,C:\Users\dthin\Downloads\Twitch_game_data.csv,usable,Valorant,main,False,False,False,11,11,20075877.0,10,9675877.0,1,VALORANT,True,200758.77,96758.77,1812569062,5.78730958169692
5,Counter-Strike: Global Offensive,5,2023,87965792,1087921,1117445,2829,151201,118392,1464,80.86,17606,2023-05-01,Twitch,game_month,Counter-Strike: Global Offensive,Counter-Strike: Global Offensive,C:\Users\dthin\Downloads\Twitch_game_data.csv,usable,Counter-Strike,main,False,False,True,37,37,220977718.0,34,218099718.0,3,Counter-Strike: Global Offensive,True,2209777.18,2180997.18,1812569062,4.853100157350032
8,Dota 2,5,2023,50252490,681565,381725,2133,49927,67634,917,73.73,17609,2023-05-01,Twitch,game_month,Dota 2,Dota 2,C:\Users\dthin\Downloads\Twitch_game_data.csv,usable,Dota 2,main,False,False,False,15,15,139566482.0,15,139566482.0,1,Dota 2,True,1395664.82,1395664.82,1812569062,2.7724455334436247
3,League of Legends,6,2023,95391662,1929571,433090,3855,189678,132672,2683,49.44,17804,2023-06-01,Twitch,game_month,League of Legends,League of Legends,C:\Users\dthin\Downloads\Twitch_game_data.csv,usable,League of Legends,main,False,False,False,24,24,128992553.0,21,88238293.0,3,League of Legends,True,1289925.53,882382.93,1755716157,5.43320522623635
4,VALORANT,6,2023,93874896,3353002,606364,7682,361787,130563,4663,28.0,17805,2023-06-01,Twitch,game_month,VALORANT,VALORANT,C:\Users\dthin\Downloads\Twitch_game_data.csv,usable,Valorant,main,False,False,False,15,15,142693628.0,15,142693628.0,0,VALORANT,True,1426936.28,1426936.28,1755716157,5.346815066075627
6,Counter-Strike,6,2023,44628452,970168,450763,2505,138439,62070,1349,46.0,17807,2023-06-01,Twitch,game_month,Counter-Strike,Counter-Strike,C:\Users\dthin\Downloads\Twitch_game_data.csv,usable,Counter-Strike,main,False,False,False,33,33,112054606.0,31,109754606.0,2,Counter-Strike: Global Offensive,True,1120546.06,1097546.06,1755716157,2.541894475486108
7,Dota 2,6,2023,43510932,638145,235862,1620,49776,60515,887,68.18,17808,2023-06-01,Twitch,game_month,Dota 2,Dota 2,C:\Users\dthin\Downloads\Twitch_game_data.csv,usable,Dota 2,main,False,False,False,14,14,201495618.0,13,200495618.0,2,Dota 2,True,2014956.18,2004956.18,1755716157,2.478244095808022
5,Counter-Strike,7,2023,60158134,1008002,420347,2383,139029,80966,1356,59.68,18006,2023-07-01,Twitch,game_month,Counter-Strike,Counter-Strike,C:\Users\dthin\Downloads\Twitch_game_data.csv,usable,Counter-Strike,main,False,False,False,32,32,181197717.0,30,178897717.0,2,Counter-Strike 2 | Counter-Strike: Global Offensive,True,1811977.17,1788977.17,1826259969,3.294061909101617
6,Dota 2,7,2023,56612129,690083,491483,1678,52343,76193,928,82.04,18007,2023-07-01,Twitch,game_month,Dota 2,Dota 2,C:\Users\dthin\Downloads\Twitch_game_data.csv,usable,Dota 2,main,False,False,False,10,10,1527537536.0,9,15537536.0,1,Dota 2,True,15275375.36,155375.36,1826259969,3.0998943174009854
4,VALORANT,7,2023,90686069,3787688,372293,7223,389998,122053,5097,23.94,18005,2023-07-01,Twitch,game_month,VALORANT,VALORANT,C:\Users\dthin\Downloads\Twitch_game_data.csv,usable,Valorant,main,False,False,False,14,14,16287161.0,14,16287161.0,0,VALORANT,True,162871.61,162871.61,1826259969,4.965671401627268
3,League of Legends,7,2023,109733623,2143284,451932,5149,201992,147689,2884,51.2,18004,2023-07-01,Twitch,game_month,League of Legends,League of Legends,C:\Users\dthin\Downloads\Twitch_game_data.csv,usable,League of Legends,main,False,False,False,4,4,5453303.0,4,5453303.0,0,League of Legends,True,54533.03,54533.03,1826259969,6.008652922512808
3,VALORANT,8,2023,102551472,3600607,1020303,7090,371931,138023,4846,28.48,18204,2023-08-01,Twitch,game_month,VALORANT,VALORANT,C:\Users\dthin\Downloads\Twitch_game_data.csv,usable,Valorant,main,False,False,False,13,13,234156531.0,12,233611090.0,1,VALORANT,True,2341565.31,2336110.9,1787298991,5.737790516102854
4,League of Legends,8,2023,94213289,2114952,468659,4051,195382,126801,2846,44.55,18205,2023-08-01,Twitch,game_month,League of Legends,League of Legends,C:\Users\dthin\Downloads\Twitch_game_data.csv,usable,League of Legends,main,False,False,False,5,5,34777078.0,4,18573028.0,1,League of Legends,True,347770.78,185730.28,1787298991,5.271266278021416
5,Counter-Strike,8,2023,62909824,973683,579113,2401,141246,84670,1310,64.61,18206,2023-08-01,Twitch,game_month,Counter-Strike,Counter-Strike,C:\Users\dthin\Downloads\Twitch_game_data.csv,usable,Counter-Strike,main,False,False,False,45,45,318967935.0,38,309867935.0,7,Counter-Strike 2 | Counter-Strike: Global Offensive,True,3189679.35,3098679.35,1787298991,3.5198265268869053
10,Dota 2,8,2023,36716464,801058,199817,2049,59771,49416,1078,45.83,18211,2023-08-01,Twitch,game_month,Dota 2,Dota 2,C:\Users\dthin\Downloads\Twitch_game_data.csv,usable,Dota 2,main,False,False,False,6,6,14215671.0,6,14215671.0,0,Dota 2,True,142156.71,142156.71,1787298991,2.0542989273136114
3,League of Legends,9,2023,84406260,2052210,632419,4231,187818,117393,2854,41.13,18404,2023-09-01,Twitch,game_month,League of Legends,League of Legends,C:\Users\dthin\Downloads\Twitch_game_data.csv,usable,League of Legends,main,False,False,False,8,8,6427329.0,8,6427329.0,0,League of Legends,True,64273.29,64273.29,1690480123,4.993034750991863
4,VALORANT,9,2023,62045633,3146649,176516,6350,327869,86294,4376,19.72,18405,2023-09-01,Twitch,game_month,VALORANT,VALORANT,C:\Users\dthin\Downloads\Twitch_game_data.csv,usable,Valorant,main,False,False,False,23,23,27005991.0,21,23414429.0,2,VALORANT,True,270059.91,234144.29,1690480123,3.670296512560651
5,Counter-Strike,9,2023,44994327,703271,509583,4016,147814,62579,978,63.98,18406,2023-09-01,Twitch,game_month,Counter-Strike,Counter-Strike,C:\Users\dthin\Downloads\Twitch_game_data.csv,usable,Counter-Strike,main,False,False,False,47,47,71204464.0,47,71204464.0,0,Counter-Strike 2 | Counter-Strike: Global Offensive,True,712044.64,712044.64,1690480123,2.6616300533691635
7,Dota 2,9,2023,39422264,738602,285964,1995,55189,54829,1027,53.37,18408,2023-09-01,Twitch,game_month,Dota 2,Dota 2,C:\Users\dthin\Downloads\Twitch_game_data.csv,usable,Dota 2,main,False,False,False,8,8,137100000.0,7,137000000.0,1,Dota 2,True,1371000.0,1370000.0,1690480123,2.332015825778509
6,VALORANT,10,2023,52384777,2691000,207437,5088,288845,70504,3621,19.47,18607,2023-10-01,Twitch,game_month,VALORANT,VALORANT,C:\Users\dthin\Downloads\Twitch_game_data.csv,usable,Valorant,main,False,False,False,34,34,45441054.0,31,43293717.0,3,VALORANT,True,454410.54,432937.17,1820182820,2.877995354334792
5,Counter-Strike,10,2023,64312173,1328993,556730,3811,197316,86557,1788,48.39,18606,2023-10-01,Twitch,game_month,Counter-Strike,Counter-Strike,C:\Users\dthin\Downloads\Twitch_game_data.csv,usable,Counter-Strike,main,False,False,False,74,74,183531542.0,72,179728992.0,2,Counter-Strike 2 | Counter-Strike: Global Offensive,True,1835315.42,1797289.92,1820182820,3.533280959107173
2,League of Legends,10,2023,128782068,2147326,1000001,4433,191168,173327,2890,59.97,18603,2023-10-01,Twitch,game_month,League of Legends,League of Legends,C:\Users\dthin\Downloads\Twitch_game_data.csv,usable,League of Legends,main,False,False,False,11,11,237542788.0,11,237542788.0,0,League of Legends,True,2375427.88,2375427.88,1820182820,7.075227091748948
4,Dota 2,10,2023,73160383,754966,1105363,1946,55726,98466,1016,96.91,18605,2023-10-01,Twitch,game_month,Dota 2,Dota 2,C:\Users\dthin\Downloads\Twitch_game_data.csv,usable,Dota 2,main,True,True,True,5,5,343181890.0,5,343181890.0,0,Dota 2,True,3431818.9,3431818.9,1820182820,4.019397513047618
2,League of Legends,11,2023,120768657,2134955,2597522,4403,196176,167967,2969,56.57,18803,2023-11-01,Twitch,game_month,League of Legends,League of Legends,C:\Users\dthin\Downloads\Twitch_game_data.csv,usable,League of Legends,main,False,False,True,4,4,7643140.0,4,7643140.0,0,League of Legends,True,76431.4,76431.4,1774153594,6.807113961746427
6,VALORANT,11,2023,64084810,2668606,239372,5422,280022,89130,3711,24.01,18807,2023-11-01,Twitch,game_month,VALORANT,VALORANT,C:\Users\dthin\Downloads\Twitch_game_data.csv,usable,Valorant,main,False,False,False,10,10,68523061.0,9,64323571.0,1,VALORANT,True,685230.61,643235.71,1774153594,3.612134271617072
8,Counter-Strike,11,2023,43726023,915397,380087,2482,133716,60815,1273,47.77,18809,2023-11-01,Twitch,game_month,Counter-Strike,Counter-Strike,C:\Users\dthin\Downloads\Twitch_game_data.csv,usable,Counter-Strike,main,False,False,False,56,56,217785313.0,54,214915213.0,2,Counter-Strike 2,True,2177853.13,2149152.13,1774153594,2.4646131624610623
11,Dota 2,11,2023,33723081,794286,135782,2125,59455,46902,1104,42.46,18812,2023-11-01,Twitch,game_month,Dota 2,Dota 2,C:\Users\dthin\Downloads\Twitch_game_data.csv,usable,Dota 2,main,False,False,False,8,8,19785000.0,8,19785000.0,0,Dota 2,True,197850.0,197850.0,1774153594,1.9007982800388812
4,League of Legends,12,2023,94407684,2117961,474549,4185,198073,127062,2850,44.57,19005,2023-12-01,Twitch,game_month,League of Legends,League of Legends,C:\Users\dthin\Downloads\Twitch_game_data.csv,usable,League of Legends,main,False,False,False,5,5,8796088.0,4,8026088.0,1,League of Legends,True,87960.88,80260.88,1842694333,5.123350211117191
6,VALORANT,12,2023,48540486,2605626,269737,5126,285186,65330,3506,18.63,19007,2023-12-01,Twitch,game_month,VALORANT,VALORANT,C:\Users\dthin\Downloads\Twitch_game_data.csv,usable,Valorant,main,False,False,False,11,11,32278396.0,10,25548796.0,1,VALORANT,True,322783.96,255487.96,1842694333,2.6342125837535746
9,Counter-Strike,12,2023,36856925,826665,295211,2384,118676,49605,1112,44.59,19010,2023-12-01,Twitch,game_month,Counter-Strike,Counter-Strike,C:\Users\dthin\Downloads\Twitch_game_data.csv,usable,Counter-Strike,main,False,False,False,35,35,174284678.0,35,174284678.0,0,Counter-Strike 2,True,1742846.78,1742846.78,1842694333,2.000164885729857
10,Dota 2,12,2023,35182601,772904,249102,1973,58699,47352,1040,45.52,19011,2023-12-01,Twitch,game_month,Dota 2,Dota 2,C:\Users\dthin\Downloads\Twitch_game_data.csv,usable,Dota 2,main,False,False,False,6,6,107942774.0,6,107942774.0,0,Dota 2,True,1079427.74,1079427.74,1842694333,1.90930206762621
10,Dota 2,1,2024,43258831,910263,190051,2380,68280,58221,1225,47.52,19211,2024-01-01,Twitch,game_month,Dota 2,Dota 2,C:\Users\dthin\Downloads\Twitch_game_data.csv,usable,Dota 2,main,False,False,False,4,4,13290000.0,4,13290000.0,0,Dota 2,True,132900.0,132900.0,1963416265,2.203242978635506
8,Counter-Strike,1,2024,51869838,940786,301259,2538,134995,69811,1266,55.13,19209,2024-01-01,Twitch,game_month,Counter-Strike,Counter-Strike,C:\Users\dthin\Downloads\Twitch_game_data.csv,usable,Counter-Strike,main,False,False,False,36,36,147284547.0,33,144261547.0,3,Counter-Strike 2,True,1472845.47,1442615.47,1963416265,2.641815641676983
3,League of Legends,1,2024,143008800,2508016,782121,6395,224380,192474,3375,57.02,19204,2024-01-01,Twitch,game_month,League of Legends,League of Legends,C:\Users\dthin\Downloads\Twitch_game_data.csv,usable,League of Legends,main,False,False,False,24,24,171107756.0,22,136505340.0,2,League of Legends,True,1711077.56,1365053.4,1963416265,7.283671962450611
7,VALORANT,1,2024,59453011,3381408,182952,7060,342692,80017,4551,17.58,19208,2024-01-01,Twitch,game_month,VALORANT,VALORANT,C:\Users\dthin\Downloads\Twitch_game_data.csv,usable,Valorant,main,False,False,False,13,13,33570452.0,12,22570452.0,1,VALORANT,True,335704.52,225704.52,1963416265,3.028039038884095
3,League of Legends,2,2024,127453804,2181065,892673,6477,200172,183386,3138,58.44,19404,2024-02-01,Twitch,game_month,League of Legends,League of Legends,C:\Users\dthin\Downloads\Twitch_game_data.csv,usable,League of Legends,main,False,False,False,4,4,2960796.0,4,2960796.0,0,League of Legends,True,29607.96,29607.96,1796961662,7.092739188333335
4,VALORANT,2,2024,90161309,3122877,520981,8062,322750,129728,4493,28.87,19405,2024-02-01,Twitch,game_month,VALORANT,VALORANT,C:\Users\dthin\Downloads\Twitch_game_data.csv,usable,Valorant,main,False,False,False,16,16,44359319.0,13,35259319.0,3,VALORANT,True,443593.19,352593.19,1796961662,5.017430861582844
6,Counter-Strike,2,2024,65663958,955579,735109,2772,137248,94480,1374,68.72,19407,2024-02-01,Twitch,game_month,Counter-Strike,Counter-Strike,C:\Users\dthin\Downloads\Twitch_game_data.csv,usable,Counter-Strike,main,False,False,False,29,29,60097929.0,28,59097929.0,1,Counter-Strike 2,True,600979.29,590979.29,1796961662,3.654165772625148
7,Dota 2,2,2024,44810945,832398,321497,2376,64932,64476,1197,53.83,19408,2024-02-01,Twitch,game_month,Dota 2,Dota 2,C:\Users\dthin\Downloads\Twitch_game_data.csv,usable,Dota 2,main,False,False,False,7,7,321483860.0,5,310000000.0,2,Dota 2,True,3214838.6,3100000.0,1796961662,2.493706234674249
3,League of Legends,3,2024,113501154,1900520,960116,10243,178742,152760,2557,59.72,19604,2024-03-01,Twitch,game_month,League of Legends,League of Legends,C:\Users\dthin\Downloads\Twitch_game_data.csv,usable,League of Legends,main,False,False,False,4,4,11230186.0,4,11230186.0,0,League of Legends,True,112301.86,112301.86,1826637959,6.213664477997416
4,VALORANT,3,2024,100193070,3372286,1269520,15066,345290,134849,4538,29.71,19605,2024-03-01,Twitch,game_month,VALORANT,VALORANT,C:\Users\dthin\Downloads\Twitch_game_data.csv,usable,Valorant,main,False,False,False,9,9,60110604.0,8,58808868.0,1,VALORANT,True,601106.04,588088.68,1826637959,5.485108283573122
5,Counter-Strike,3,2024,90657075,979017,1548040,6052,143064,122014,1317,92.6,19606,2024-03-01,Twitch,game_month,Counter-Strike,Counter-Strike,C:\Users\dthin\Downloads\Twitch_game_data.csv,usable,Counter-Strike,main,False,False,True,34,34,166652125.0,32,160652125.0,2,Counter-Strike 2,True,1666521.25,1606521.25,1826637959,4.963056557175159
7,Dota 2,3,2024,47797282,848840,1136814,4584,65345,64330,1142,56.31,19608,2024-03-01,Twitch,game_month,Dota 2,Dota 2,C:\Users\dthin\Downloads\Twitch_game_data.csv,usable,Dota 2,main,False,False,True,15,15,131599800.0,15,131599800.0,0,Dota 2,True,1315998.0,1315998.0,1826637959,2.616680648975827
5,Counter-Strike,4,2024,53930281,923907,274152,2562,132652,75007,1284,58.37,19806,2024-04-01,Twitch,game_month,Counter-Strike,Counter-Strike,C:\Users\dthin\Downloads\Twitch_game_data.csv,usable,Counter-Strike,main,False,False,False,40,40,226237355.0,39,191237355.0,1,Counter-Strike 2,True,2262373.55,1912373.55,1689109201,3.192823825012128
7,Dota 2,4,2024,46690093,823388,457902,2549,59666,64937,1145,56.7,19808,2024-04-01,Twitch,game_month,Dota 2,Dota 2,C:\Users\dthin\Downloads\Twitch_game_data.csv,usable,Dota 2,main,False,False,False,7,7,124066440.0,7,124066440.0,0,Dota 2,True,1240664.4,1240664.4,1689109201,2.764184398045914
4,VALORANT,4,2024,85730081,3102275,864444,9001,324038,119235,4314,27.63,19805,2024-04-01,Twitch,game_month,VALORANT,VALORANT,C:\Users\dthin\Downloads\Twitch_game_data.csv,usable,Valorant,main,False,False,False,8,8,12832910.0,8,12832910.0,0,VALORANT,True,128329.1,128329.1,1689109201,5.07546113355166
3,League of Legends,4,2024,95612757,1724083,712950,3969,160924,132980,2397,55.46,19804,2024-04-01,Twitch,game_month,League of Legends,League of Legends,C:\Users\dthin\Downloads\Twitch_game_data.csv,usable,League of Legends,main,False,False,False,2,2,8326950.0,1,300000.0,1,League of Legends,True,83269.5,3000.0,1689109201,5.660543258150188
3,League of Legends,5,2024,112942948,1795633,908794,3815,159076,152009,2416,62.9,20004,2024-05-01,Twitch,game_month,League of Legends,League of Legends,C:\Users\dthin\Downloads\Twitch_game_data.csv,usable,League of Legends,main,False,False,False,14,14,67964904.0,14,67964904.0,0,League of Legends,True,679649.04,679649.04,1727139900,6.539305125195706
4,VALORANT,5,2024,81865476,2951951,407450,6854,304417,110182,3973,27.73,20005,2024-05-01,Twitch,game_month,VALORANT,VALORANT,C:\Users\dthin\Downloads\Twitch_game_data.csv,usable,Valorant,main,False,False,False,20,20,140479807.0,19,138386237.0,1,VALORANT,True,1404798.07,1383862.37,1727139900,4.73994469122044
5,Counter-Strike,5,2024,54980453,862006,312279,2411,120394,73997,1160,63.78,20006,2024-05-01,Twitch,game_month,Counter-Strike,Counter-Strike,C:\Users\dthin\Downloads\Twitch_game_data.csv,usable,Counter-Strike,main,False,False,False,39,39,197662413.0,39,197662413.0,0,Counter-Strike 2,True,1976624.13,1976624.13,1727139900,3.1833236554838438
6,Dota 2,5,2024,49524757,863165,356874,2203,61170,66655,1161,57.38,20007,2024-05-01,Twitch,game_month,Dota 2,Dota 2,C:\Users\dthin\Downloads\Twitch_game_data.csv,usable,Dota 2,main,False,False,False,8,8,215708786.0,8,215708786.0,0,Dota 2,True,2157087.86,2157087.86,1727139900,2.867443280072448
8,Dota 2,6,2024,39751204,754055,151249,1981,57547,55286,1048,52.72,20209,2024-06-01,Twitch,game_month,Dota 2,Dota 2,C:\Users\dthin\Downloads\Twitch_game_data.csv,usable,Dota 2,main,False,False,False,10,10,39745350.0,10,39745350.0,0,Dota 2,True,397453.5,397453.5,1617653502,2.4573373686548603
3,League of Legends,6,2024,93546536,1606678,503077,3218,146240,130106,2234,58.22,20204,2024-06-01,Twitch,game_month,League of Legends,League of Legends,C:\Users\dthin\Downloads\Twitch_game_data.csv,usable,League of Legends,main,False,False,False,15,15,155150111.0,13,120284111.0,2,League of Legends,True,1551501.11,1202841.11,1617653502,5.782853737487226
5,VALORANT,6,2024,69728603,3024030,543794,6531,369156,96979,4205,23.06,20206,2024-06-01,Twitch,game_month,VALORANT,VALORANT,C:\Users\dthin\Downloads\Twitch_game_data.csv,usable,Valorant,main,False,False,False,14,14,107884902.0,12,99963497.0,2,VALORANT,True,1078849.02,999634.97,1617653502,4.310478289311675
6,Counter-Strike,6,2024,43025111,761544,600631,1982,109483,59840,1059,56.5,20207,2024-06-01,Twitch,game_month,Counter-Strike,Counter-Strike,C:\Users\dthin\Downloads\Twitch_game_data.csv,usable,Counter-Strike,main,False,False,False,32,32,158225560.0,32,158225560.0,0,Counter-Strike 2,True,1582255.6,1582255.6,1617653502,2.659723540721516
3,League of Legends,7,2024,90011100,1614871,510978,3849,145951,121145,2173,55.74,20404,2024-07-01,Twitch,game_month,League of Legends,League of Legends,C:\Users\dthin\Downloads\Twitch_game_data.csv,usable,League of Legends,main,False,False,False,4,4,140916460.0,3,35916460.0,1,League of Legends,True,1409164.6,359164.6,1660370134,5.421146656206958
4,VALORANT,7,2024,83204212,3302418,345752,6083,394943,111984,4444,25.19,20405,2024-07-01,Twitch,game_month,VALORANT,VALORANT,C:\Users\dthin\Downloads\Twitch_game_data.csv,usable,Valorant,main,False,False,False,9,9,13634052.0,9,13634052.0,0,VALORANT,True,136340.52,136340.52,1660370134,5.011184572415345
5,Dota 2,7,2024,47807855,740308,349335,1822,57753,64344,996,64.58,20406,2024-07-01,Twitch,game_month,Dota 2,Dota 2,C:\Users\dthin\Downloads\Twitch_game_data.csv,usable,Dota 2,main,False,False,False,9,9,651352400.0,8,146352400.0,1,Dota 2,True,6513524.0,1463524.0,1660370134,2.8793492499666944
7,Counter-Strike,7,2024,40393285,786387,607518,2031,110517,54365,1058,51.37,20408,2024-07-01,Twitch,game_month,Counter-Strike,Counter-Strike,C:\Users\dthin\Downloads\Twitch_game_data.csv,usable,Counter-Strike,main,False,False,False,35,35,234088544.0,33,99088544.0,2,Counter-Strike 2,True,2340885.44,990885.44,1660370134,2.432787977382397
5,Counter-Strike,8,2024,62157945,866443,721256,2189,116449,83658,1166,71.74,20606,2024-08-01,Twitch,game_month,Counter-Strike,Counter-Strike,C:\Users\dthin\Downloads\Twitch_game_data.csv,usable,Counter-Strike,main,False,False,False,28,28,302629882.0,27,252129882.0,2,Counter-Strike 2,True,3026298.82,2521298.82,1711442710,3.631903343115704
8,Dota 2,8,2024,37435410,744711,197289,1892,58401,50384,1002,50.27,20609,2024-08-01,Twitch,game_month,Dota 2,Dota 2,C:\Users\dthin\Downloads\Twitch_game_data.csv,usable,Dota 2,main,False,False,False,6,6,32854000.0,6,32854000.0,0,Dota 2,True,328540.0,328540.0,1711442710,2.1873598094323587
3,VALORANT,8,2024,91324800,3412960,1420514,6428,413227,122913,4593,26.76,20604,2024-08-01,Twitch,game_month,VALORANT,VALORANT,C:\Users\dthin\Downloads\Twitch_game_data.csv,usable,Valorant,main,False,False,True,1,1,225000000.0,1,225000000.0,0,VALORANT,True,2250000.0,2250000.0,1711442710,5.33612953950413
4,League of Legends,8,2024,90666363,1531072,1138708,2882,137707,122027,2060,59.22,20605,2024-08-01,Twitch,game_month,League of Legends,League of Legends,C:\Users\dthin\Downloads\Twitch_game_data.csv,usable,League of Legends,main,False,False,False,3,3,17710560.0,3,17710560.0,0,League of Legends,True,177105.6,177105.6,1711442710,5.297656910759227
4,Dota 2,9,2024,66060227,690073,1528106,1971,55675,91877,959,95.73,20805,2024-09-01,Twitch,game_month,Dota 2,Dota 2,C:\Users\dthin\Downloads\Twitch_game_data.csv,usable,Dota 2,main,False,True,True,4,4,266264120.0,4,266264120.0,0,Dota 2,True,2662641.2,2662641.2,1698990192,3.888205318138764
6,VALORANT,9,2024,56906574,2905738,195413,5907,333912,79146,4041,19.58,20807,2024-09-01,Twitch,game_month,VALORANT,VALORANT,C:\Users\dthin\Downloads\Twitch_game_data.csv,usable,Valorant,main,False,False,False,0,0,,0,,0,,False,,,1698990192,3.3494351096289314
2,League of Legends,9,2024,99734071,1554795,796676,3609,137580,138712,2162,64.15,20803,2024-09-01,Twitch,game_month,League of Legends,League of Legends,C:\Users\dthin\Downloads\Twitch_game_data.csv,usable,League of Legends,main,False,False,False,7,7,236017155.0,7,236017155.0,0,League of Legends,True,2360171.55,2360171.55,1698990192,5.870196983456158
7,Counter-Strike,9,2024,56131901,834364,601330,2301,110727,78069,1160,67.28,20808,2024-09-01,Twitch,game_month,Counter-Strike,Counter-Strike,C:\Users\dthin\Downloads\Twitch_game_data.csv,usable,Counter-Strike,main,False,False,False,26,26,162443015.0,26,162443015.0,0,Counter-Strike 2,True,1624430.15,1624430.15,1698990192,3.3038390253402947
