game_family,quarter,period_start,actual_prize_pool_usd,model,model_label,target_policy,record_type,horizon_quarters,forecast_origin,source_release,generated_at_utc,source_coverage_verified,data_warning,predicted_prize_pool_usd,last_observed_quarter,missing_recent_quarters,feature_missing_count,seasonal_fallback_used,uses_recursive_predictions,protocol,interval_calibration_n,lower_80_usd,upper_80_usd,interval_status,evaluation_available,evaluation_status,is_primary_model,display_prize_pool_usd
Counter-Strike,2012Q1,2012-01-01,647.66,linear_regression,Linear regression,source,historical,0,2025Q4,analysis_release_v1_20261005T194400349609Z,2026-10-08T15:00:13.610744+00:00,False,source_coverage_unverified,,,,,,,,,,,,,,False,647.66
Counter-Strike,2012Q2,2012-04-01,1309.33,linear_regression,Linear regression,source,historical,0,2025Q4,analysis_release_v1_20261005T194400349609Z,2026-10-08T15:00:13.610744+00:00,False,source_coverage_unverified,,,,,,,,,,,,,,False,1309.33
Counter-Strike,2012Q3,2012-07-01,13580.49,linear_regression,Linear regression,source,historical,0,2025Q4,analysis_release_v1_20261005T194400349609Z,2026-10-08T15:00:13.610744+00:00,False,source_coverage_unverified,,,,,,,,,,,,,,False,13580.49
Counter-Strike,2012Q4,2012-10-01,223336.45,linear_regression,Linear regression,source,historical,0,2025Q4,analysis_release_v1_20261005T194400349609Z,2026-10-08T15:00:13.610744+00:00,False,source_coverage_unverified,,,,,,,,,,,,,,False,223336.45
Counter-Strike,2013Q1,2013-01-01,166541.33,linear_regression,Linear regression,source,historical,0,2025Q4,analysis_release_v1_20261005T194400349609Z,2026-10-08T15:00:13.610744+00:00,False,source_coverage_unverified,,,,,,,,,,,,,,False,166541.33
Counter-Strike,2013Q2,2013-04-01,333330.03,linear_regression,Linear regression,source,historical,0,2025Q4,analysis_release_v1_20261005T194400349609Z,2026-10-08T15:00:13.610744+00:00,False,source_coverage_unverified,,,,,,,,,,,,,,False,333330.03
Counter-Strike,2013Q3,2013-07-01,173009.72,linear_regression,Linear regression,source,historical,0,2025Q4,analysis_release_v1_20261005T194400349609Z,2026-10-08T15:00:13.610744+00:00,False,source_coverage_unverified,,,,,,,,,,,,,,False,173009.72
Counter-Strike,2013Q4,2013-10-01,536121.35,linear_regression,Linear regression,source,historical,0,2025Q4,analysis_release_v1_20261005T194400349609Z,2026-10-08T15:00:13.610744+00:00,False,source_coverage_unverified,,,,,,,,,,,,,,False,536121.35
Counter-Strike,2014Q1,2014-01-01,492559.69,linear_regression,Linear regression,source,historical,0,2025Q4,analysis_release_v1_20261005T194400349609Z,2026-10-08T15:00:13.610744+00:00,False,source_coverage_unverified,,,,,,,,,,,,,,False,492559.69
Counter-Strike,2014Q2,2014-04-01,264077.74,linear_regression,Linear regression,source,historical,0,2025Q4,analysis_release_v1_20261005T194400349609Z,2026-10-08T15:00:13.610744+00:00,False,source_coverage_unverified,,,,,,,,,,,,,,False,264077.74
Counter-Strike,2014Q3,2014-07-01,662624.16,linear_regression,Linear regression,source,historical,0,2025Q4,analysis_release_v1_20261005T194400349609Z,2026-10-08T15:00:13.610744+00:00,False,source_coverage_unverified,,,,,,,,,,,,,,False,662624.16
Counter-Strike,2014Q4,2014-10-01,627674.34,linear_regression,Linear regression,source,historical,0,2025Q4,analysis_release_v1_20261005T194400349609Z,2026-10-08T15:00:13.610744+00:00,False,source_coverage_unverified,,,,,,,,,,,,,,False,627674.34
Counter-Strike,2015Q1,2015-01-01,911629.04,linear_regression,Linear regression,source,historical,0,2025Q4,analysis_release_v1_20261005T194400349609Z,2026-10-08T15:00:13.610744+00:00,False,source_coverage_unverified,,,,,,,,,,,,,,False,911629.04
Counter-Strike,2015Q2,2015-04-01,1237422.96,linear_regression,Linear regression,source,historical,0,2025Q4,analysis_release_v1_20261005T194400349609Z,2026-10-08T15:00:13.610744+00:00,False,source_coverage_unverified,,,,,,,,,,,,,,False,1237422.96
Counter-Strike,2015Q3,2015-07-01,2111923.33,linear_regression,Linear regression,source,historical,0,2025Q4,analysis_release_v1_20261005T194400349609Z,2026-10-08T15:00:13.610744+00:00,False,source_coverage_unverified,,,,,,,,,,,,,,False,2111923.33
Counter-Strike,2015Q4,2015-10-01,2001255.07,linear_regression,Linear regression,source,historical,0,2025Q4,analysis_release_v1_20261005T194400349609Z,2026-10-08T15:00:13.610744+00:00,False,source_coverage_unverified,,,,,,,,,,,,,,False,2001255.07
Counter-Strike,2016Q1,2016-01-01,3240269.35,linear_regression,Linear regression,source,historical,0,2025Q4,analysis_release_v1_20261005T194400349609Z,2026-10-08T15:00:13.610744+00:00,False,source_coverage_unverified,,,,,,,,,,,,,,False,3240269.35
Counter-Strike,2016Q2,2016-04-01,4811082.69,linear_regression,Linear regression,source,historical,0,2025Q4,analysis_release_v1_20261005T194400349609Z,2026-10-08T15:00:13.610744+00:00,False,source_coverage_unverified,,,,,,,,,,,,,,False,4811082.69
Counter-Strike,2016Q3,2016-07-01,3557892.42,linear_regression,Linear regression,source,historical,0,2025Q4,analysis_release_v1_20261005T194400349609Z,2026-10-08T15:00:13.610744+00:00,False,source_coverage_unverified,,,,,,,,,,,,,,False,3557892.42
Counter-Strike,2016Q4,2016-10-01,5626309.06,linear_regression,Linear regression,source,historical,0,2025Q4,analysis_release_v1_20261005T194400349609Z,2026-10-08T15:00:13.610744+00:00,False,source_coverage_unverified,,,,,,,,,,,,,,False,5626309.06
Counter-Strike,2017Q1,2017-01-01,4369823.24,linear_regression,Linear regression,source,historical,0,2025Q4,analysis_release_v1_20261005T194400349609Z,2026-10-08T15:00:13.610744+00:00,False,source_coverage_unverified,,,,,,,,,,,,,,False,4369823.24
Counter-Strike,2017Q2,2017-04-01,4352307.6,linear_regression,Linear regression,source,historical,0,2025Q4,analysis_release_v1_20261005T194400349609Z,2026-10-08T15:00:13.610744+00:00,False,source_coverage_unverified,,,,,,,,,,,,,,False,4352307.6
Counter-Strike,2017Q3,2017-07-01,6280979.45,linear_regression,Linear regression,source,historical,0,2025Q4,analysis_release_v1_20261005T194400349609Z,2026-10-08T15:00:13.610744+00:00,False,source_coverage_unverified,,,,,,,,,,,,,,False,6280979.45
Counter-Strike,2017Q4,2017-10-01,5342316.19,linear_regression,Linear regression,source,historical,0,2025Q4,analysis_release_v1_20261005T194400349609Z,2026-10-08T15:00:13.610744+00:00,False,source_coverage_unverified,,,,,,,,,,,,,,False,5342316.19
Counter-Strike,2018Q1,2018-01-01,6205645.23,linear_regression,Linear regression,source,historical,0,2025Q4,analysis_release_v1_20261005T194400349609Z,2026-10-08T15:00:13.610744+00:00,False,source_coverage_unverified,,,,,,,,,,,,,,False,6205645.23
Counter-Strike,2018Q2,2018-04-01,4759226.96,linear_regression,Linear regression,source,historical,0,2025Q4,analysis_release_v1_20261005T194400349609Z,2026-10-08T15:00:13.610744+00:00,False,source_coverage_unverified,,,,,,,,,,,,,,False,4759226.96
Counter-Strike,2018Q3,2018-07-01,5380906.34,linear_regression,Linear regression,source,historical,0,2025Q4,analysis_release_v1_20261005T194400349609Z,2026-10-08T15:00:13.610744+00:00,False,source_coverage_unverified,,,,,,,,,,,,,,False,5380906.34
Counter-Strike,2018Q4,2018-10-01,6038494.57,linear_regression,Linear regression,source,historical,0,2025Q4,analysis_release_v1_20261005T194400349609Z,2026-10-08T15:00:13.610744+00:00,False,source_coverage_unverified,,,,,,,,,,,,,,False,6038494.57
Counter-Strike,2019Q1,2019-01-01,5782979.69,linear_regression,Linear regression,source,historical,0,2025Q4,analysis_release_v1_20261005T194400349609Z,2026-10-08T15:00:13.610744+00:00,False,source_coverage_unverified,,,,,,,,,,,,,,False,5782979.69
Counter-Strike,2019Q2,2019-04-01,4661892.87,linear_regression,Linear regression,source,historical,0,2025Q4,analysis_release_v1_20261005T194400349609Z,2026-10-08T15:00:13.610744+00:00,False,source_coverage_unverified,,,,,,,,,,,,,,False,4661892.87
Counter-Strike,2019Q3,2019-07-01,5879634.64,linear_regression,Linear regression,source,historical,0,2025Q4,analysis_release_v1_20261005T194400349609Z,2026-10-08T15:00:13.610744+00:00,False,source_coverage_unverified,,,,,,,,,,,,,,False,5879634.64
Counter-Strike,2019Q4,2019-10-01,6970746.86,linear_regression,Linear regression,source,historical,0,2025Q4,analysis_release_v1_20261005T194400349609Z,2026-10-08T15:00:13.610744+00:00,False,source_coverage_unverified,,,,,,,,,,,,,,False,6970746.86
Counter-Strike,2020Q1,2020-01-01,4087056.24,linear_regression,Linear regression,source,historical,0,2025Q4,analysis_release_v1_20261005T194400349609Z,2026-10-08T15:00:13.610744+00:00,False,source_coverage_unverified,,,,,,,,,,,,,,False,4087056.24
Counter-Strike,2020Q2,2020-04-01,3630158.2,linear_regression,Linear regression,source,historical,0,2025Q4,analysis_release_v1_20261005T194400349609Z,2026-10-08T15:00:13.610744+00:00,False,source_coverage_unverified,,,,,,,,,,,,,,False,3630158.2
Counter-Strike,2020Q3,2020-07-01,3348796.0,linear_regression,Linear regression,source,historical,0,2025Q4,analysis_release_v1_20261005T194400349609Z,2026-10-08T15:00:13.610744+00:00,False,source_coverage_unverified,,,,,,,,,,,,,,False,3348796.0
Counter-Strike,2020Q4,2020-10-01,4995064.09,linear_regression,Linear regression,source,historical,0,2025Q4,analysis_release_v1_20261005T194400349609Z,2026-10-08T15:00:13.610744+00:00,False,source_coverage_unverified,,,,,,,,,,,,,,False,4995064.09
Counter-Strike,2021Q1,2021-01-01,4832261.19,linear_regression,Linear regression,source,historical,0,2025Q4,analysis_release_v1_20261005T194400349609Z,2026-10-08T15:00:13.610744+00:00,False,source_coverage_unverified,,,,,,,,,,,,,,False,4832261.19
Counter-Strike,2021Q2,2021-04-01,3851772.93,linear_regression,Linear regression,source,historical,0,2025Q4,analysis_release_v1_20261005T194400349609Z,2026-10-08T15:00:13.610744+00:00,False,source_coverage_unverified,,,,,,,,,,,,,,False,3851772.93
Counter-Strike,2021Q3,2021-07-01,5342715.29,linear_regression,Linear regression,source,historical,0,2025Q4,analysis_release_v1_20261005T194400349609Z,2026-10-08T15:00:13.610744+00:00,False,source_coverage_unverified,,,,,,,,,,,,,,False,5342715.29
Counter-Strike,2021Q4,2021-10-01,7905382.33,linear_regression,Linear regression,source,historical,0,2025Q4,analysis_release_v1_20261005T194400349609Z,2026-10-08T15:00:13.610744+00:00,False,source_coverage_unverified,,,,,,,,,,,,,,False,7905382.33
Counter-Strike,2022Q1,2022-01-01,3983617.58,linear_regression,Linear regression,source,historical,0,2025Q4,analysis_release_v1_20261005T194400349609Z,2026-10-08T15:00:13.610744+00:00,False,source_coverage_unverified,,,,,,,,,,,,,,False,3983617.58
Counter-Strike,2022Q2,2022-04-01,4339015.17,linear_regression,Linear regression,source,historical,0,2025Q4,analysis_release_v1_20261005T194400349609Z,2026-10-08T15:00:13.610744+00:00,False,source_coverage_unverified,,,,,,,,,,,,,,False,4339015.17
Counter-Strike,2022Q3,2022-07-01,3744233.09,linear_regression,Linear regression,source,historical,0,2025Q4,analysis_release_v1_20261005T194400349609Z,2026-10-08T15:00:13.610744+00:00,False,source_coverage_unverified,,,,,,,,,,,,,,False,3744233.09
Counter-Strike,2022Q4,2022-10-01,5468807.34,linear_regression,Linear regression,source,historical,0,2025Q4,analysis_release_v1_20261005T194400349609Z,2026-10-08T15:00:13.610744+00:00,False,source_coverage_unverified,,,,,,,,,,,,,,False,5468807.34
Counter-Strike,2023Q1,2023-01-01,4050195.09,linear_regression,Linear regression,source,historical,0,2025Q4,analysis_release_v1_20261005T194400349609Z,2026-10-08T15:00:13.610744+00:00,False,source_coverage_unverified,,,,,,,,,,,,,,False,4050195.09
Counter-Strike,2023Q2,2023-04-01,5597606.89,linear_regression,Linear regression,source,historical,0,2025Q4,analysis_release_v1_20261005T194400349609Z,2026-10-08T15:00:13.610744+00:00,False,source_coverage_unverified,,,,,,,,,,,,,,False,5597606.89
Counter-Strike,2023Q3,2023-07-01,5713701.16,linear_regression,Linear regression,source,historical,0,2025Q4,analysis_release_v1_20261005T194400349609Z,2026-10-08T15:00:13.610744+00:00,False,source_coverage_unverified,,,,,,,,,,,,,,False,5713701.16
Counter-Strike,2023Q4,2023-10-01,5756015.33,linear_regression,Linear regression,source,historical,0,2025Q4,analysis_release_v1_20261005T194400349609Z,2026-10-08T15:00:13.610744+00:00,False,source_coverage_unverified,,,,,,,,,,,,,,False,5756015.33
Counter-Strike,2024Q1,2024-01-01,3740346.01,linear_regression,Linear regression,source,historical,0,2025Q4,analysis_release_v1_20261005T194400349609Z,2026-10-08T15:00:13.610744+00:00,False,source_coverage_unverified,,,,,,,,,,,,,,False,3740346.01
Counter-Strike,2024Q2,2024-04-01,5821253.28,linear_regression,Linear regression,source,historical,0,2025Q4,analysis_release_v1_20261005T194400349609Z,2026-10-08T15:00:13.610744+00:00,False,source_coverage_unverified,,,,,,,,,,,,,,False,5821253.28
Counter-Strike,2024Q3,2024-07-01,6991614.41,linear_regression,Linear regression,source,historical,0,2025Q4,analysis_release_v1_20261005T194400349609Z,2026-10-08T15:00:13.610744+00:00,False,source_coverage_unverified,,,,,,,,,,,,,,False,6991614.41
Counter-Strike,2024Q4,2024-10-01,5460014.35,linear_regression,Linear regression,source,historical,0,2025Q4,analysis_release_v1_20261005T194400349609Z,2026-10-08T15:00:13.610744+00:00,False,source_coverage_unverified,,,,,,,,,,,,,,False,5460014.35
Counter-Strike,2025Q1,2025-01-01,5296677.41,linear_regression,Linear regression,source,historical,0,2025Q4,analysis_release_v1_20261005T194400349609Z,2026-10-08T15:00:13.610744+00:00,False,source_coverage_unverified,,,,,,,,,,,,,,False,5296677.41
Counter-Strike,2025Q2,2025-04-01,6116858.42,linear_regression,Linear regression,source,historical,0,2025Q4,analysis_release_v1_20261005T194400349609Z,2026-10-08T15:00:13.610744+00:00,False,source_coverage_unverified,,,,,,,,,,,,,,False,6116858.42
Counter-Strike,2025Q3,2025-07-01,4825904.63,linear_regression,Linear regression,source,historical,0,2025Q4,analysis_release_v1_20261005T194400349609Z,2026-10-08T15:00:13.610744+00:00,False,source_coverage_unverified,,,,,,,,,,,,,,False,4825904.63
Counter-Strike,2025Q4,2025-10-01,656021.05,linear_regression,Linear regression,source,historical,0,2025Q4,analysis_release_v1_20261005T194400349609Z,2026-10-08T15:00:13.610744+00:00,False,source_coverage_unverified,,,,,,,,,,,,,,False,656021.05
Counter-Strike,2026Q1,2026-01-01,,linear_regression,Linear regression,source,forecast,1,2025Q4,analysis_release_v1_20261005T194400349609Z,2026-10-08T15:00:13.610744+00:00,False,source_coverage_unverified,2654744.1425485564,2025Q4,0.0,0.0,False,False,recursive_multi_step,8.0,0.0,5312380.06985541,exploratory_80pct_not_guaranteed,False,future_not_evaluated,False,2654744.1425485564
Counter-Strike,2026Q2,2026-04-01,,linear_regression,Linear regression,source,forecast,2,2025Q4,analysis_release_v1_20261005T194400349609Z,2026-10-08T15:00:13.610744+00:00,False,source_coverage_unverified,2957866.4959524916,2025Q4,0.0,0.0,False,True,recursive_multi_step,8.0,0.0,6030792.408556252,exploratory_80pct_not_guaranteed,False,future_not_evaluated,False,2957866.4959524916
Counter-Strike,2026Q3,2026-07-01,,linear_regression,Linear regression,source,forecast,3,2025Q4,analysis_release_v1_20261005T194400349609Z,2026-10-08T15:00:13.610744+00:00,False,source_coverage_unverified,4045077.4577197703,2025Q4,0.0,0.0,False,True,recursive_multi_step,8.0,972151.5451160101,7118003.37032353,exploratory_80pct_not_guaranteed,False,future_not_evaluated,False,4045077.4577197703
Counter-Strike,2026Q4,2026-10-01,,linear_regression,Linear regression,source,forecast,4,2025Q4,analysis_release_v1_20261005T194400349609Z,2026-10-08T15:00:13.610744+00:00,False,source_coverage_unverified,985047.7148003397,2025Q4,0.0,0.0,False,True,recursive_multi_step,8.0,0.0,4057973.6274041,exploratory_80pct_not_guaranteed,False,future_not_evaluated,False,985047.7148003397
Dota 2,2012Q1,2012-01-01,46450.54,linear_regression,Linear regression,source,historical,0,2025Q4,analysis_release_v1_20261005T194400349609Z,2026-10-08T15:00:13.610744+00:00,False,source_coverage_unverified,,,,,,,,,,,,,,False,46450.54
Dota 2,2012Q2,2012-04-01,112069.35,linear_regression,Linear regression,source,historical,0,2025Q4,analysis_release_v1_20261005T194400349609Z,2026-10-08T15:00:13.610744+00:00,False,source_coverage_unverified,,,,,,,,,,,,,,False,112069.35
Dota 2,2012Q3,2012-07-01,1663954.58,linear_regression,Linear regression,source,historical,0,2025Q4,analysis_release_v1_20261005T194400349609Z,2026-10-08T15:00:13.610744+00:00,False,source_coverage_unverified,,,,,,,,,,,,,,False,1663954.58
Dota 2,2012Q4,2012-10-01,346548.16,linear_regression,Linear regression,source,historical,0,2025Q4,analysis_release_v1_20261005T194400349609Z,2026-10-08T15:00:13.610744+00:00,False,source_coverage_unverified,,,,,,,,,,,,,,False,346548.16
Dota 2,2013Q1,2013-01-01,213531.45,linear_regression,Linear regression,source,historical,0,2025Q4,analysis_release_v1_20261005T194400349609Z,2026-10-08T15:00:13.610744+00:00,False,source_coverage_unverified,,,,,,,,,,,,,,False,213531.45
Dota 2,2013Q2,2013-04-01,462699.53,linear_regression,Linear regression,source,historical,0,2025Q4,analysis_release_v1_20261005T194400349609Z,2026-10-08T15:00:13.610744+00:00,False,source_coverage_unverified,,,,,,,,,,,,,,False,462699.53
Dota 2,2013Q3,2013-07-01,3435474.54,linear_regression,Linear regression,source,historical,0,2025Q4,analysis_release_v1_20261005T194400349609Z,2026-10-08T15:00:13.610744+00:00,False,source_coverage_unverified,,,,,,,,,,,,,,False,3435474.54
Dota 2,2013Q4,2013-10-01,857100.28,linear_regression,Linear regression,source,historical,0,2025Q4,analysis_release_v1_20261005T194400349609Z,2026-10-08T15:00:13.610744+00:00,False,source_coverage_unverified,,,,,,,,,,,,,,False,857100.28
Dota 2,2014Q1,2014-01-01,1230234.52,linear_regression,Linear regression,source,historical,0,2025Q4,analysis_release_v1_20261005T194400349609Z,2026-10-08T15:00:13.610744+00:00,False,source_coverage_unverified,,,,,,,,,,,,,,False,1230234.52
Dota 2,2014Q2,2014-04-01,776158.75,linear_regression,Linear regression,source,historical,0,2025Q4,analysis_release_v1_20261005T194400349609Z,2026-10-08T15:00:13.610744+00:00,False,source_coverage_unverified,,,,,,,,,,,,,,False,776158.75
Dota 2,2014Q3,2014-07-01,12168529.8,linear_regression,Linear regression,source,historical,0,2025Q4,analysis_release_v1_20261005T194400349609Z,2026-10-08T15:00:13.610744+00:00,False,source_coverage_unverified,,,,,,,,,,,,,,False,12168529.8
Dota 2,2014Q4,2014-10-01,2217418.19,linear_regression,Linear regression,source,historical,0,2025Q4,analysis_release_v1_20261005T194400349609Z,2026-10-08T15:00:13.610744+00:00,False,source_coverage_unverified,,,,,,,,,,,,,,False,2217418.19
Dota 2,2015Q1,2015-01-01,4301422.01,linear_regression,Linear regression,source,historical,0,2025Q4,analysis_release_v1_20261005T194400349609Z,2026-10-08T15:00:13.610744+00:00,False,source_coverage_unverified,,,,,,,,,,,,,,False,4301422.01
Dota 2,2015Q2,2015-04-01,1971367.9,linear_regression,Linear regression,source,historical,0,2025Q4,analysis_release_v1_20261005T194400349609Z,2026-10-08T15:00:13.610744+00:00,False,source_coverage_unverified,,,,,,,,,,,,,,False,1971367.9
Dota 2,2015Q3,2015-07-01,19085049.32,linear_regression,Linear regression,source,historical,0,2025Q4,analysis_release_v1_20261005T194400349609Z,2026-10-08T15:00:13.610744+00:00,False,source_coverage_unverified,,,,,,,,,,,,,,False,19085049.32
Dota 2,2015Q4,2015-10-01,5758781.75,linear_regression,Linear regression,source,historical,0,2025Q4,analysis_release_v1_20261005T194400349609Z,2026-10-08T15:00:13.610744+00:00,False,source_coverage_unverified,,,,,,,,,,,,,,False,5758781.75
Dota 2,2016Q1,2016-01-01,3938818.03,linear_regression,Linear regression,source,historical,0,2025Q4,analysis_release_v1_20261005T194400349609Z,2026-10-08T15:00:13.610744+00:00,False,source_coverage_unverified,,,,,,,,,,,,,,False,3938818.03
Dota 2,2016Q2,2016-04-01,5089082.99,linear_regression,Linear regression,source,historical,0,2025Q4,analysis_release_v1_20261005T194400349609Z,2026-10-08T15:00:13.610744+00:00,False,source_coverage_unverified,,,,,,,,,,,,,,False,5089082.99
Dota 2,2016Q3,2016-07-01,23182229.3,linear_regression,Linear regression,source,historical,0,2025Q4,analysis_release_v1_20261005T194400349609Z,2026-10-08T15:00:13.610744+00:00,False,source_coverage_unverified,,,,,,,,,,,,,,False,23182229.3
Dota 2,2016Q4,2016-10-01,4927217.64,linear_regression,Linear regression,source,historical,0,2025Q4,analysis_release_v1_20261005T194400349609Z,2026-10-08T15:00:13.610744+00:00,False,source_coverage_unverified,,,,,,,,,,,,,,False,4927217.64
Dota 2,2017Q1,2017-01-01,3069658.84,linear_regression,Linear regression,source,historical,0,2025Q4,analysis_release_v1_20261005T194400349609Z,2026-10-08T15:00:13.610744+00:00,False,source_coverage_unverified,,,,,,,,,,,,,,False,3069658.84
Dota 2,2017Q2,2017-04-01,4511596.45,linear_regression,Linear regression,source,historical,0,2025Q4,analysis_release_v1_20261005T194400349609Z,2026-10-08T15:00:13.610744+00:00,False,source_coverage_unverified,,,,,,,,,,,,,,False,4511596.45
Dota 2,2017Q3,2017-07-01,25750422.6,linear_regression,Linear regression,source,historical,0,2025Q4,analysis_release_v1_20261005T194400349609Z,2026-10-08T15:00:13.610744+00:00,False,source_coverage_unverified,,,,,,,,,,,,,,False,25750422.6
Dota 2,2017Q4,2017-10-01,4767397.6,linear_regression,Linear regression,source,historical,0,2025Q4,analysis_release_v1_20261005T194400349609Z,2026-10-08T15:00:13.610744+00:00,False,source_coverage_unverified,,,,,,,,,,,,,,False,4767397.6
Dota 2,2018Q1,2018-01-01,7225128.67,linear_regression,Linear regression,source,historical,0,2025Q4,analysis_release_v1_20261005T194400349609Z,2026-10-08T15:00:13.610744+00:00,False,source_coverage_unverified,,,,,,,,,,,,,,False,7225128.67
Dota 2,2018Q2,2018-04-01,5419661.63,linear_regression,Linear regression,source,historical,0,2025Q4,analysis_release_v1_20261005T194400349609Z,2026-10-08T15:00:13.610744+00:00,False,source_coverage_unverified,,,,,,,,,,,,,,False,5419661.63
Dota 2,2018Q3,2018-07-01,25826291.5,linear_regression,Linear regression,source,historical,0,2025Q4,analysis_release_v1_20261005T194400349609Z,2026-10-08T15:00:13.610744+00:00,False,source_coverage_unverified,,,,,,,,,,,,,,False,25826291.5
Dota 2,2018Q4,2018-10-01,3221232.4,linear_regression,Linear regression,source,historical,0,2025Q4,analysis_release_v1_20261005T194400349609Z,2026-10-08T15:00:13.610744+00:00,False,source_coverage_unverified,,,,,,,,,,,,,,False,3221232.4
Dota 2,2019Q1,2019-01-01,4577612.14,linear_regression,Linear regression,source,historical,0,2025Q4,analysis_release_v1_20261005T194400349609Z,2026-10-08T15:00:13.610744+00:00,False,source_coverage_unverified,,,,,,,,,,,,,,False,4577612.14
Dota 2,2019Q2,2019-04-01,3967307.76,linear_regression,Linear regression,source,historical,0,2025Q4,analysis_release_v1_20261005T194400349609Z,2026-10-08T15:00:13.610744+00:00,False,source_coverage_unverified,,,,,,,,,,,,,,False,3967307.76
Dota 2,2019Q3,2019-07-01,35238597.9,linear_regression,Linear regression,source,historical,0,2025Q4,analysis_release_v1_20261005T194400349609Z,2026-10-08T15:00:13.610744+00:00,False,source_coverage_unverified,,,,,,,,,,,,,,False,35238597.9
Dota 2,2019Q4,2019-10-01,3386833.11,linear_regression,Linear regression,source,historical,0,2025Q4,analysis_release_v1_20261005T194400349609Z,2026-10-08T15:00:13.610744+00:00,False,source_coverage_unverified,,,,,,,,,,,,,,False,3386833.11
Dota 2,2020Q1,2020-01-01,2668662.08,linear_regression,Linear regression,source,historical,0,2025Q4,analysis_release_v1_20261005T194400349609Z,2026-10-08T15:00:13.610744+00:00,False,source_coverage_unverified,,,,,,,,,,,,,,False,2668662.08
Dota 2,2020Q2,2020-04-01,2954435.5,linear_regression,Linear regression,source,historical,0,2025Q4,analysis_release_v1_20261005T194400349609Z,2026-10-08T15:00:13.610744+00:00,False,source_coverage_unverified,,,,,,,,,,,,,,False,2954435.5
Dota 2,2020Q3,2020-07-01,1806928.59,linear_regression,Linear regression,source,historical,0,2025Q4,analysis_release_v1_20261005T194400349609Z,2026-10-08T15:00:13.610744+00:00,False,source_coverage_unverified,,,,,,,,,,,,,,False,1806928.59
Dota 2,2020Q4,2020-10-01,2515606.1,linear_regression,Linear regression,source,historical,0,2025Q4,analysis_release_v1_20261005T194400349609Z,2026-10-08T15:00:13.610744+00:00,False,source_coverage_unverified,,,,,,,,,,,,,,False,2515606.1
Dota 2,2021Q1,2021-01-01,2523128.66,linear_regression,Linear regression,source,historical,0,2025Q4,analysis_release_v1_20261005T194400349609Z,2026-10-08T15:00:13.610744+00:00,False,source_coverage_unverified,,,,,,,,,,,,,,False,2523128.66
Dota 2,2021Q2,2021-04-01,3084618.93,linear_regression,Linear regression,source,historical,0,2025Q4,analysis_release_v1_20261005T194400349609Z,2026-10-08T15:00:13.610744+00:00,False,source_coverage_unverified,,,,,,,,,,,,,,False,3084618.93
Dota 2,2021Q3,2021-07-01,1556166.05,linear_regression,Linear regression,source,historical,0,2025Q4,analysis_release_v1_20261005T194400349609Z,2026-10-08T15:00:13.610744+00:00,False,source_coverage_unverified,,,,,,,,,,,,,,False,1556166.05
Dota 2,2021Q4,2021-10-01,42194744.82,linear_regression,Linear regression,source,historical,0,2025Q4,analysis_release_v1_20261005T194400349609Z,2026-10-08T15:00:13.610744+00:00,False,source_coverage_unverified,,,,,,,,,,,,,,False,42194744.82
Dota 2,2022Q1,2022-01-01,3290687.42,linear_regression,Linear regression,source,historical,0,2025Q4,analysis_release_v1_20261005T194400349609Z,2026-10-08T15:00:13.610744+00:00,False,source_coverage_unverified,,,,,,,,,,,,,,False,3290687.42
Dota 2,2022Q2,2022-04-01,2773428.33,linear_regression,Linear regression,source,historical,0,2025Q4,analysis_release_v1_20261005T194400349609Z,2026-10-08T15:00:13.610744+00:00,False,source_coverage_unverified,,,,,,,,,,,,,,False,2773428.33
Dota 2,2022Q3,2022-07-01,5748141.73,linear_regression,Linear regression,source,historical,0,2025Q4,analysis_release_v1_20261005T194400349609Z,2026-10-08T15:00:13.610744+00:00,False,source_coverage_unverified,,,,,,,,,,,,,,False,5748141.73
Dota 2,2022Q4,2022-10-01,19587501.0,linear_regression,Linear regression,source,historical,0,2025Q4,analysis_release_v1_20261005T194400349609Z,2026-10-08T15:00:13.610744+00:00,False,source_coverage_unverified,,,,,,,,,,,,,,False,19587501.0
Dota 2,2023Q1,2023-01-01,3889830.32,linear_regression,Linear regression,source,historical,0,2025Q4,analysis_release_v1_20261005T194400349609Z,2026-10-08T15:00:13.610744+00:00,False,source_coverage_unverified,,,,,,,,,,,,,,False,3889830.32
Dota 2,2023Q2,2023-04-01,5446416.48,linear_regression,Linear regression,source,historical,0,2025Q4,analysis_release_v1_20261005T194400349609Z,2026-10-08T15:00:13.610744+00:00,False,source_coverage_unverified,,,,,,,,,,,,,,False,5446416.48
Dota 2,2023Q3,2023-07-01,16788532.07,linear_regression,Linear regression,source,historical,0,2025Q4,analysis_release_v1_20261005T194400349609Z,2026-10-08T15:00:13.610744+00:00,False,source_coverage_unverified,,,,,,,,,,,,,,False,16788532.07
Dota 2,2023Q4,2023-10-01,4709096.64,linear_regression,Linear regression,source,historical,0,2025Q4,analysis_release_v1_20261005T194400349609Z,2026-10-08T15:00:13.610744+00:00,False,source_coverage_unverified,,,,,,,,,,,,,,False,4709096.64
Dota 2,2024Q1,2024-01-01,4663736.6,linear_regression,Linear regression,source,historical,0,2025Q4,analysis_release_v1_20261005T194400349609Z,2026-10-08T15:00:13.610744+00:00,False,source_coverage_unverified,,,,,,,,,,,,,,False,4663736.6
Dota 2,2024Q2,2024-04-01,3795205.76,linear_regression,Linear regression,source,historical,0,2025Q4,analysis_release_v1_20261005T194400349609Z,2026-10-08T15:00:13.610744+00:00,False,source_coverage_unverified,,,,,,,,,,,,,,False,3795205.76
Dota 2,2024Q3,2024-07-01,9504705.2,linear_regression,Linear regression,source,historical,0,2025Q4,analysis_release_v1_20261005T194400349609Z,2026-10-08T15:00:13.610744+00:00,False,source_coverage_unverified,,,,,,,,,,,,,,False,9504705.2
Dota 2,2024Q4,2024-10-01,5849012.0,linear_regression,Linear regression,source,historical,0,2025Q4,analysis_release_v1_20261005T194400349609Z,2026-10-08T15:00:13.610744+00:00,False,source_coverage_unverified,,,,,,,,,,,,,,False,5849012.0
Dota 2,2025Q1,2025-01-01,4292000.0,linear_regression,Linear regression,source,historical,0,2025Q4,analysis_release_v1_20261005T194400349609Z,2026-10-08T15:00:13.610744+00:00,False,source_coverage_unverified,,,,,,,,,,,,,,False,4292000.0
Dota 2,2025Q2,2025-04-01,5300000.0,linear_regression,Linear regression,source,historical,0,2025Q4,analysis_release_v1_20261005T194400349609Z,2026-10-08T15:00:13.610744+00:00,False,source_coverage_unverified,,,,,,,,,,,,,,False,5300000.0
Dota 2,2025Q3,2025-07-01,5881466.0,linear_regression,Linear regression,source,historical,0,2025Q4,analysis_release_v1_20261005T194400349609Z,2026-10-08T15:00:13.610744+00:00,False,source_coverage_unverified,,,,,,,,,,,,,,False,5881466.0
Dota 2,2025Q4,2025-10-01,1000000.0,linear_regression,Linear regression,source,historical,0,2025Q4,analysis_release_v1_20261005T194400349609Z,2026-10-08T15:00:13.610744+00:00,False,source_coverage_unverified,,,,,,,,,,,,,,False,1000000.0
Dota 2,2026Q1,2026-01-01,,linear_regression,Linear regression,source,forecast,1,2025Q4,analysis_release_v1_20261005T194400349609Z,2026-10-08T15:00:13.610744+00:00,False,source_coverage_unverified,5412983.850174375,2025Q4,0.0,0.0,False,False,recursive_multi_step,8.0,0.0,21383703.323427618,exploratory_80pct_not_guaranteed,False,future_not_evaluated,False,5412983.850174375
Dota 2,2026Q2,2026-04-01,,linear_regression,Linear regression,source,forecast,2,2025Q4,analysis_release_v1_20261005T194400349609Z,2026-10-08T15:00:13.610744+00:00,False,source_coverage_unverified,5548171.287295706,2025Q4,0.0,0.0,False,True,recursive_multi_step,8.0,0.0,21518890.76054895,exploratory_80pct_not_guaranteed,False,future_not_evaluated,False,5548171.287295706
Dota 2,2026Q3,2026-07-01,,linear_regression,Linear regression,source,forecast,3,2025Q4,analysis_release_v1_20261005T194400349609Z,2026-10-08T15:00:13.610744+00:00,False,source_coverage_unverified,7296092.860527774,2025Q4,0.0,0.0,False,True,recursive_multi_step,8.0,0.0,23266812.33378102,exploratory_80pct_not_guaranteed,False,future_not_evaluated,False,7296092.860527774
Dota 2,2026Q4,2026-10-01,,linear_regression,Linear regression,source,forecast,4,2025Q4,analysis_release_v1_20261005T194400349609Z,2026-10-08T15:00:13.610744+00:00,False,source_coverage_unverified,4011173.678727154,2025Q4,0.0,0.0,False,True,recursive_multi_step,8.0,0.0,19981893.151980396,exploratory_80pct_not_guaranteed,False,future_not_evaluated,False,4011173.678727154
League of Legends,2012Q1,2012-01-01,428647.6,linear_regression,Linear regression,source,historical,0,2025Q4,analysis_release_v1_20261005T194400349609Z,2026-10-08T15:00:13.610744+00:00,False,source_coverage_unverified,,,,,,,,,,,,,,False,428647.6
League of Legends,2012Q2,2012-04-01,535276.75,linear_regression,Linear regression,source,historical,0,2025Q4,analysis_release_v1_20261005T194400349609Z,2026-10-08T15:00:13.610744+00:00,False,source_coverage_unverified,,,,,,,,,,,,,,False,535276.75
League of Legends,2012Q3,2012-07-01,657926.54,linear_regression,Linear regression,source,historical,0,2025Q4,analysis_release_v1_20261005T194400349609Z,2026-10-08T15:00:13.610744+00:00,False,source_coverage_unverified,,,,,,,,,,,,,,False,657926.54
League of Legends,2012Q4,2012-10-01,2980584.01,linear_regression,Linear regression,source,historical,0,2025Q4,analysis_release_v1_20261005T194400349609Z,2026-10-08T15:00:13.610744+00:00,False,source_coverage_unverified,,,,,,,,,,,,,,False,2980584.01
League of Legends,2013Q1,2013-01-01,823438.05,linear_regression,Linear regression,source,historical,0,2025Q4,analysis_release_v1_20261005T194400349609Z,2026-10-08T15:00:13.610744+00:00,False,source_coverage_unverified,,,,,,,,,,,,,,False,823438.05
League of Legends,2013Q2,2013-04-01,1231073.73,linear_regression,Linear regression,source,historical,0,2025Q4,analysis_release_v1_20261005T194400349609Z,2026-10-08T15:00:13.610744+00:00,False,source_coverage_unverified,,,,,,,,,,,,,,False,1231073.73
League of Legends,2013Q3,2013-07-01,3116312.07,linear_regression,Linear regression,source,historical,0,2025Q4,analysis_release_v1_20261005T194400349609Z,2026-10-08T15:00:13.610744+00:00,False,source_coverage_unverified,,,,,,,,,,,,,,False,3116312.07
League of Legends,2013Q4,2013-10-01,1408932.5,linear_regression,Linear regression,source,historical,0,2025Q4,analysis_release_v1_20261005T194400349609Z,2026-10-08T15:00:13.610744+00:00,False,source_coverage_unverified,,,,,,,,,,,,,,False,1408932.5
League of Legends,2014Q1,2014-01-01,1772398.12,linear_regression,Linear regression,source,historical,0,2025Q4,analysis_release_v1_20261005T194400349609Z,2026-10-08T15:00:13.610744+00:00,False,source_coverage_unverified,,,,,,,,,,,,,,False,1772398.12
League of Legends,2014Q2,2014-04-01,2009275.53,linear_regression,Linear regression,source,historical,0,2025Q4,analysis_release_v1_20261005T194400349609Z,2026-10-08T15:00:13.610744+00:00,False,source_coverage_unverified,,,,,,,,,,,,,,False,2009275.53
League of Legends,2014Q3,2014-07-01,2777184.54,linear_regression,Linear regression,source,historical,0,2025Q4,analysis_release_v1_20261005T194400349609Z,2026-10-08T15:00:13.610744+00:00,False,source_coverage_unverified,,,,,,,,,,,,,,False,2777184.54
League of Legends,2014Q4,2014-10-01,1100496.06,linear_regression,Linear regression,source,historical,0,2025Q4,analysis_release_v1_20261005T194400349609Z,2026-10-08T15:00:13.610744+00:00,False,source_coverage_unverified,,,,,,,,,,,,,,False,1100496.06
League of Legends,2015Q1,2015-01-01,1969109.44,linear_regression,Linear regression,source,historical,0,2025Q4,analysis_release_v1_20261005T194400349609Z,2026-10-08T15:00:13.610744+00:00,False,source_coverage_unverified,,,,,,,,,,,,,,False,1969109.44
League of Legends,2015Q2,2015-04-01,2186227.08,linear_regression,Linear regression,source,historical,0,2025Q4,analysis_release_v1_20261005T194400349609Z,2026-10-08T15:00:13.610744+00:00,False,source_coverage_unverified,,,,,,,,,,,,,,False,2186227.08
League of Legends,2015Q3,2015-07-01,318841.56,linear_regression,Linear regression,source,historical,0,2025Q4,analysis_release_v1_20261005T194400349609Z,2026-10-08T15:00:13.610744+00:00,False,source_coverage_unverified,,,,,,,,,,,,,,False,318841.56
League of Legends,2015Q4,2015-10-01,3091295.92,linear_regression,Linear regression,source,historical,0,2025Q4,analysis_release_v1_20261005T194400349609Z,2026-10-08T15:00:13.610744+00:00,False,source_coverage_unverified,,,,,,,,,,,,,,False,3091295.92
League of Legends,2016Q1,2016-01-01,1949732.74,linear_regression,Linear regression,source,historical,0,2025Q4,analysis_release_v1_20261005T194400349609Z,2026-10-08T15:00:13.610744+00:00,False,source_coverage_unverified,,,,,,,,,,,,,,False,1949732.74
League of Legends,2016Q2,2016-04-01,2365342.3,linear_regression,Linear regression,source,historical,0,2025Q4,analysis_release_v1_20261005T194400349609Z,2026-10-08T15:00:13.610744+00:00,False,source_coverage_unverified,,,,,,,,,,,,,,False,2365342.3
League of Legends,2016Q3,2016-07-01,5415987.99,linear_regression,Linear regression,source,historical,0,2025Q4,analysis_release_v1_20261005T194400349609Z,2026-10-08T15:00:13.610744+00:00,False,source_coverage_unverified,,,,,,,,,,,,,,False,5415987.99
League of Legends,2016Q4,2016-10-01,787775.11,linear_regression,Linear regression,source,historical,0,2025Q4,analysis_release_v1_20261005T194400349609Z,2026-10-08T15:00:13.610744+00:00,False,source_coverage_unverified,,,,,,,,,,,,,,False,787775.11
League of Legends,2017Q1,2017-01-01,2268568.42,linear_regression,Linear regression,source,historical,0,2025Q4,analysis_release_v1_20261005T194400349609Z,2026-10-08T15:00:13.610744+00:00,False,source_coverage_unverified,,,,,,,,,,,,,,False,2268568.42
League of Legends,2017Q2,2017-04-01,3943979.96,linear_regression,Linear regression,source,historical,0,2025Q4,analysis_release_v1_20261005T194400349609Z,2026-10-08T15:00:13.610744+00:00,False,source_coverage_unverified,,,,,,,,,,,,,,False,3943979.96
League of Legends,2017Q3,2017-07-01,5572061.11,linear_regression,Linear regression,source,historical,0,2025Q4,analysis_release_v1_20261005T194400349609Z,2026-10-08T15:00:13.610744+00:00,False,source_coverage_unverified,,,,,,,,,,,,,,False,5572061.11
League of Legends,2017Q4,2017-10-01,644625.2,linear_regression,Linear regression,source,historical,0,2025Q4,analysis_release_v1_20261005T194400349609Z,2026-10-08T15:00:13.610744+00:00,False,source_coverage_unverified,,,,,,,,,,,,,,False,644625.2
League of Legends,2018Q1,2018-01-01,2560287.96,linear_regression,Linear regression,source,historical,0,2025Q4,analysis_release_v1_20261005T194400349609Z,2026-10-08T15:00:13.610744+00:00,False,source_coverage_unverified,,,,,,,,,,,,,,False,2560287.96
League of Legends,2018Q2,2018-04-01,3408536.56,linear_regression,Linear regression,source,historical,0,2025Q4,analysis_release_v1_20261005T194400349609Z,2026-10-08T15:00:13.610744+00:00,False,source_coverage_unverified,,,,,,,,,,,,,,False,3408536.56
League of Legends,2018Q3,2018-07-01,1367808.82,linear_regression,Linear regression,source,historical,0,2025Q4,analysis_release_v1_20261005T194400349609Z,2026-10-08T15:00:13.610744+00:00,False,source_coverage_unverified,,,,,,,,,,,,,,False,1367808.82
League of Legends,2018Q4,2018-10-01,7148500.88,linear_regression,Linear regression,source,historical,0,2025Q4,analysis_release_v1_20261005T194400349609Z,2026-10-08T15:00:13.610744+00:00,False,source_coverage_unverified,,,,,,,,,,,,,,False,7148500.88
League of Legends,2019Q1,2019-01-01,2456213.06,linear_regression,Linear regression,source,historical,0,2025Q4,analysis_release_v1_20261005T194400349609Z,2026-10-08T15:00:13.610744+00:00,False,source_coverage_unverified,,,,,,,,,,,,,,False,2456213.06
League of Legends,2019Q2,2019-04-01,3764401.06,linear_regression,Linear regression,source,historical,0,2025Q4,analysis_release_v1_20261005T194400349609Z,2026-10-08T15:00:13.610744+00:00,False,source_coverage_unverified,,,,,,,,,,,,,,False,3764401.06
League of Legends,2019Q3,2019-07-01,660421.59,linear_regression,Linear regression,source,historical,0,2025Q4,analysis_release_v1_20261005T194400349609Z,2026-10-08T15:00:13.610744+00:00,False,source_coverage_unverified,,,,,,,,,,,,,,False,660421.59
League of Legends,2019Q4,2019-10-01,3656483.11,linear_regression,Linear regression,source,historical,0,2025Q4,analysis_release_v1_20261005T194400349609Z,2026-10-08T15:00:13.610744+00:00,False,source_coverage_unverified,,,,,,,,,,,,,,False,3656483.11
League of Legends,2020Q1,2020-01-01,2453005.03,linear_regression,Linear regression,source,historical,0,2025Q4,analysis_release_v1_20261005T194400349609Z,2026-10-08T15:00:13.610744+00:00,False,source_coverage_unverified,,,,,,,,,,,,,,False,2453005.03
League of Legends,2020Q2,2020-04-01,2745766.28,linear_regression,Linear regression,source,historical,0,2025Q4,analysis_release_v1_20261005T194400349609Z,2026-10-08T15:00:13.610744+00:00,False,source_coverage_unverified,,,,,,,,,,,,,,False,2745766.28
League of Legends,2020Q3,2020-07-01,2907138.69,linear_regression,Linear regression,source,historical,0,2025Q4,analysis_release_v1_20261005T194400349609Z,2026-10-08T15:00:13.610744+00:00,False,source_coverage_unverified,,,,,,,,,,,,,,False,2907138.69
League of Legends,2020Q4,2020-10-01,631321.5,linear_regression,Linear regression,source,historical,0,2025Q4,analysis_release_v1_20261005T194400349609Z,2026-10-08T15:00:13.610744+00:00,False,source_coverage_unverified,,,,,,,,,,,,,,False,631321.5
League of Legends,2021Q1,2021-01-01,2781222.14,linear_regression,Linear regression,source,historical,0,2025Q4,analysis_release_v1_20261005T194400349609Z,2026-10-08T15:00:13.610744+00:00,False,source_coverage_unverified,,,,,,,,,,,,,,False,2781222.14
League of Legends,2021Q2,2021-04-01,2464906.05,linear_regression,Linear regression,source,historical,0,2025Q4,analysis_release_v1_20261005T194400349609Z,2026-10-08T15:00:13.610744+00:00,False,source_coverage_unverified,,,,,,,,,,,,,,False,2464906.05
League of Legends,2021Q3,2021-07-01,501506.4,linear_regression,Linear regression,source,historical,0,2025Q4,analysis_release_v1_20261005T194400349609Z,2026-10-08T15:00:13.610744+00:00,False,source_coverage_unverified,,,,,,,,,,,,,,False,501506.4
League of Legends,2021Q4,2021-10-01,2570506.37,linear_regression,Linear regression,source,historical,0,2025Q4,analysis_release_v1_20261005T194400349609Z,2026-10-08T15:00:13.610744+00:00,False,source_coverage_unverified,,,,,,,,,,,,,,False,2570506.37
League of Legends,2022Q1,2022-01-01,2469967.53,linear_regression,Linear regression,source,historical,0,2025Q4,analysis_release_v1_20261005T194400349609Z,2026-10-08T15:00:13.610744+00:00,False,source_coverage_unverified,,,,,,,,,,,,,,False,2469967.53
League of Legends,2022Q2,2022-04-01,2451489.86,linear_regression,Linear regression,source,historical,0,2025Q4,analysis_release_v1_20261005T194400349609Z,2026-10-08T15:00:13.610744+00:00,False,source_coverage_unverified,,,,,,,,,,,,,,False,2451489.86
League of Legends,2022Q3,2022-07-01,2829812.09,linear_regression,Linear regression,source,historical,0,2025Q4,analysis_release_v1_20261005T194400349609Z,2026-10-08T15:00:13.610744+00:00,False,source_coverage_unverified,,,,,,,,,,,,,,False,2829812.09
League of Legends,2022Q4,2022-10-01,487090.47,linear_regression,Linear regression,source,historical,0,2025Q4,analysis_release_v1_20261005T194400349609Z,2026-10-08T15:00:13.610744+00:00,False,source_coverage_unverified,,,,,,,,,,,,,,False,487090.47
League of Legends,2023Q1,2023-01-01,2134893.19,linear_regression,Linear regression,source,historical,0,2025Q4,analysis_release_v1_20261005T194400349609Z,2026-10-08T15:00:13.610744+00:00,False,source_coverage_unverified,,,,,,,,,,,,,,False,2134893.19
League of Legends,2023Q2,2023-04-01,2655601.88,linear_regression,Linear regression,source,historical,0,2025Q4,analysis_release_v1_20261005T194400349609Z,2026-10-08T15:00:13.610744+00:00,False,source_coverage_unverified,,,,,,,,,,,,,,False,2655601.88
League of Legends,2023Q3,2023-07-01,466577.1,linear_regression,Linear regression,source,historical,0,2025Q4,analysis_release_v1_20261005T194400349609Z,2026-10-08T15:00:13.610744+00:00,False,source_coverage_unverified,,,,,,,,,,,,,,False,466577.1
League of Legends,2023Q4,2023-10-01,2539820.16,linear_regression,Linear regression,source,historical,0,2025Q4,analysis_release_v1_20261005T194400349609Z,2026-10-08T15:00:13.610744+00:00,False,source_coverage_unverified,,,,,,,,,,,,,,False,2539820.16
League of Legends,2024Q1,2024-01-01,1852987.38,linear_regression,Linear regression,source,historical,0,2025Q4,analysis_release_v1_20261005T194400349609Z,2026-10-08T15:00:13.610744+00:00,False,source_coverage_unverified,,,,,,,,,,,,,,False,1852987.38
League of Legends,2024Q2,2024-04-01,2314419.65,linear_regression,Linear regression,source,historical,0,2025Q4,analysis_release_v1_20261005T194400349609Z,2026-10-08T15:00:13.610744+00:00,False,source_coverage_unverified,,,,,,,,,,,,,,False,2314419.65
League of Legends,2024Q3,2024-07-01,3946441.75,linear_regression,Linear regression,source,historical,0,2025Q4,analysis_release_v1_20261005T194400349609Z,2026-10-08T15:00:13.610744+00:00,False,source_coverage_unverified,,,,,,,,,,,,,,False,3946441.75
League of Legends,2024Q4,2024-10-01,516049.87,linear_regression,Linear regression,source,historical,0,2025Q4,analysis_release_v1_20261005T194400349609Z,2026-10-08T15:00:13.610744+00:00,False,source_coverage_unverified,,,,,,,,,,,,,,False,516049.87
League of Legends,2025Q1,2025-01-01,1268038.9,linear_regression,Linear regression,source,historical,0,2025Q4,analysis_release_v1_20261005T194400349609Z,2026-10-08T15:00:13.610744+00:00,False,source_coverage_unverified,,,,,,,,,,,,,,False,1268038.9
League of Legends,2025Q2,2025-04-01,2011163.2,linear_regression,Linear regression,source,historical,0,2025Q4,analysis_release_v1_20261005T194400349609Z,2026-10-08T15:00:13.610744+00:00,False,source_coverage_unverified,,,,,,,,,,,,,,False,2011163.2
League of Legends,2025Q3,2025-07-01,2000000.0,linear_regression,Linear regression,source,historical,0,2025Q4,analysis_release_v1_20261005T194400349609Z,2026-10-08T15:00:13.610744+00:00,False,source_coverage_unverified,,,,,,,,,,,,,,False,2000000.0
League of Legends,2025Q4,2025-10-01,,linear_regression,Linear regression,source,historical_missing,0,2025Q4,analysis_release_v1_20261005T194400349609Z,2026-10-08T15:00:13.610744+00:00,False,source_coverage_unverified,,,,,,,,,,,,,,False,
League of Legends,2026Q1,2026-01-01,,linear_regression,Linear regression,source,forecast,1,2025Q4,analysis_release_v1_20261005T194400349609Z,2026-10-08T15:00:13.610744+00:00,False,source_coverage_unverified;missing_recent_actual,886452.9486403053,2025Q3,1.0,1.0,False,False,recursive_multi_step,8.0,0.0,4842385.016899701,exploratory_80pct_not_guaranteed,False,future_not_evaluated,False,886452.9486403053
League of Legends,2026Q2,2026-04-01,,linear_regression,Linear regression,source,forecast,2,2025Q4,analysis_release_v1_20261005T194400349609Z,2026-10-08T15:00:13.610744+00:00,False,source_coverage_unverified;missing_recent_actual,1094209.7302815253,2025Q3,1.0,1.0,False,True,recursive_multi_step,8.0,0.0,5050141.798540922,exploratory_80pct_not_guaranteed,False,future_not_evaluated,False,1094209.7302815253
League of Legends,2026Q3,2026-07-01,,linear_regression,Linear regression,source,forecast,3,2025Q4,analysis_release_v1_20261005T194400349609Z,2026-10-08T15:00:13.610744+00:00,False,source_coverage_unverified;missing_recent_actual,2988210.455779928,2025Q3,1.0,0.0,False,True,recursive_multi_step,8.0,0.0,7158022.557411641,exploratory_80pct_not_guaranteed,False,future_not_evaluated,False,2988210.455779928
League of Legends,2026Q4,2026-10-01,,linear_regression,Linear regression,source,forecast,4,2025Q4,analysis_release_v1_20261005T194400349609Z,2026-10-08T15:00:13.610744+00:00,False,source_coverage_unverified;missing_recent_actual,2091590.5092444106,2025Q3,1.0,1.0,False,True,recursive_multi_step,8.0,0.0,6346513.757533613,exploratory_80pct_not_guaranteed,False,future_not_evaluated,False,2091590.5092444106
Valorant,2012Q1,2012-01-01,,linear_regression,Linear regression,source,historical_missing,0,2025Q4,analysis_release_v1_20261005T194400349609Z,2026-10-08T15:00:13.610744+00:00,False,source_coverage_unverified,,,,,,,,,,,,,,False,
Valorant,2012Q2,2012-04-01,,linear_regression,Linear regression,source,historical_missing,0,2025Q4,analysis_release_v1_20261005T194400349609Z,2026-10-08T15:00:13.610744+00:00,False,source_coverage_unverified,,,,,,,,,,,,,,False,
Valorant,2012Q3,2012-07-01,,linear_regression,Linear regression,source,historical_missing,0,2025Q4,analysis_release_v1_20261005T194400349609Z,2026-10-08T15:00:13.610744+00:00,False,source_coverage_unverified,,,,,,,,,,,,,,False,
Valorant,2012Q4,2012-10-01,,linear_regression,Linear regression,source,historical_missing,0,2025Q4,analysis_release_v1_20261005T194400349609Z,2026-10-08T15:00:13.610744+00:00,False,source_coverage_unverified,,,,,,,,,,,,,,False,
Valorant,2013Q1,2013-01-01,,linear_regression,Linear regression,source,historical_missing,0,2025Q4,analysis_release_v1_20261005T194400349609Z,2026-10-08T15:00:13.610744+00:00,False,source_coverage_unverified,,,,,,,,,,,,,,False,
Valorant,2013Q2,2013-04-01,,linear_regression,Linear regression,source,historical_missing,0,2025Q4,analysis_release_v1_20261005T194400349609Z,2026-10-08T15:00:13.610744+00:00,False,source_coverage_unverified,,,,,,,,,,,,,,False,
Valorant,2013Q3,2013-07-01,,linear_regression,Linear regression,source,historical_missing,0,2025Q4,analysis_release_v1_20261005T194400349609Z,2026-10-08T15:00:13.610744+00:00,False,source_coverage_unverified,,,,,,,,,,,,,,False,
Valorant,2013Q4,2013-10-01,,linear_regression,Linear regression,source,historical_missing,0,2025Q4,analysis_release_v1_20261005T194400349609Z,2026-10-08T15:00:13.610744+00:00,False,source_coverage_unverified,,,,,,,,,,,,,,False,
Valorant,2014Q1,2014-01-01,,linear_regression,Linear regression,source,historical_missing,0,2025Q4,analysis_release_v1_20261005T194400349609Z,2026-10-08T15:00:13.610744+00:00,False,source_coverage_unverified,,,,,,,,,,,,,,False,
Valorant,2014Q2,2014-04-01,,linear_regression,Linear regression,source,historical_missing,0,2025Q4,analysis_release_v1_20261005T194400349609Z,2026-10-08T15:00:13.610744+00:00,False,source_coverage_unverified,,,,,,,,,,,,,,False,
Valorant,2014Q3,2014-07-01,,linear_regression,Linear regression,source,historical_missing,0,2025Q4,analysis_release_v1_20261005T194400349609Z,2026-10-08T15:00:13.610744+00:00,False,source_coverage_unverified,,,,,,,,,,,,,,False,
Valorant,2014Q4,2014-10-01,,linear_regression,Linear regression,source,historical_missing,0,2025Q4,analysis_release_v1_20261005T194400349609Z,2026-10-08T15:00:13.610744+00:00,False,source_coverage_unverified,,,,,,,,,,,,,,False,
Valorant,2015Q1,2015-01-01,,linear_regression,Linear regression,source,historical_missing,0,2025Q4,analysis_release_v1_20261005T194400349609Z,2026-10-08T15:00:13.610744+00:00,False,source_coverage_unverified,,,,,,,,,,,,,,False,
Valorant,2015Q2,2015-04-01,,linear_regression,Linear regression,source,historical_missing,0,2025Q4,analysis_release_v1_20261005T194400349609Z,2026-10-08T15:00:13.610744+00:00,False,source_coverage_unverified,,,,,,,,,,,,,,False,
Valorant,2015Q3,2015-07-01,,linear_regression,Linear regression,source,historical_missing,0,2025Q4,analysis_release_v1_20261005T194400349609Z,2026-10-08T15:00:13.610744+00:00,False,source_coverage_unverified,,,,,,,,,,,,,,False,
Valorant,2015Q4,2015-10-01,,linear_regression,Linear regression,source,historical_missing,0,2025Q4,analysis_release_v1_20261005T194400349609Z,2026-10-08T15:00:13.610744+00:00,False,source_coverage_unverified,,,,,,,,,,,,,,False,
Valorant,2016Q1,2016-01-01,,linear_regression,Linear regression,source,historical_missing,0,2025Q4,analysis_release_v1_20261005T194400349609Z,2026-10-08T15:00:13.610744+00:00,False,source_coverage_unverified,,,,,,,,,,,,,,False,
Valorant,2016Q2,2016-04-01,,linear_regression,Linear regression,source,historical_missing,0,2025Q4,analysis_release_v1_20261005T194400349609Z,2026-10-08T15:00:13.610744+00:00,False,source_coverage_unverified,,,,,,,,,,,,,,False,
Valorant,2016Q3,2016-07-01,,linear_regression,Linear regression,source,historical_missing,0,2025Q4,analysis_release_v1_20261005T194400349609Z,2026-10-08T15:00:13.610744+00:00,False,source_coverage_unverified,,,,,,,,,,,,,,False,
Valorant,2016Q4,2016-10-01,,linear_regression,Linear regression,source,historical_missing,0,2025Q4,analysis_release_v1_20261005T194400349609Z,2026-10-08T15:00:13.610744+00:00,False,source_coverage_unverified,,,,,,,,,,,,,,False,
Valorant,2017Q1,2017-01-01,,linear_regression,Linear regression,source,historical_missing,0,2025Q4,analysis_release_v1_20261005T194400349609Z,2026-10-08T15:00:13.610744+00:00,False,source_coverage_unverified,,,,,,,,,,,,,,False,
Valorant,2017Q2,2017-04-01,,linear_regression,Linear regression,source,historical_missing,0,2025Q4,analysis_release_v1_20261005T194400349609Z,2026-10-08T15:00:13.610744+00:00,False,source_coverage_unverified,,,,,,,,,,,,,,False,
Valorant,2017Q3,2017-07-01,,linear_regression,Linear regression,source,historical_missing,0,2025Q4,analysis_release_v1_20261005T194400349609Z,2026-10-08T15:00:13.610744+00:00,False,source_coverage_unverified,,,,,,,,,,,,,,False,
Valorant,2017Q4,2017-10-01,,linear_regression,Linear regression,source,historical_missing,0,2025Q4,analysis_release_v1_20261005T194400349609Z,2026-10-08T15:00:13.610744+00:00,False,source_coverage_unverified,,,,,,,,,,,,,,False,
Valorant,2018Q1,2018-01-01,,linear_regression,Linear regression,source,historical_missing,0,2025Q4,analysis_release_v1_20261005T194400349609Z,2026-10-08T15:00:13.610744+00:00,False,source_coverage_unverified,,,,,,,,,,,,,,False,
Valorant,2018Q2,2018-04-01,,linear_regression,Linear regression,source,historical_missing,0,2025Q4,analysis_release_v1_20261005T194400349609Z,2026-10-08T15:00:13.610744+00:00,False,source_coverage_unverified,,,,,,,,,,,,,,False,
Valorant,2018Q3,2018-07-01,,linear_regression,Linear regression,source,historical_missing,0,2025Q4,analysis_release_v1_20261005T194400349609Z,2026-10-08T15:00:13.610744+00:00,False,source_coverage_unverified,,,,,,,,,,,,,,False,
Valorant,2018Q4,2018-10-01,,linear_regression,Linear regression,source,historical_missing,0,2025Q4,analysis_release_v1_20261005T194400349609Z,2026-10-08T15:00:13.610744+00:00,False,source_coverage_unverified,,,,,,,,,,,,,,False,
Valorant,2019Q1,2019-01-01,,linear_regression,Linear regression,source,historical_missing,0,2025Q4,analysis_release_v1_20261005T194400349609Z,2026-10-08T15:00:13.610744+00:00,False,source_coverage_unverified,,,,,,,,,,,,,,False,
Valorant,2019Q2,2019-04-01,,linear_regression,Linear regression,source,historical_missing,0,2025Q4,analysis_release_v1_20261005T194400349609Z,2026-10-08T15:00:13.610744+00:00,False,source_coverage_unverified,,,,,,,,,,,,,,False,
Valorant,2019Q3,2019-07-01,,linear_regression,Linear regression,source,historical_missing,0,2025Q4,analysis_release_v1_20261005T194400349609Z,2026-10-08T15:00:13.610744+00:00,False,source_coverage_unverified,,,,,,,,,,,,,,False,
Valorant,2019Q4,2019-10-01,,linear_regression,Linear regression,source,historical_missing,0,2025Q4,analysis_release_v1_20261005T194400349609Z,2026-10-08T15:00:13.610744+00:00,False,source_coverage_unverified,,,,,,,,,,,,,,False,
Valorant,2020Q1,2020-01-01,,linear_regression,Linear regression,source,historical_missing,0,2025Q4,analysis_release_v1_20261005T194400349609Z,2026-10-08T15:00:13.610744+00:00,False,source_coverage_unverified,,,,,,,,,,,,,,False,
Valorant,2020Q2,2020-04-01,576854.08,linear_regression,Linear regression,source,historical,0,2025Q4,analysis_release_v1_20261005T194400349609Z,2026-10-08T15:00:13.610744+00:00,False,source_coverage_unverified,,,,,,,,,,,,,,False,576854.08
Valorant,2020Q3,2020-07-01,790999.41,linear_regression,Linear regression,source,historical,0,2025Q4,analysis_release_v1_20261005T194400349609Z,2026-10-08T15:00:13.610744+00:00,False,source_coverage_unverified,,,,,,,,,,,,,,False,790999.41
Valorant,2020Q4,2020-10-01,1144095.61,linear_regression,Linear regression,source,historical,0,2025Q4,analysis_release_v1_20261005T194400349609Z,2026-10-08T15:00:13.610744+00:00,False,source_coverage_unverified,,,,,,,,,,,,,,False,1144095.61
Valorant,2021Q1,2021-01-01,1659880.11,linear_regression,Linear regression,source,historical,0,2025Q4,analysis_release_v1_20261005T194400349609Z,2026-10-08T15:00:13.610744+00:00,False,source_coverage_unverified,,,,,,,,,,,,,,False,1659880.11
Valorant,2021Q2,2021-04-01,1785690.36,linear_regression,Linear regression,source,historical,0,2025Q4,analysis_release_v1_20261005T194400349609Z,2026-10-08T15:00:13.610744+00:00,False,source_coverage_unverified,,,,,,,,,,,,,,False,1785690.36
Valorant,2021Q3,2021-07-01,1930279.99,linear_regression,Linear regression,source,historical,0,2025Q4,analysis_release_v1_20261005T194400349609Z,2026-10-08T15:00:13.610744+00:00,False,source_coverage_unverified,,,,,,,,,,,,,,False,1930279.99
Valorant,2021Q4,2021-10-01,1772691.77,linear_regression,Linear regression,source,historical,0,2025Q4,analysis_release_v1_20261005T194400349609Z,2026-10-08T15:00:13.610744+00:00,False,source_coverage_unverified,,,,,,,,,,,,,,False,1772691.77
Valorant,2022Q1,2022-01-01,1304697.33,linear_regression,Linear regression,source,historical,0,2025Q4,analysis_release_v1_20261005T194400349609Z,2026-10-08T15:00:13.610744+00:00,False,source_coverage_unverified,,,,,,,,,,,,,,False,1304697.33
Valorant,2022Q2,2022-04-01,2037957.97,linear_regression,Linear regression,source,historical,0,2025Q4,analysis_release_v1_20261005T194400349609Z,2026-10-08T15:00:13.610744+00:00,False,source_coverage_unverified,,,,,,,,,,,,,,False,2037957.97
Valorant,2022Q3,2022-07-01,2292525.19,linear_regression,Linear regression,source,historical,0,2025Q4,analysis_release_v1_20261005T194400349609Z,2026-10-08T15:00:13.610744+00:00,False,source_coverage_unverified,,,,,,,,,,,,,,False,2292525.19
Valorant,2022Q4,2022-10-01,1475056.5,linear_regression,Linear regression,source,historical,0,2025Q4,analysis_release_v1_20261005T194400349609Z,2026-10-08T15:00:13.610744+00:00,False,source_coverage_unverified,,,,,,,,,,,,,,False,1475056.5
Valorant,2023Q1,2023-01-01,2065247.2,linear_regression,Linear regression,source,historical,0,2025Q4,analysis_release_v1_20261005T194400349609Z,2026-10-08T15:00:13.610744+00:00,False,source_coverage_unverified,,,,,,,,,,,,,,False,2065247.2
Valorant,2023Q2,2023-04-01,2599106.13,linear_regression,Linear regression,source,historical,0,2025Q4,analysis_release_v1_20261005T194400349609Z,2026-10-08T15:00:13.610744+00:00,False,source_coverage_unverified,,,,,,,,,,,,,,False,2599106.13
Valorant,2023Q3,2023-07-01,2774496.83,linear_regression,Linear regression,source,historical,0,2025Q4,analysis_release_v1_20261005T194400349609Z,2026-10-08T15:00:13.610744+00:00,False,source_coverage_unverified,,,,,,,,,,,,,,False,2774496.83
Valorant,2023Q4,2023-10-01,1462425.11,linear_regression,Linear regression,source,historical,0,2025Q4,analysis_release_v1_20261005T194400349609Z,2026-10-08T15:00:13.610744+00:00,False,source_coverage_unverified,,,,,,,,,,,,,,False,1462425.11
Valorant,2024Q1,2024-01-01,1380403.75,linear_regression,Linear regression,source,historical,0,2025Q4,analysis_release_v1_20261005T194400349609Z,2026-10-08T15:00:13.610744+00:00,False,source_coverage_unverified,,,,,,,,,,,,,,False,1380403.75
Valorant,2024Q2,2024-04-01,2611976.19,linear_regression,Linear regression,source,historical,0,2025Q4,analysis_release_v1_20261005T194400349609Z,2026-10-08T15:00:13.610744+00:00,False,source_coverage_unverified,,,,,,,,,,,,,,False,2611976.19
Valorant,2024Q3,2024-07-01,2386340.52,linear_regression,Linear regression,source,historical,0,2025Q4,analysis_release_v1_20261005T194400349609Z,2026-10-08T15:00:13.610744+00:00,False,source_coverage_unverified,,,,,,,,,,,,,,False,2386340.52
Valorant,2024Q4,2024-10-01,780969.3,linear_regression,Linear regression,source,historical,0,2025Q4,analysis_release_v1_20261005T194400349609Z,2026-10-08T15:00:13.610744+00:00,False,source_coverage_unverified,,,,,,,,,,,,,,False,780969.3
Valorant,2025Q1,2025-01-01,529420.68,linear_regression,Linear regression,source,historical,0,2025Q4,analysis_release_v1_20261005T194400349609Z,2026-10-08T15:00:13.610744+00:00,False,source_coverage_unverified,,,,,,,,,,,,,,False,529420.68
Valorant,2025Q2,2025-04-01,,linear_regression,Linear regression,source,historical_missing,0,2025Q4,analysis_release_v1_20261005T194400349609Z,2026-10-08T15:00:13.610744+00:00,False,source_coverage_unverified,,,,,,,,,,,,,,False,
Valorant,2025Q3,2025-07-01,1250000.0,linear_regression,Linear regression,source,historical,0,2025Q4,analysis_release_v1_20261005T194400349609Z,2026-10-08T15:00:13.610744+00:00,False,source_coverage_unverified,,,,,,,,,,,,,,False,1250000.0
Valorant,2025Q4,2025-10-01,,linear_regression,Linear regression,source,historical_missing,0,2025Q4,analysis_release_v1_20261005T194400349609Z,2026-10-08T15:00:13.610744+00:00,False,source_coverage_unverified,,,,,,,,,,,,,,False,
Valorant,2026Q1,2026-01-01,,linear_regression,Linear regression,source,forecast,1,2025Q4,analysis_release_v1_20261005T194400349609Z,2026-10-08T15:00:13.610744+00:00,False,source_coverage_unverified;missing_recent_actual,0.0,2025Q3,2.0,1.0,False,False,recursive_multi_step,8.0,0.0,1751507.1872849986,exploratory_80pct_not_guaranteed,False,future_not_evaluated,False,0.0
Valorant,2026Q2,2026-04-01,,linear_regression,Linear regression,source,forecast,2,2025Q4,analysis_release_v1_20261005T194400349609Z,2026-10-08T15:00:13.610744+00:00,False,source_coverage_unverified;missing_recent_actual,665925.3811491984,2025Q3,2.0,2.0,False,True,recursive_multi_step,8.0,0.0,2417432.568434197,exploratory_80pct_not_guaranteed,False,future_not_evaluated,False,665925.3811491984
Valorant,2026Q3,2026-07-01,,linear_regression,Linear regression,source,forecast,3,2025Q4,analysis_release_v1_20261005T194400349609Z,2026-10-08T15:00:13.610744+00:00,False,source_coverage_unverified;missing_recent_actual,1848427.4798718768,2025Q3,2.0,0.0,False,True,recursive_multi_step,8.0,47976.383478752105,3648878.5762650017,exploratory_80pct_not_guaranteed,False,future_not_evaluated,False,1848427.4798718768
Valorant,2026Q4,2026-10-01,,linear_regression,Linear regression,source,forecast,4,2025Q4,analysis_release_v1_20261005T194400349609Z,2026-10-08T15:00:13.610744+00:00,False,source_coverage_unverified;missing_recent_actual,1371459.5786835512,2025Q3,2.0,1.0,False,True,recursive_multi_step,8.0,0.0,3249299.705280225,exploratory_80pct_not_guaranteed,False,future_not_evaluated,False,1371459.5786835512
Counter-Strike,2012Q1,2012-01-01,647.66,random_forest,Random forest,source,historical,0,2025Q4,analysis_release_v1_20261005T194400349609Z,2026-10-08T15:00:13.610744+00:00,False,source_coverage_unverified,,,,,,,,,,,,,,True,647.66
Counter-Strike,2012Q2,2012-04-01,1309.33,random_forest,Random forest,source,historical,0,2025Q4,analysis_release_v1_20261005T194400349609Z,2026-10-08T15:00:13.610744+00:00,False,source_coverage_unverified,,,,,,,,,,,,,,True,1309.33
Counter-Strike,2012Q3,2012-07-01,13580.49,random_forest,Random forest,source,historical,0,2025Q4,analysis_release_v1_20261005T194400349609Z,2026-10-08T15:00:13.610744+00:00,False,source_coverage_unverified,,,,,,,,,,,,,,True,13580.49
Counter-Strike,2012Q4,2012-10-01,223336.45,random_forest,Random forest,source,historical,0,2025Q4,analysis_release_v1_20261005T194400349609Z,2026-10-08T15:00:13.610744+00:00,False,source_coverage_unverified,,,,,,,,,,,,,,True,223336.45
Counter-Strike,2013Q1,2013-01-01,166541.33,random_forest,Random forest,source,historical,0,2025Q4,analysis_release_v1_20261005T194400349609Z,2026-10-08T15:00:13.610744+00:00,False,source_coverage_unverified,,,,,,,,,,,,,,True,166541.33
Counter-Strike,2013Q2,2013-04-01,333330.03,random_forest,Random forest,source,historical,0,2025Q4,analysis_release_v1_20261005T194400349609Z,2026-10-08T15:00:13.610744+00:00,False,source_coverage_unverified,,,,,,,,,,,,,,True,333330.03
Counter-Strike,2013Q3,2013-07-01,173009.72,random_forest,Random forest,source,historical,0,2025Q4,analysis_release_v1_20261005T194400349609Z,2026-10-08T15:00:13.610744+00:00,False,source_coverage_unverified,,,,,,,,,,,,,,True,173009.72
Counter-Strike,2013Q4,2013-10-01,536121.35,random_forest,Random forest,source,historical,0,2025Q4,analysis_release_v1_20261005T194400349609Z,2026-10-08T15:00:13.610744+00:00,False,source_coverage_unverified,,,,,,,,,,,,,,True,536121.35
Counter-Strike,2014Q1,2014-01-01,492559.69,random_forest,Random forest,source,historical,0,2025Q4,analysis_release_v1_20261005T194400349609Z,2026-10-08T15:00:13.610744+00:00,False,source_coverage_unverified,,,,,,,,,,,,,,True,492559.69
Counter-Strike,2014Q2,2014-04-01,264077.74,random_forest,Random forest,source,historical,0,2025Q4,analysis_release_v1_20261005T194400349609Z,2026-10-08T15:00:13.610744+00:00,False,source_coverage_unverified,,,,,,,,,,,,,,True,264077.74
Counter-Strike,2014Q3,2014-07-01,662624.16,random_forest,Random forest,source,historical,0,2025Q4,analysis_release_v1_20261005T194400349609Z,2026-10-08T15:00:13.610744+00:00,False,source_coverage_unverified,,,,,,,,,,,,,,True,662624.16
Counter-Strike,2014Q4,2014-10-01,627674.34,random_forest,Random forest,source,historical,0,2025Q4,analysis_release_v1_20261005T194400349609Z,2026-10-08T15:00:13.610744+00:00,False,source_coverage_unverified,,,,,,,,,,,,,,True,627674.34
Counter-Strike,2015Q1,2015-01-01,911629.04,random_forest,Random forest,source,historical,0,2025Q4,analysis_release_v1_20261005T194400349609Z,2026-10-08T15:00:13.610744+00:00,False,source_coverage_unverified,,,,,,,,,,,,,,True,911629.04
Counter-Strike,2015Q2,2015-04-01,1237422.96,random_forest,Random forest,source,historical,0,2025Q4,analysis_release_v1_20261005T194400349609Z,2026-10-08T15:00:13.610744+00:00,False,source_coverage_unverified,,,,,,,,,,,,,,True,1237422.96
Counter-Strike,2015Q3,2015-07-01,2111923.33,random_forest,Random forest,source,historical,0,2025Q4,analysis_release_v1_20261005T194400349609Z,2026-10-08T15:00:13.610744+00:00,False,source_coverage_unverified,,,,,,,,,,,,,,True,2111923.33
Counter-Strike,2015Q4,2015-10-01,2001255.07,random_forest,Random forest,source,historical,0,2025Q4,analysis_release_v1_20261005T194400349609Z,2026-10-08T15:00:13.610744+00:00,False,source_coverage_unverified,,,,,,,,,,,,,,True,2001255.07
Counter-Strike,2016Q1,2016-01-01,3240269.35,random_forest,Random forest,source,historical,0,2025Q4,analysis_release_v1_20261005T194400349609Z,2026-10-08T15:00:13.610744+00:00,False,source_coverage_unverified,,,,,,,,,,,,,,True,3240269.35
Counter-Strike,2016Q2,2016-04-01,4811082.69,random_forest,Random forest,source,historical,0,2025Q4,analysis_release_v1_20261005T194400349609Z,2026-10-08T15:00:13.610744+00:00,False,source_coverage_unverified,,,,,,,,,,,,,,True,4811082.69
Counter-Strike,2016Q3,2016-07-01,3557892.42,random_forest,Random forest,source,historical,0,2025Q4,analysis_release_v1_20261005T194400349609Z,2026-10-08T15:00:13.610744+00:00,False,source_coverage_unverified,,,,,,,,,,,,,,True,3557892.42
Counter-Strike,2016Q4,2016-10-01,5626309.06,random_forest,Random forest,source,historical,0,2025Q4,analysis_release_v1_20261005T194400349609Z,2026-10-08T15:00:13.610744+00:00,False,source_coverage_unverified,,,,,,,,,,,,,,True,5626309.06
Counter-Strike,2017Q1,2017-01-01,4369823.24,random_forest,Random forest,source,historical,0,2025Q4,analysis_release_v1_20261005T194400349609Z,2026-10-08T15:00:13.610744+00:00,False,source_coverage_unverified,,,,,,,,,,,,,,True,4369823.24
Counter-Strike,2017Q2,2017-04-01,4352307.6,random_forest,Random forest,source,historical,0,2025Q4,analysis_release_v1_20261005T194400349609Z,2026-10-08T15:00:13.610744+00:00,False,source_coverage_unverified,,,,,,,,,,,,,,True,4352307.6
Counter-Strike,2017Q3,2017-07-01,6280979.45,random_forest,Random forest,source,historical,0,2025Q4,analysis_release_v1_20261005T194400349609Z,2026-10-08T15:00:13.610744+00:00,False,source_coverage_unverified,,,,,,,,,,,,,,True,6280979.45
Counter-Strike,2017Q4,2017-10-01,5342316.19,random_forest,Random forest,source,historical,0,2025Q4,analysis_release_v1_20261005T194400349609Z,2026-10-08T15:00:13.610744+00:00,False,source_coverage_unverified,,,,,,,,,,,,,,True,5342316.19
Counter-Strike,2018Q1,2018-01-01,6205645.23,random_forest,Random forest,source,historical,0,2025Q4,analysis_release_v1_20261005T194400349609Z,2026-10-08T15:00:13.610744+00:00,False,source_coverage_unverified,,,,,,,,,,,,,,True,6205645.23
Counter-Strike,2018Q2,2018-04-01,4759226.96,random_forest,Random forest,source,historical,0,2025Q4,analysis_release_v1_20261005T194400349609Z,2026-10-08T15:00:13.610744+00:00,False,source_coverage_unverified,,,,,,,,,,,,,,True,4759226.96
Counter-Strike,2018Q3,2018-07-01,5380906.34,random_forest,Random forest,source,historical,0,2025Q4,analysis_release_v1_20261005T194400349609Z,2026-10-08T15:00:13.610744+00:00,False,source_coverage_unverified,,,,,,,,,,,,,,True,5380906.34
Counter-Strike,2018Q4,2018-10-01,6038494.57,random_forest,Random forest,source,historical,0,2025Q4,analysis_release_v1_20261005T194400349609Z,2026-10-08T15:00:13.610744+00:00,False,source_coverage_unverified,,,,,,,,,,,,,,True,6038494.57
Counter-Strike,2019Q1,2019-01-01,5782979.69,random_forest,Random forest,source,historical,0,2025Q4,analysis_release_v1_20261005T194400349609Z,2026-10-08T15:00:13.610744+00:00,False,source_coverage_unverified,,,,,,,,,,,,,,True,5782979.69
Counter-Strike,2019Q2,2019-04-01,4661892.87,random_forest,Random forest,source,historical,0,2025Q4,analysis_release_v1_20261005T194400349609Z,2026-10-08T15:00:13.610744+00:00,False,source_coverage_unverified,,,,,,,,,,,,,,True,4661892.87
Counter-Strike,2019Q3,2019-07-01,5879634.64,random_forest,Random forest,source,historical,0,2025Q4,analysis_release_v1_20261005T194400349609Z,2026-10-08T15:00:13.610744+00:00,False,source_coverage_unverified,,,,,,,,,,,,,,True,5879634.64
Counter-Strike,2019Q4,2019-10-01,6970746.86,random_forest,Random forest,source,historical,0,2025Q4,analysis_release_v1_20261005T194400349609Z,2026-10-08T15:00:13.610744+00:00,False,source_coverage_unverified,,,,,,,,,,,,,,True,6970746.86
Counter-Strike,2020Q1,2020-01-01,4087056.24,random_forest,Random forest,source,historical,0,2025Q4,analysis_release_v1_20261005T194400349609Z,2026-10-08T15:00:13.610744+00:00,False,source_coverage_unverified,,,,,,,,,,,,,,True,4087056.24
Counter-Strike,2020Q2,2020-04-01,3630158.2,random_forest,Random forest,source,historical,0,2025Q4,analysis_release_v1_20261005T194400349609Z,2026-10-08T15:00:13.610744+00:00,False,source_coverage_unverified,,,,,,,,,,,,,,True,3630158.2
Counter-Strike,2020Q3,2020-07-01,3348796.0,random_forest,Random forest,source,historical,0,2025Q4,analysis_release_v1_20261005T194400349609Z,2026-10-08T15:00:13.610744+00:00,False,source_coverage_unverified,,,,,,,,,,,,,,True,3348796.0
Counter-Strike,2020Q4,2020-10-01,4995064.09,random_forest,Random forest,source,historical,0,2025Q4,analysis_release_v1_20261005T194400349609Z,2026-10-08T15:00:13.610744+00:00,False,source_coverage_unverified,,,,,,,,,,,,,,True,4995064.09
Counter-Strike,2021Q1,2021-01-01,4832261.19,random_forest,Random forest,source,historical,0,2025Q4,analysis_release_v1_20261005T194400349609Z,2026-10-08T15:00:13.610744+00:00,False,source_coverage_unverified,,,,,,,,,,,,,,True,4832261.19
Counter-Strike,2021Q2,2021-04-01,3851772.93,random_forest,Random forest,source,historical,0,2025Q4,analysis_release_v1_20261005T194400349609Z,2026-10-08T15:00:13.610744+00:00,False,source_coverage_unverified,,,,,,,,,,,,,,True,3851772.93
Counter-Strike,2021Q3,2021-07-01,5342715.29,random_forest,Random forest,source,historical,0,2025Q4,analysis_release_v1_20261005T194400349609Z,2026-10-08T15:00:13.610744+00:00,False,source_coverage_unverified,,,,,,,,,,,,,,True,5342715.29
Counter-Strike,2021Q4,2021-10-01,7905382.33,random_forest,Random forest,source,historical,0,2025Q4,analysis_release_v1_20261005T194400349609Z,2026-10-08T15:00:13.610744+00:00,False,source_coverage_unverified,,,,,,,,,,,,,,True,7905382.33
Counter-Strike,2022Q1,2022-01-01,3983617.58,random_forest,Random forest,source,historical,0,2025Q4,analysis_release_v1_20261005T194400349609Z,2026-10-08T15:00:13.610744+00:00,False,source_coverage_unverified,,,,,,,,,,,,,,True,3983617.58
Counter-Strike,2022Q2,2022-04-01,4339015.17,random_forest,Random forest,source,historical,0,2025Q4,analysis_release_v1_20261005T194400349609Z,2026-10-08T15:00:13.610744+00:00,False,source_coverage_unverified,,,,,,,,,,,,,,True,4339015.17
Counter-Strike,2022Q3,2022-07-01,3744233.09,random_forest,Random forest,source,historical,0,2025Q4,analysis_release_v1_20261005T194400349609Z,2026-10-08T15:00:13.610744+00:00,False,source_coverage_unverified,,,,,,,,,,,,,,True,3744233.09
Counter-Strike,2022Q4,2022-10-01,5468807.34,random_forest,Random forest,source,historical,0,2025Q4,analysis_release_v1_20261005T194400349609Z,2026-10-08T15:00:13.610744+00:00,False,source_coverage_unverified,,,,,,,,,,,,,,True,5468807.34
Counter-Strike,2023Q1,2023-01-01,4050195.09,random_forest,Random forest,source,historical,0,2025Q4,analysis_release_v1_20261005T194400349609Z,2026-10-08T15:00:13.610744+00:00,False,source_coverage_unverified,,,,,,,,,,,,,,True,4050195.09
Counter-Strike,2023Q2,2023-04-01,5597606.89,random_forest,Random forest,source,historical,0,2025Q4,analysis_release_v1_20261005T194400349609Z,2026-10-08T15:00:13.610744+00:00,False,source_coverage_unverified,,,,,,,,,,,,,,True,5597606.89
Counter-Strike,2023Q3,2023-07-01,5713701.16,random_forest,Random forest,source,historical,0,2025Q4,analysis_release_v1_20261005T194400349609Z,2026-10-08T15:00:13.610744+00:00,False,source_coverage_unverified,,,,,,,,,,,,,,True,5713701.16
Counter-Strike,2023Q4,2023-10-01,5756015.33,random_forest,Random forest,source,historical,0,2025Q4,analysis_release_v1_20261005T194400349609Z,2026-10-08T15:00:13.610744+00:00,False,source_coverage_unverified,,,,,,,,,,,,,,True,5756015.33
Counter-Strike,2024Q1,2024-01-01,3740346.01,random_forest,Random forest,source,historical,0,2025Q4,analysis_release_v1_20261005T194400349609Z,2026-10-08T15:00:13.610744+00:00,False,source_coverage_unverified,,,,,,,,,,,,,,True,3740346.01
Counter-Strike,2024Q2,2024-04-01,5821253.28,random_forest,Random forest,source,historical,0,2025Q4,analysis_release_v1_20261005T194400349609Z,2026-10-08T15:00:13.610744+00:00,False,source_coverage_unverified,,,,,,,,,,,,,,True,5821253.28
Counter-Strike,2024Q3,2024-07-01,6991614.41,random_forest,Random forest,source,historical,0,2025Q4,analysis_release_v1_20261005T194400349609Z,2026-10-08T15:00:13.610744+00:00,False,source_coverage_unverified,,,,,,,,,,,,,,True,6991614.41
Counter-Strike,2024Q4,2024-10-01,5460014.35,random_forest,Random forest,source,historical,0,2025Q4,analysis_release_v1_20261005T194400349609Z,2026-10-08T15:00:13.610744+00:00,False,source_coverage_unverified,,,,,,,,,,,,,,True,5460014.35
Counter-Strike,2025Q1,2025-01-01,5296677.41,random_forest,Random forest,source,historical,0,2025Q4,analysis_release_v1_20261005T194400349609Z,2026-10-08T15:00:13.610744+00:00,False,source_coverage_unverified,,,,,,,,,,,,,,True,5296677.41
Counter-Strike,2025Q2,2025-04-01,6116858.42,random_forest,Random forest,source,historical,0,2025Q4,analysis_release_v1_20261005T194400349609Z,2026-10-08T15:00:13.610744+00:00,False,source_coverage_unverified,,,,,,,,,,,,,,True,6116858.42
Counter-Strike,2025Q3,2025-07-01,4825904.63,random_forest,Random forest,source,historical,0,2025Q4,analysis_release_v1_20261005T194400349609Z,2026-10-08T15:00:13.610744+00:00,False,source_coverage_unverified,,,,,,,,,,,,,,True,4825904.63
Counter-Strike,2025Q4,2025-10-01,656021.05,random_forest,Random forest,source,historical,0,2025Q4,analysis_release_v1_20261005T194400349609Z,2026-10-08T15:00:13.610744+00:00,False,source_coverage_unverified,,,,,,,,,,,,,,True,656021.05
Counter-Strike,2026Q1,2026-01-01,,random_forest,Random forest,source,forecast,1,2025Q4,analysis_release_v1_20261005T194400349609Z,2026-10-08T15:00:13.610744+00:00,False,source_coverage_unverified,5392377.224965488,2025Q4,0.0,0.0,False,False,recursive_multi_step,8.0,3338572.083257091,7446182.366673884,exploratory_80pct_not_guaranteed,False,future_not_evaluated,True,5392377.224965488
Counter-Strike,2026Q2,2026-04-01,,random_forest,Random forest,source,forecast,2,2025Q4,analysis_release_v1_20261005T194400349609Z,2026-10-08T15:00:13.610744+00:00,False,source_coverage_unverified,4413562.681422708,2025Q4,0.0,0.0,False,True,recursive_multi_step,8.0,1936814.5446096947,6890310.8182357205,exploratory_80pct_not_guaranteed,False,future_not_evaluated,True,4413562.681422708
Counter-Strike,2026Q3,2026-07-01,,random_forest,Random forest,source,forecast,3,2025Q4,analysis_release_v1_20261005T194400349609Z,2026-10-08T15:00:13.610744+00:00,False,source_coverage_unverified,4594832.369735881,2025Q4,0.0,0.0,False,True,recursive_multi_step,8.0,2118084.232922868,7071580.506548894,exploratory_80pct_not_guaranteed,False,future_not_evaluated,True,4594832.369735881
Counter-Strike,2026Q4,2026-10-01,,random_forest,Random forest,source,forecast,4,2025Q4,analysis_release_v1_20261005T194400349609Z,2026-10-08T15:00:13.610744+00:00,False,source_coverage_unverified,4202848.208622029,2025Q4,0.0,0.0,False,True,recursive_multi_step,8.0,1726100.0718090162,6679596.345435042,exploratory_80pct_not_guaranteed,False,future_not_evaluated,True,4202848.208622029
Dota 2,2012Q1,2012-01-01,46450.54,random_forest,Random forest,source,historical,0,2025Q4,analysis_release_v1_20261005T194400349609Z,2026-10-08T15:00:13.610744+00:00,False,source_coverage_unverified,,,,,,,,,,,,,,True,46450.54
Dota 2,2012Q2,2012-04-01,112069.35,random_forest,Random forest,source,historical,0,2025Q4,analysis_release_v1_20261005T194400349609Z,2026-10-08T15:00:13.610744+00:00,False,source_coverage_unverified,,,,,,,,,,,,,,True,112069.35
Dota 2,2012Q3,2012-07-01,1663954.58,random_forest,Random forest,source,historical,0,2025Q4,analysis_release_v1_20261005T194400349609Z,2026-10-08T15:00:13.610744+00:00,False,source_coverage_unverified,,,,,,,,,,,,,,True,1663954.58
Dota 2,2012Q4,2012-10-01,346548.16,random_forest,Random forest,source,historical,0,2025Q4,analysis_release_v1_20261005T194400349609Z,2026-10-08T15:00:13.610744+00:00,False,source_coverage_unverified,,,,,,,,,,,,,,True,346548.16
Dota 2,2013Q1,2013-01-01,213531.45,random_forest,Random forest,source,historical,0,2025Q4,analysis_release_v1_20261005T194400349609Z,2026-10-08T15:00:13.610744+00:00,False,source_coverage_unverified,,,,,,,,,,,,,,True,213531.45
Dota 2,2013Q2,2013-04-01,462699.53,random_forest,Random forest,source,historical,0,2025Q4,analysis_release_v1_20261005T194400349609Z,2026-10-08T15:00:13.610744+00:00,False,source_coverage_unverified,,,,,,,,,,,,,,True,462699.53
Dota 2,2013Q3,2013-07-01,3435474.54,random_forest,Random forest,source,historical,0,2025Q4,analysis_release_v1_20261005T194400349609Z,2026-10-08T15:00:13.610744+00:00,False,source_coverage_unverified,,,,,,,,,,,,,,True,3435474.54
Dota 2,2013Q4,2013-10-01,857100.28,random_forest,Random forest,source,historical,0,2025Q4,analysis_release_v1_20261005T194400349609Z,2026-10-08T15:00:13.610744+00:00,False,source_coverage_unverified,,,,,,,,,,,,,,True,857100.28
Dota 2,2014Q1,2014-01-01,1230234.52,random_forest,Random forest,source,historical,0,2025Q4,analysis_release_v1_20261005T194400349609Z,2026-10-08T15:00:13.610744+00:00,False,source_coverage_unverified,,,,,,,,,,,,,,True,1230234.52
Dota 2,2014Q2,2014-04-01,776158.75,random_forest,Random forest,source,historical,0,2025Q4,analysis_release_v1_20261005T194400349609Z,2026-10-08T15:00:13.610744+00:00,False,source_coverage_unverified,,,,,,,,,,,,,,True,776158.75
Dota 2,2014Q3,2014-07-01,12168529.8,random_forest,Random forest,source,historical,0,2025Q4,analysis_release_v1_20261005T194400349609Z,2026-10-08T15:00:13.610744+00:00,False,source_coverage_unverified,,,,,,,,,,,,,,True,12168529.8
Dota 2,2014Q4,2014-10-01,2217418.19,random_forest,Random forest,source,historical,0,2025Q4,analysis_release_v1_20261005T194400349609Z,2026-10-08T15:00:13.610744+00:00,False,source_coverage_unverified,,,,,,,,,,,,,,True,2217418.19
Dota 2,2015Q1,2015-01-01,4301422.01,random_forest,Random forest,source,historical,0,2025Q4,analysis_release_v1_20261005T194400349609Z,2026-10-08T15:00:13.610744+00:00,False,source_coverage_unverified,,,,,,,,,,,,,,True,4301422.01
Dota 2,2015Q2,2015-04-01,1971367.9,random_forest,Random forest,source,historical,0,2025Q4,analysis_release_v1_20261005T194400349609Z,2026-10-08T15:00:13.610744+00:00,False,source_coverage_unverified,,,,,,,,,,,,,,True,1971367.9
Dota 2,2015Q3,2015-07-01,19085049.32,random_forest,Random forest,source,historical,0,2025Q4,analysis_release_v1_20261005T194400349609Z,2026-10-08T15:00:13.610744+00:00,False,source_coverage_unverified,,,,,,,,,,,,,,True,19085049.32
Dota 2,2015Q4,2015-10-01,5758781.75,random_forest,Random forest,source,historical,0,2025Q4,analysis_release_v1_20261005T194400349609Z,2026-10-08T15:00:13.610744+00:00,False,source_coverage_unverified,,,,,,,,,,,,,,True,5758781.75
Dota 2,2016Q1,2016-01-01,3938818.03,random_forest,Random forest,source,historical,0,2025Q4,analysis_release_v1_20261005T194400349609Z,2026-10-08T15:00:13.610744+00:00,False,source_coverage_unverified,,,,,,,,,,,,,,True,3938818.03
Dota 2,2016Q2,2016-04-01,5089082.99,random_forest,Random forest,source,historical,0,2025Q4,analysis_release_v1_20261005T194400349609Z,2026-10-08T15:00:13.610744+00:00,False,source_coverage_unverified,,,,,,,,,,,,,,True,5089082.99
Dota 2,2016Q3,2016-07-01,23182229.3,random_forest,Random forest,source,historical,0,2025Q4,analysis_release_v1_20261005T194400349609Z,2026-10-08T15:00:13.610744+00:00,False,source_coverage_unverified,,,,,,,,,,,,,,True,23182229.3
Dota 2,2016Q4,2016-10-01,4927217.64,random_forest,Random forest,source,historical,0,2025Q4,analysis_release_v1_20261005T194400349609Z,2026-10-08T15:00:13.610744+00:00,False,source_coverage_unverified,,,,,,,,,,,,,,True,4927217.64
Dota 2,2017Q1,2017-01-01,3069658.84,random_forest,Random forest,source,historical,0,2025Q4,analysis_release_v1_20261005T194400349609Z,2026-10-08T15:00:13.610744+00:00,False,source_coverage_unverified,,,,,,,,,,,,,,True,3069658.84
Dota 2,2017Q2,2017-04-01,4511596.45,random_forest,Random forest,source,historical,0,2025Q4,analysis_release_v1_20261005T194400349609Z,2026-10-08T15:00:13.610744+00:00,False,source_coverage_unverified,,,,,,,,,,,,,,True,4511596.45
Dota 2,2017Q3,2017-07-01,25750422.6,random_forest,Random forest,source,historical,0,2025Q4,analysis_release_v1_20261005T194400349609Z,2026-10-08T15:00:13.610744+00:00,False,source_coverage_unverified,,,,,,,,,,,,,,True,25750422.6
Dota 2,2017Q4,2017-10-01,4767397.6,random_forest,Random forest,source,historical,0,2025Q4,analysis_release_v1_20261005T194400349609Z,2026-10-08T15:00:13.610744+00:00,False,source_coverage_unverified,,,,,,,,,,,,,,True,4767397.6
Dota 2,2018Q1,2018-01-01,7225128.67,random_forest,Random forest,source,historical,0,2025Q4,analysis_release_v1_20261005T194400349609Z,2026-10-08T15:00:13.610744+00:00,False,source_coverage_unverified,,,,,,,,,,,,,,True,7225128.67
Dota 2,2018Q2,2018-04-01,5419661.63,random_forest,Random forest,source,historical,0,2025Q4,analysis_release_v1_20261005T194400349609Z,2026-10-08T15:00:13.610744+00:00,False,source_coverage_unverified,,,,,,,,,,,,,,True,5419661.63
Dota 2,2018Q3,2018-07-01,25826291.5,random_forest,Random forest,source,historical,0,2025Q4,analysis_release_v1_20261005T194400349609Z,2026-10-08T15:00:13.610744+00:00,False,source_coverage_unverified,,,,,,,,,,,,,,True,25826291.5
Dota 2,2018Q4,2018-10-01,3221232.4,random_forest,Random forest,source,historical,0,2025Q4,analysis_release_v1_20261005T194400349609Z,2026-10-08T15:00:13.610744+00:00,False,source_coverage_unverified,,,,,,,,,,,,,,True,3221232.4
Dota 2,2019Q1,2019-01-01,4577612.14,random_forest,Random forest,source,historical,0,2025Q4,analysis_release_v1_20261005T194400349609Z,2026-10-08T15:00:13.610744+00:00,False,source_coverage_unverified,,,,,,,,,,,,,,True,4577612.14
Dota 2,2019Q2,2019-04-01,3967307.76,random_forest,Random forest,source,historical,0,2025Q4,analysis_release_v1_20261005T194400349609Z,2026-10-08T15:00:13.610744+00:00,False,source_coverage_unverified,,,,,,,,,,,,,,True,3967307.76
Dota 2,2019Q3,2019-07-01,35238597.9,random_forest,Random forest,source,historical,0,2025Q4,analysis_release_v1_20261005T194400349609Z,2026-10-08T15:00:13.610744+00:00,False,source_coverage_unverified,,,,,,,,,,,,,,True,35238597.9
Dota 2,2019Q4,2019-10-01,3386833.11,random_forest,Random forest,source,historical,0,2025Q4,analysis_release_v1_20261005T194400349609Z,2026-10-08T15:00:13.610744+00:00,False,source_coverage_unverified,,,,,,,,,,,,,,True,3386833.11
Dota 2,2020Q1,2020-01-01,2668662.08,random_forest,Random forest,source,historical,0,2025Q4,analysis_release_v1_20261005T194400349609Z,2026-10-08T15:00:13.610744+00:00,False,source_coverage_unverified,,,,,,,,,,,,,,True,2668662.08
Dota 2,2020Q2,2020-04-01,2954435.5,random_forest,Random forest,source,historical,0,2025Q4,analysis_release_v1_20261005T194400349609Z,2026-10-08T15:00:13.610744+00:00,False,source_coverage_unverified,,,,,,,,,,,,,,True,2954435.5
Dota 2,2020Q3,2020-07-01,1806928.59,random_forest,Random forest,source,historical,0,2025Q4,analysis_release_v1_20261005T194400349609Z,2026-10-08T15:00:13.610744+00:00,False,source_coverage_unverified,,,,,,,,,,,,,,True,1806928.59
Dota 2,2020Q4,2020-10-01,2515606.1,random_forest,Random forest,source,historical,0,2025Q4,analysis_release_v1_20261005T194400349609Z,2026-10-08T15:00:13.610744+00:00,False,source_coverage_unverified,,,,,,,,,,,,,,True,2515606.1
Dota 2,2021Q1,2021-01-01,2523128.66,random_forest,Random forest,source,historical,0,2025Q4,analysis_release_v1_20261005T194400349609Z,2026-10-08T15:00:13.610744+00:00,False,source_coverage_unverified,,,,,,,,,,,,,,True,2523128.66
Dota 2,2021Q2,2021-04-01,3084618.93,random_forest,Random forest,source,historical,0,2025Q4,analysis_release_v1_20261005T194400349609Z,2026-10-08T15:00:13.610744+00:00,False,source_coverage_unverified,,,,,,,,,,,,,,True,3084618.93
Dota 2,2021Q3,2021-07-01,1556166.05,random_forest,Random forest,source,historical,0,2025Q4,analysis_release_v1_20261005T194400349609Z,2026-10-08T15:00:13.610744+00:00,False,source_coverage_unverified,,,,,,,,,,,,,,True,1556166.05
Dota 2,2021Q4,2021-10-01,42194744.82,random_forest,Random forest,source,historical,0,2025Q4,analysis_release_v1_20261005T194400349609Z,2026-10-08T15:00:13.610744+00:00,False,source_coverage_unverified,,,,,,,,,,,,,,True,42194744.82
Dota 2,2022Q1,2022-01-01,3290687.42,random_forest,Random forest,source,historical,0,2025Q4,analysis_release_v1_20261005T194400349609Z,2026-10-08T15:00:13.610744+00:00,False,source_coverage_unverified,,,,,,,,,,,,,,True,3290687.42
Dota 2,2022Q2,2022-04-01,2773428.33,random_forest,Random forest,source,historical,0,2025Q4,analysis_release_v1_20261005T194400349609Z,2026-10-08T15:00:13.610744+00:00,False,source_coverage_unverified,,,,,,,,,,,,,,True,2773428.33
Dota 2,2022Q3,2022-07-01,5748141.73,random_forest,Random forest,source,historical,0,2025Q4,analysis_release_v1_20261005T194400349609Z,2026-10-08T15:00:13.610744+00:00,False,source_coverage_unverified,,,,,,,,,,,,,,True,5748141.73
Dota 2,2022Q4,2022-10-01,19587501.0,random_forest,Random forest,source,historical,0,2025Q4,analysis_release_v1_20261005T194400349609Z,2026-10-08T15:00:13.610744+00:00,False,source_coverage_unverified,,,,,,,,,,,,,,True,19587501.0
Dota 2,2023Q1,2023-01-01,3889830.32,random_forest,Random forest,source,historical,0,2025Q4,analysis_release_v1_20261005T194400349609Z,2026-10-08T15:00:13.610744+00:00,False,source_coverage_unverified,,,,,,,,,,,,,,True,3889830.32
Dota 2,2023Q2,2023-04-01,5446416.48,random_forest,Random forest,source,historical,0,2025Q4,analysis_release_v1_20261005T194400349609Z,2026-10-08T15:00:13.610744+00:00,False,source_coverage_unverified,,,,,,,,,,,,,,True,5446416.48
Dota 2,2023Q3,2023-07-01,16788532.07,random_forest,Random forest,source,historical,0,2025Q4,analysis_release_v1_20261005T194400349609Z,2026-10-08T15:00:13.610744+00:00,False,source_coverage_unverified,,,,,,,,,,,,,,True,16788532.07
Dota 2,2023Q4,2023-10-01,4709096.64,random_forest,Random forest,source,historical,0,2025Q4,analysis_release_v1_20261005T194400349609Z,2026-10-08T15:00:13.610744+00:00,False,source_coverage_unverified,,,,,,,,,,,,,,True,4709096.64
Dota 2,2024Q1,2024-01-01,4663736.6,random_forest,Random forest,source,historical,0,2025Q4,analysis_release_v1_20261005T194400349609Z,2026-10-08T15:00:13.610744+00:00,False,source_coverage_unverified,,,,,,,,,,,,,,True,4663736.6
Dota 2,2024Q2,2024-04-01,3795205.76,random_forest,Random forest,source,historical,0,2025Q4,analysis_release_v1_20261005T194400349609Z,2026-10-08T15:00:13.610744+00:00,False,source_coverage_unverified,,,,,,,,,,,,,,True,3795205.76
Dota 2,2024Q3,2024-07-01,9504705.2,random_forest,Random forest,source,historical,0,2025Q4,analysis_release_v1_20261005T194400349609Z,2026-10-08T15:00:13.610744+00:00,False,source_coverage_unverified,,,,,,,,,,,,,,True,9504705.2
Dota 2,2024Q4,2024-10-01,5849012.0,random_forest,Random forest,source,historical,0,2025Q4,analysis_release_v1_20261005T194400349609Z,2026-10-08T15:00:13.610744+00:00,False,source_coverage_unverified,,,,,,,,,,,,,,True,5849012.0
Dota 2,2025Q1,2025-01-01,4292000.0,random_forest,Random forest,source,historical,0,2025Q4,analysis_release_v1_20261005T194400349609Z,2026-10-08T15:00:13.610744+00:00,False,source_coverage_unverified,,,,,,,,,,,,,,True,4292000.0
Dota 2,2025Q2,2025-04-01,5300000.0,random_forest,Random forest,source,historical,0,2025Q4,analysis_release_v1_20261005T194400349609Z,2026-10-08T15:00:13.610744+00:00,False,source_coverage_unverified,,,,,,,,,,,,,,True,5300000.0
Dota 2,2025Q3,2025-07-01,5881466.0,random_forest,Random forest,source,historical,0,2025Q4,analysis_release_v1_20261005T194400349609Z,2026-10-08T15:00:13.610744+00:00,False,source_coverage_unverified,,,,,,,,,,,,,,True,5881466.0
Dota 2,2025Q4,2025-10-01,1000000.0,random_forest,Random forest,source,historical,0,2025Q4,analysis_release_v1_20261005T194400349609Z,2026-10-08T15:00:13.610744+00:00,False,source_coverage_unverified,,,,,,,,,,,,,,True,1000000.0
Dota 2,2026Q1,2026-01-01,,random_forest,Random forest,source,forecast,1,2025Q4,analysis_release_v1_20261005T194400349609Z,2026-10-08T15:00:13.610744+00:00,False,source_coverage_unverified,6712916.186321749,2025Q4,0.0,0.0,False,False,recursive_multi_step,8.0,0.0,15876392.845584586,exploratory_80pct_not_guaranteed,False,future_not_evaluated,True,6712916.186321749
Dota 2,2026Q2,2026-04-01,,random_forest,Random forest,source,forecast,2,2025Q4,analysis_release_v1_20261005T194400349609Z,2026-10-08T15:00:13.610744+00:00,False,source_coverage_unverified,4724385.642869139,2025Q4,0.0,0.0,False,True,recursive_multi_step,8.0,0.0,16243619.65167621,exploratory_80pct_not_guaranteed,False,future_not_evaluated,True,4724385.642869139
Dota 2,2026Q3,2026-07-01,,random_forest,Random forest,source,forecast,3,2025Q4,analysis_release_v1_20261005T194400349609Z,2026-10-08T15:00:13.610744+00:00,False,source_coverage_unverified,5783600.558998439,2025Q4,0.0,0.0,False,True,recursive_multi_step,8.0,0.0,17302834.56780551,exploratory_80pct_not_guaranteed,False,future_not_evaluated,True,5783600.558998439
Dota 2,2026Q4,2026-10-01,,random_forest,Random forest,source,forecast,4,2025Q4,analysis_release_v1_20261005T194400349609Z,2026-10-08T15:00:13.610744+00:00,False,source_coverage_unverified,4691573.331354377,2025Q4,0.0,0.0,False,True,recursive_multi_step,8.0,0.0,16210807.340161446,exploratory_80pct_not_guaranteed,False,future_not_evaluated,True,4691573.331354377
League of Legends,2012Q1,2012-01-01,428647.6,random_forest,Random forest,source,historical,0,2025Q4,analysis_release_v1_20261005T194400349609Z,2026-10-08T15:00:13.610744+00:00,False,source_coverage_unverified,,,,,,,,,,,,,,True,428647.6
League of Legends,2012Q2,2012-04-01,535276.75,random_forest,Random forest,source,historical,0,2025Q4,analysis_release_v1_20261005T194400349609Z,2026-10-08T15:00:13.610744+00:00,False,source_coverage_unverified,,,,,,,,,,,,,,True,535276.75
League of Legends,2012Q3,2012-07-01,657926.54,random_forest,Random forest,source,historical,0,2025Q4,analysis_release_v1_20261005T194400349609Z,2026-10-08T15:00:13.610744+00:00,False,source_coverage_unverified,,,,,,,,,,,,,,True,657926.54
League of Legends,2012Q4,2012-10-01,2980584.01,random_forest,Random forest,source,historical,0,2025Q4,analysis_release_v1_20261005T194400349609Z,2026-10-08T15:00:13.610744+00:00,False,source_coverage_unverified,,,,,,,,,,,,,,True,2980584.01
League of Legends,2013Q1,2013-01-01,823438.05,random_forest,Random forest,source,historical,0,2025Q4,analysis_release_v1_20261005T194400349609Z,2026-10-08T15:00:13.610744+00:00,False,source_coverage_unverified,,,,,,,,,,,,,,True,823438.05
League of Legends,2013Q2,2013-04-01,1231073.73,random_forest,Random forest,source,historical,0,2025Q4,analysis_release_v1_20261005T194400349609Z,2026-10-08T15:00:13.610744+00:00,False,source_coverage_unverified,,,,,,,,,,,,,,True,1231073.73
League of Legends,2013Q3,2013-07-01,3116312.07,random_forest,Random forest,source,historical,0,2025Q4,analysis_release_v1_20261005T194400349609Z,2026-10-08T15:00:13.610744+00:00,False,source_coverage_unverified,,,,,,,,,,,,,,True,3116312.07
League of Legends,2013Q4,2013-10-01,1408932.5,random_forest,Random forest,source,historical,0,2025Q4,analysis_release_v1_20261005T194400349609Z,2026-10-08T15:00:13.610744+00:00,False,source_coverage_unverified,,,,,,,,,,,,,,True,1408932.5
League of Legends,2014Q1,2014-01-01,1772398.12,random_forest,Random forest,source,historical,0,2025Q4,analysis_release_v1_20261005T194400349609Z,2026-10-08T15:00:13.610744+00:00,False,source_coverage_unverified,,,,,,,,,,,,,,True,1772398.12
League of Legends,2014Q2,2014-04-01,2009275.53,random_forest,Random forest,source,historical,0,2025Q4,analysis_release_v1_20261005T194400349609Z,2026-10-08T15:00:13.610744+00:00,False,source_coverage_unverified,,,,,,,,,,,,,,True,2009275.53
League of Legends,2014Q3,2014-07-01,2777184.54,random_forest,Random forest,source,historical,0,2025Q4,analysis_release_v1_20261005T194400349609Z,2026-10-08T15:00:13.610744+00:00,False,source_coverage_unverified,,,,,,,,,,,,,,True,2777184.54
League of Legends,2014Q4,2014-10-01,1100496.06,random_forest,Random forest,source,historical,0,2025Q4,analysis_release_v1_20261005T194400349609Z,2026-10-08T15:00:13.610744+00:00,False,source_coverage_unverified,,,,,,,,,,,,,,True,1100496.06
League of Legends,2015Q1,2015-01-01,1969109.44,random_forest,Random forest,source,historical,0,2025Q4,analysis_release_v1_20261005T194400349609Z,2026-10-08T15:00:13.610744+00:00,False,source_coverage_unverified,,,,,,,,,,,,,,True,1969109.44
League of Legends,2015Q2,2015-04-01,2186227.08,random_forest,Random forest,source,historical,0,2025Q4,analysis_release_v1_20261005T194400349609Z,2026-10-08T15:00:13.610744+00:00,False,source_coverage_unverified,,,,,,,,,,,,,,True,2186227.08
League of Legends,2015Q3,2015-07-01,318841.56,random_forest,Random forest,source,historical,0,2025Q4,analysis_release_v1_20261005T194400349609Z,2026-10-08T15:00:13.610744+00:00,False,source_coverage_unverified,,,,,,,,,,,,,,True,318841.56
League of Legends,2015Q4,2015-10-01,3091295.92,random_forest,Random forest,source,historical,0,2025Q4,analysis_release_v1_20261005T194400349609Z,2026-10-08T15:00:13.610744+00:00,False,source_coverage_unverified,,,,,,,,,,,,,,True,3091295.92
League of Legends,2016Q1,2016-01-01,1949732.74,random_forest,Random forest,source,historical,0,2025Q4,analysis_release_v1_20261005T194400349609Z,2026-10-08T15:00:13.610744+00:00,False,source_coverage_unverified,,,,,,,,,,,,,,True,1949732.74
League of Legends,2016Q2,2016-04-01,2365342.3,random_forest,Random forest,source,historical,0,2025Q4,analysis_release_v1_20261005T194400349609Z,2026-10-08T15:00:13.610744+00:00,False,source_coverage_unverified,,,,,,,,,,,,,,True,2365342.3
League of Legends,2016Q3,2016-07-01,5415987.99,random_forest,Random forest,source,historical,0,2025Q4,analysis_release_v1_20261005T194400349609Z,2026-10-08T15:00:13.610744+00:00,False,source_coverage_unverified,,,,,,,,,,,,,,True,5415987.99
League of Legends,2016Q4,2016-10-01,787775.11,random_forest,Random forest,source,historical,0,2025Q4,analysis_release_v1_20261005T194400349609Z,2026-10-08T15:00:13.610744+00:00,False,source_coverage_unverified,,,,,,,,,,,,,,True,787775.11
League of Legends,2017Q1,2017-01-01,2268568.42,random_forest,Random forest,source,historical,0,2025Q4,analysis_release_v1_20261005T194400349609Z,2026-10-08T15:00:13.610744+00:00,False,source_coverage_unverified,,,,,,,,,,,,,,True,2268568.42
League of Legends,2017Q2,2017-04-01,3943979.96,random_forest,Random forest,source,historical,0,2025Q4,analysis_release_v1_20261005T194400349609Z,2026-10-08T15:00:13.610744+00:00,False,source_coverage_unverified,,,,,,,,,,,,,,True,3943979.96
League of Legends,2017Q3,2017-07-01,5572061.11,random_forest,Random forest,source,historical,0,2025Q4,analysis_release_v1_20261005T194400349609Z,2026-10-08T15:00:13.610744+00:00,False,source_coverage_unverified,,,,,,,,,,,,,,True,5572061.11
League of Legends,2017Q4,2017-10-01,644625.2,random_forest,Random forest,source,historical,0,2025Q4,analysis_release_v1_20261005T194400349609Z,2026-10-08T15:00:13.610744+00:00,False,source_coverage_unverified,,,,,,,,,,,,,,True,644625.2
League of Legends,2018Q1,2018-01-01,2560287.96,random_forest,Random forest,source,historical,0,2025Q4,analysis_release_v1_20261005T194400349609Z,2026-10-08T15:00:13.610744+00:00,False,source_coverage_unverified,,,,,,,,,,,,,,True,2560287.96
League of Legends,2018Q2,2018-04-01,3408536.56,random_forest,Random forest,source,historical,0,2025Q4,analysis_release_v1_20261005T194400349609Z,2026-10-08T15:00:13.610744+00:00,False,source_coverage_unverified,,,,,,,,,,,,,,True,3408536.56
League of Legends,2018Q3,2018-07-01,1367808.82,random_forest,Random forest,source,historical,0,2025Q4,analysis_release_v1_20261005T194400349609Z,2026-10-08T15:00:13.610744+00:00,False,source_coverage_unverified,,,,,,,,,,,,,,True,1367808.82
League of Legends,2018Q4,2018-10-01,7148500.88,random_forest,Random forest,source,historical,0,2025Q4,analysis_release_v1_20261005T194400349609Z,2026-10-08T15:00:13.610744+00:00,False,source_coverage_unverified,,,,,,,,,,,,,,True,7148500.88
League of Legends,2019Q1,2019-01-01,2456213.06,random_forest,Random forest,source,historical,0,2025Q4,analysis_release_v1_20261005T194400349609Z,2026-10-08T15:00:13.610744+00:00,False,source_coverage_unverified,,,,,,,,,,,,,,True,2456213.06
League of Legends,2019Q2,2019-04-01,3764401.06,random_forest,Random forest,source,historical,0,2025Q4,analysis_release_v1_20261005T194400349609Z,2026-10-08T15:00:13.610744+00:00,False,source_coverage_unverified,,,,,,,,,,,,,,True,3764401.06
League of Legends,2019Q3,2019-07-01,660421.59,random_forest,Random forest,source,historical,0,2025Q4,analysis_release_v1_20261005T194400349609Z,2026-10-08T15:00:13.610744+00:00,False,source_coverage_unverified,,,,,,,,,,,,,,True,660421.59
League of Legends,2019Q4,2019-10-01,3656483.11,random_forest,Random forest,source,historical,0,2025Q4,analysis_release_v1_20261005T194400349609Z,2026-10-08T15:00:13.610744+00:00,False,source_coverage_unverified,,,,,,,,,,,,,,True,3656483.11
League of Legends,2020Q1,2020-01-01,2453005.03,random_forest,Random forest,source,historical,0,2025Q4,analysis_release_v1_20261005T194400349609Z,2026-10-08T15:00:13.610744+00:00,False,source_coverage_unverified,,,,,,,,,,,,,,True,2453005.03
League of Legends,2020Q2,2020-04-01,2745766.28,random_forest,Random forest,source,historical,0,2025Q4,analysis_release_v1_20261005T194400349609Z,2026-10-08T15:00:13.610744+00:00,False,source_coverage_unverified,,,,,,,,,,,,,,True,2745766.28
League of Legends,2020Q3,2020-07-01,2907138.69,random_forest,Random forest,source,historical,0,2025Q4,analysis_release_v1_20261005T194400349609Z,2026-10-08T15:00:13.610744+00:00,False,source_coverage_unverified,,,,,,,,,,,,,,True,2907138.69
League of Legends,2020Q4,2020-10-01,631321.5,random_forest,Random forest,source,historical,0,2025Q4,analysis_release_v1_20261005T194400349609Z,2026-10-08T15:00:13.610744+00:00,False,source_coverage_unverified,,,,,,,,,,,,,,True,631321.5
League of Legends,2021Q1,2021-01-01,2781222.14,random_forest,Random forest,source,historical,0,2025Q4,analysis_release_v1_20261005T194400349609Z,2026-10-08T15:00:13.610744+00:00,False,source_coverage_unverified,,,,,,,,,,,,,,True,2781222.14
League of Legends,2021Q2,2021-04-01,2464906.05,random_forest,Random forest,source,historical,0,2025Q4,analysis_release_v1_20261005T194400349609Z,2026-10-08T15:00:13.610744+00:00,False,source_coverage_unverified,,,,,,,,,,,,,,True,2464906.05
League of Legends,2021Q3,2021-07-01,501506.4,random_forest,Random forest,source,historical,0,2025Q4,analysis_release_v1_20261005T194400349609Z,2026-10-08T15:00:13.610744+00:00,False,source_coverage_unverified,,,,,,,,,,,,,,True,501506.4
League of Legends,2021Q4,2021-10-01,2570506.37,random_forest,Random forest,source,historical,0,2025Q4,analysis_release_v1_20261005T194400349609Z,2026-10-08T15:00:13.610744+00:00,False,source_coverage_unverified,,,,,,,,,,,,,,True,2570506.37
League of Legends,2022Q1,2022-01-01,2469967.53,random_forest,Random forest,source,historical,0,2025Q4,analysis_release_v1_20261005T194400349609Z,2026-10-08T15:00:13.610744+00:00,False,source_coverage_unverified,,,,,,,,,,,,,,True,2469967.53
League of Legends,2022Q2,2022-04-01,2451489.86,random_forest,Random forest,source,historical,0,2025Q4,analysis_release_v1_20261005T194400349609Z,2026-10-08T15:00:13.610744+00:00,False,source_coverage_unverified,,,,,,,,,,,,,,True,2451489.86
League of Legends,2022Q3,2022-07-01,2829812.09,random_forest,Random forest,source,historical,0,2025Q4,analysis_release_v1_20261005T194400349609Z,2026-10-08T15:00:13.610744+00:00,False,source_coverage_unverified,,,,,,,,,,,,,,True,2829812.09
League of Legends,2022Q4,2022-10-01,487090.47,random_forest,Random forest,source,historical,0,2025Q4,analysis_release_v1_20261005T194400349609Z,2026-10-08T15:00:13.610744+00:00,False,source_coverage_unverified,,,,,,,,,,,,,,True,487090.47
League of Legends,2023Q1,2023-01-01,2134893.19,random_forest,Random forest,source,historical,0,2025Q4,analysis_release_v1_20261005T194400349609Z,2026-10-08T15:00:13.610744+00:00,False,source_coverage_unverified,,,,,,,,,,,,,,True,2134893.19
League of Legends,2023Q2,2023-04-01,2655601.88,random_forest,Random forest,source,historical,0,2025Q4,analysis_release_v1_20261005T194400349609Z,2026-10-08T15:00:13.610744+00:00,False,source_coverage_unverified,,,,,,,,,,,,,,True,2655601.88
League of Legends,2023Q3,2023-07-01,466577.1,random_forest,Random forest,source,historical,0,2025Q4,analysis_release_v1_20261005T194400349609Z,2026-10-08T15:00:13.610744+00:00,False,source_coverage_unverified,,,,,,,,,,,,,,True,466577.1
League of Legends,2023Q4,2023-10-01,2539820.16,random_forest,Random forest,source,historical,0,2025Q4,analysis_release_v1_20261005T194400349609Z,2026-10-08T15:00:13.610744+00:00,False,source_coverage_unverified,,,,,,,,,,,,,,True,2539820.16
League of Legends,2024Q1,2024-01-01,1852987.38,random_forest,Random forest,source,historical,0,2025Q4,analysis_release_v1_20261005T194400349609Z,2026-10-08T15:00:13.610744+00:00,False,source_coverage_unverified,,,,,,,,,,,,,,True,1852987.38
League of Legends,2024Q2,2024-04-01,2314419.65,random_forest,Random forest,source,historical,0,2025Q4,analysis_release_v1_20261005T194400349609Z,2026-10-08T15:00:13.610744+00:00,False,source_coverage_unverified,,,,,,,,,,,,,,True,2314419.65
League of Legends,2024Q3,2024-07-01,3946441.75,random_forest,Random forest,source,historical,0,2025Q4,analysis_release_v1_20261005T194400349609Z,2026-10-08T15:00:13.610744+00:00,False,source_coverage_unverified,,,,,,,,,,,,,,True,3946441.75
League of Legends,2024Q4,2024-10-01,516049.87,random_forest,Random forest,source,historical,0,2025Q4,analysis_release_v1_20261005T194400349609Z,2026-10-08T15:00:13.610744+00:00,False,source_coverage_unverified,,,,,,,,,,,,,,True,516049.87
League of Legends,2025Q1,2025-01-01,1268038.9,random_forest,Random forest,source,historical,0,2025Q4,analysis_release_v1_20261005T194400349609Z,2026-10-08T15:00:13.610744+00:00,False,source_coverage_unverified,,,,,,,,,,,,,,True,1268038.9
League of Legends,2025Q2,2025-04-01,2011163.2,random_forest,Random forest,source,historical,0,2025Q4,analysis_release_v1_20261005T194400349609Z,2026-10-08T15:00:13.610744+00:00,False,source_coverage_unverified,,,,,,,,,,,,,,True,2011163.2
League of Legends,2025Q3,2025-07-01,2000000.0,random_forest,Random forest,source,historical,0,2025Q4,analysis_release_v1_20261005T194400349609Z,2026-10-08T15:00:13.610744+00:00,False,source_coverage_unverified,,,,,,,,,,,,,,True,2000000.0
League of Legends,2025Q4,2025-10-01,,random_forest,Random forest,source,historical_missing,0,2025Q4,analysis_release_v1_20261005T194400349609Z,2026-10-08T15:00:13.610744+00:00,False,source_coverage_unverified,,,,,,,,,,,,,,True,
League of Legends,2026Q1,2026-01-01,,random_forest,Random forest,source,forecast,1,2025Q4,analysis_release_v1_20261005T194400349609Z,2026-10-08T15:00:13.610744+00:00,False,source_coverage_unverified;missing_recent_actual,2037788.6875730609,2025Q3,1.0,1.0,False,False,recursive_multi_step,8.0,0.0,5775884.855815638,exploratory_80pct_not_guaranteed,False,future_not_evaluated,True,2037788.6875730609
League of Legends,2026Q2,2026-04-01,,random_forest,Random forest,source,forecast,2,2025Q4,analysis_release_v1_20261005T194400349609Z,2026-10-08T15:00:13.610744+00:00,False,source_coverage_unverified;missing_recent_actual,2333741.5798323518,2025Q3,1.0,1.0,False,True,recursive_multi_step,8.0,0.0,6375469.796748847,exploratory_80pct_not_guaranteed,False,future_not_evaluated,True,2333741.5798323518
League of Legends,2026Q3,2026-07-01,,random_forest,Random forest,source,forecast,3,2025Q4,analysis_release_v1_20261005T194400349609Z,2026-10-08T15:00:13.610744+00:00,False,source_coverage_unverified;missing_recent_actual,1976566.0725696438,2025Q3,1.0,0.0,False,True,recursive_multi_step,8.0,0.0,8316160.251350591,exploratory_80pct_not_guaranteed,False,future_not_evaluated,True,1976566.0725696438
League of Legends,2026Q4,2026-10-01,,random_forest,Random forest,source,forecast,4,2025Q4,analysis_release_v1_20261005T194400349609Z,2026-10-08T15:00:13.610744+00:00,False,source_coverage_unverified;missing_recent_actual,2101471.4419758325,2025Q3,1.0,1.0,False,True,recursive_multi_step,8.0,0.0,8441065.620756779,exploratory_80pct_not_guaranteed,False,future_not_evaluated,True,2101471.4419758325
Valorant,2012Q1,2012-01-01,,random_forest,Random forest,source,historical_missing,0,2025Q4,analysis_release_v1_20261005T194400349609Z,2026-10-08T15:00:13.610744+00:00,False,source_coverage_unverified,,,,,,,,,,,,,,True,
Valorant,2012Q2,2012-04-01,,random_forest,Random forest,source,historical_missing,0,2025Q4,analysis_release_v1_20261005T194400349609Z,2026-10-08T15:00:13.610744+00:00,False,source_coverage_unverified,,,,,,,,,,,,,,True,
Valorant,2012Q3,2012-07-01,,random_forest,Random forest,source,historical_missing,0,2025Q4,analysis_release_v1_20261005T194400349609Z,2026-10-08T15:00:13.610744+00:00,False,source_coverage_unverified,,,,,,,,,,,,,,True,
Valorant,2012Q4,2012-10-01,,random_forest,Random forest,source,historical_missing,0,2025Q4,analysis_release_v1_20261005T194400349609Z,2026-10-08T15:00:13.610744+00:00,False,source_coverage_unverified,,,,,,,,,,,,,,True,
Valorant,2013Q1,2013-01-01,,random_forest,Random forest,source,historical_missing,0,2025Q4,analysis_release_v1_20261005T194400349609Z,2026-10-08T15:00:13.610744+00:00,False,source_coverage_unverified,,,,,,,,,,,,,,True,
Valorant,2013Q2,2013-04-01,,random_forest,Random forest,source,historical_missing,0,2025Q4,analysis_release_v1_20261005T194400349609Z,2026-10-08T15:00:13.610744+00:00,False,source_coverage_unverified,,,,,,,,,,,,,,True,
Valorant,2013Q3,2013-07-01,,random_forest,Random forest,source,historical_missing,0,2025Q4,analysis_release_v1_20261005T194400349609Z,2026-10-08T15:00:13.610744+00:00,False,source_coverage_unverified,,,,,,,,,,,,,,True,
Valorant,2013Q4,2013-10-01,,random_forest,Random forest,source,historical_missing,0,2025Q4,analysis_release_v1_20261005T194400349609Z,2026-10-08T15:00:13.610744+00:00,False,source_coverage_unverified,,,,,,,,,,,,,,True,
Valorant,2014Q1,2014-01-01,,random_forest,Random forest,source,historical_missing,0,2025Q4,analysis_release_v1_20261005T194400349609Z,2026-10-08T15:00:13.610744+00:00,False,source_coverage_unverified,,,,,,,,,,,,,,True,
Valorant,2014Q2,2014-04-01,,random_forest,Random forest,source,historical_missing,0,2025Q4,analysis_release_v1_20261005T194400349609Z,2026-10-08T15:00:13.610744+00:00,False,source_coverage_unverified,,,,,,,,,,,,,,True,
Valorant,2014Q3,2014-07-01,,random_forest,Random forest,source,historical_missing,0,2025Q4,analysis_release_v1_20261005T194400349609Z,2026-10-08T15:00:13.610744+00:00,False,source_coverage_unverified,,,,,,,,,,,,,,True,
Valorant,2014Q4,2014-10-01,,random_forest,Random forest,source,historical_missing,0,2025Q4,analysis_release_v1_20261005T194400349609Z,2026-10-08T15:00:13.610744+00:00,False,source_coverage_unverified,,,,,,,,,,,,,,True,
Valorant,2015Q1,2015-01-01,,random_forest,Random forest,source,historical_missing,0,2025Q4,analysis_release_v1_20261005T194400349609Z,2026-10-08T15:00:13.610744+00:00,False,source_coverage_unverified,,,,,,,,,,,,,,True,
Valorant,2015Q2,2015-04-01,,random_forest,Random forest,source,historical_missing,0,2025Q4,analysis_release_v1_20261005T194400349609Z,2026-10-08T15:00:13.610744+00:00,False,source_coverage_unverified,,,,,,,,,,,,,,True,
Valorant,2015Q3,2015-07-01,,random_forest,Random forest,source,historical_missing,0,2025Q4,analysis_release_v1_20261005T194400349609Z,2026-10-08T15:00:13.610744+00:00,False,source_coverage_unverified,,,,,,,,,,,,,,True,
Valorant,2015Q4,2015-10-01,,random_forest,Random forest,source,historical_missing,0,2025Q4,analysis_release_v1_20261005T194400349609Z,2026-10-08T15:00:13.610744+00:00,False,source_coverage_unverified,,,,,,,,,,,,,,True,
Valorant,2016Q1,2016-01-01,,random_forest,Random forest,source,historical_missing,0,2025Q4,analysis_release_v1_20261005T194400349609Z,2026-10-08T15:00:13.610744+00:00,False,source_coverage_unverified,,,,,,,,,,,,,,True,
Valorant,2016Q2,2016-04-01,,random_forest,Random forest,source,historical_missing,0,2025Q4,analysis_release_v1_20261005T194400349609Z,2026-10-08T15:00:13.610744+00:00,False,source_coverage_unverified,,,,,,,,,,,,,,True,
Valorant,2016Q3,2016-07-01,,random_forest,Random forest,source,historical_missing,0,2025Q4,analysis_release_v1_20261005T194400349609Z,2026-10-08T15:00:13.610744+00:00,False,source_coverage_unverified,,,,,,,,,,,,,,True,
Valorant,2016Q4,2016-10-01,,random_forest,Random forest,source,historical_missing,0,2025Q4,analysis_release_v1_20261005T194400349609Z,2026-10-08T15:00:13.610744+00:00,False,source_coverage_unverified,,,,,,,,,,,,,,True,
Valorant,2017Q1,2017-01-01,,random_forest,Random forest,source,historical_missing,0,2025Q4,analysis_release_v1_20261005T194400349609Z,2026-10-08T15:00:13.610744+00:00,False,source_coverage_unverified,,,,,,,,,,,,,,True,
Valorant,2017Q2,2017-04-01,,random_forest,Random forest,source,historical_missing,0,2025Q4,analysis_release_v1_20261005T194400349609Z,2026-10-08T15:00:13.610744+00:00,False,source_coverage_unverified,,,,,,,,,,,,,,True,
Valorant,2017Q3,2017-07-01,,random_forest,Random forest,source,historical_missing,0,2025Q4,analysis_release_v1_20261005T194400349609Z,2026-10-08T15:00:13.610744+00:00,False,source_coverage_unverified,,,,,,,,,,,,,,True,
Valorant,2017Q4,2017-10-01,,random_forest,Random forest,source,historical_missing,0,2025Q4,analysis_release_v1_20261005T194400349609Z,2026-10-08T15:00:13.610744+00:00,False,source_coverage_unverified,,,,,,,,,,,,,,True,
Valorant,2018Q1,2018-01-01,,random_forest,Random forest,source,historical_missing,0,2025Q4,analysis_release_v1_20261005T194400349609Z,2026-10-08T15:00:13.610744+00:00,False,source_coverage_unverified,,,,,,,,,,,,,,True,
Valorant,2018Q2,2018-04-01,,random_forest,Random forest,source,historical_missing,0,2025Q4,analysis_release_v1_20261005T194400349609Z,2026-10-08T15:00:13.610744+00:00,False,source_coverage_unverified,,,,,,,,,,,,,,True,
Valorant,2018Q3,2018-07-01,,random_forest,Random forest,source,historical_missing,0,2025Q4,analysis_release_v1_20261005T194400349609Z,2026-10-08T15:00:13.610744+00:00,False,source_coverage_unverified,,,,,,,,,,,,,,True,
Valorant,2018Q4,2018-10-01,,random_forest,Random forest,source,historical_missing,0,2025Q4,analysis_release_v1_20261005T194400349609Z,2026-10-08T15:00:13.610744+00:00,False,source_coverage_unverified,,,,,,,,,,,,,,True,
Valorant,2019Q1,2019-01-01,,random_forest,Random forest,source,historical_missing,0,2025Q4,analysis_release_v1_20261005T194400349609Z,2026-10-08T15:00:13.610744+00:00,False,source_coverage_unverified,,,,,,,,,,,,,,True,
Valorant,2019Q2,2019-04-01,,random_forest,Random forest,source,historical_missing,0,2025Q4,analysis_release_v1_20261005T194400349609Z,2026-10-08T15:00:13.610744+00:00,False,source_coverage_unverified,,,,,,,,,,,,,,True,
Valorant,2019Q3,2019-07-01,,random_forest,Random forest,source,historical_missing,0,2025Q4,analysis_release_v1_20261005T194400349609Z,2026-10-08T15:00:13.610744+00:00,False,source_coverage_unverified,,,,,,,,,,,,,,True,
Valorant,2019Q4,2019-10-01,,random_forest,Random forest,source,historical_missing,0,2025Q4,analysis_release_v1_20261005T194400349609Z,2026-10-08T15:00:13.610744+00:00,False,source_coverage_unverified,,,,,,,,,,,,,,True,
Valorant,2020Q1,2020-01-01,,random_forest,Random forest,source,historical_missing,0,2025Q4,analysis_release_v1_20261005T194400349609Z,2026-10-08T15:00:13.610744+00:00,False,source_coverage_unverified,,,,,,,,,,,,,,True,
Valorant,2020Q2,2020-04-01,576854.08,random_forest,Random forest,source,historical,0,2025Q4,analysis_release_v1_20261005T194400349609Z,2026-10-08T15:00:13.610744+00:00,False,source_coverage_unverified,,,,,,,,,,,,,,True,576854.08
Valorant,2020Q3,2020-07-01,790999.41,random_forest,Random forest,source,historical,0,2025Q4,analysis_release_v1_20261005T194400349609Z,2026-10-08T15:00:13.610744+00:00,False,source_coverage_unverified,,,,,,,,,,,,,,True,790999.41
Valorant,2020Q4,2020-10-01,1144095.61,random_forest,Random forest,source,historical,0,2025Q4,analysis_release_v1_20261005T194400349609Z,2026-10-08T15:00:13.610744+00:00,False,source_coverage_unverified,,,,,,,,,,,,,,True,1144095.61
Valorant,2021Q1,2021-01-01,1659880.11,random_forest,Random forest,source,historical,0,2025Q4,analysis_release_v1_20261005T194400349609Z,2026-10-08T15:00:13.610744+00:00,False,source_coverage_unverified,,,,,,,,,,,,,,True,1659880.11
Valorant,2021Q2,2021-04-01,1785690.36,random_forest,Random forest,source,historical,0,2025Q4,analysis_release_v1_20261005T194400349609Z,2026-10-08T15:00:13.610744+00:00,False,source_coverage_unverified,,,,,,,,,,,,,,True,1785690.36
Valorant,2021Q3,2021-07-01,1930279.99,random_forest,Random forest,source,historical,0,2025Q4,analysis_release_v1_20261005T194400349609Z,2026-10-08T15:00:13.610744+00:00,False,source_coverage_unverified,,,,,,,,,,,,,,True,1930279.99
Valorant,2021Q4,2021-10-01,1772691.77,random_forest,Random forest,source,historical,0,2025Q4,analysis_release_v1_20261005T194400349609Z,2026-10-08T15:00:13.610744+00:00,False,source_coverage_unverified,,,,,,,,,,,,,,True,1772691.77
Valorant,2022Q1,2022-01-01,1304697.33,random_forest,Random forest,source,historical,0,2025Q4,analysis_release_v1_20261005T194400349609Z,2026-10-08T15:00:13.610744+00:00,False,source_coverage_unverified,,,,,,,,,,,,,,True,1304697.33
Valorant,2022Q2,2022-04-01,2037957.97,random_forest,Random forest,source,historical,0,2025Q4,analysis_release_v1_20261005T194400349609Z,2026-10-08T15:00:13.610744+00:00,False,source_coverage_unverified,,,,,,,,,,,,,,True,2037957.97
Valorant,2022Q3,2022-07-01,2292525.19,random_forest,Random forest,source,historical,0,2025Q4,analysis_release_v1_20261005T194400349609Z,2026-10-08T15:00:13.610744+00:00,False,source_coverage_unverified,,,,,,,,,,,,,,True,2292525.19
Valorant,2022Q4,2022-10-01,1475056.5,random_forest,Random forest,source,historical,0,2025Q4,analysis_release_v1_20261005T194400349609Z,2026-10-08T15:00:13.610744+00:00,False,source_coverage_unverified,,,,,,,,,,,,,,True,1475056.5
Valorant,2023Q1,2023-01-01,2065247.2,random_forest,Random forest,source,historical,0,2025Q4,analysis_release_v1_20261005T194400349609Z,2026-10-08T15:00:13.610744+00:00,False,source_coverage_unverified,,,,,,,,,,,,,,True,2065247.2
Valorant,2023Q2,2023-04-01,2599106.13,random_forest,Random forest,source,historical,0,2025Q4,analysis_release_v1_20261005T194400349609Z,2026-10-08T15:00:13.610744+00:00,False,source_coverage_unverified,,,,,,,,,,,,,,True,2599106.13
Valorant,2023Q3,2023-07-01,2774496.83,random_forest,Random forest,source,historical,0,2025Q4,analysis_release_v1_20261005T194400349609Z,2026-10-08T15:00:13.610744+00:00,False,source_coverage_unverified,,,,,,,,,,,,,,True,2774496.83
Valorant,2023Q4,2023-10-01,1462425.11,random_forest,Random forest,source,historical,0,2025Q4,analysis_release_v1_20261005T194400349609Z,2026-10-08T15:00:13.610744+00:00,False,source_coverage_unverified,,,,,,,,,,,,,,True,1462425.11
Valorant,2024Q1,2024-01-01,1380403.75,random_forest,Random forest,source,historical,0,2025Q4,analysis_release_v1_20261005T194400349609Z,2026-10-08T15:00:13.610744+00:00,False,source_coverage_unverified,,,,,,,,,,,,,,True,1380403.75
Valorant,2024Q2,2024-04-01,2611976.19,random_forest,Random forest,source,historical,0,2025Q4,analysis_release_v1_20261005T194400349609Z,2026-10-08T15:00:13.610744+00:00,False,source_coverage_unverified,,,,,,,,,,,,,,True,2611976.19
Valorant,2024Q3,2024-07-01,2386340.52,random_forest,Random forest,source,historical,0,2025Q4,analysis_release_v1_20261005T194400349609Z,2026-10-08T15:00:13.610744+00:00,False,source_coverage_unverified,,,,,,,,,,,,,,True,2386340.52
Valorant,2024Q4,2024-10-01,780969.3,random_forest,Random forest,source,historical,0,2025Q4,analysis_release_v1_20261005T194400349609Z,2026-10-08T15:00:13.610744+00:00,False,source_coverage_unverified,,,,,,,,,,,,,,True,780969.3
Valorant,2025Q1,2025-01-01,529420.68,random_forest,Random forest,source,historical,0,2025Q4,analysis_release_v1_20261005T194400349609Z,2026-10-08T15:00:13.610744+00:00,False,source_coverage_unverified,,,,,,,,,,,,,,True,529420.68
Valorant,2025Q2,2025-04-01,,random_forest,Random forest,source,historical_missing,0,2025Q4,analysis_release_v1_20261005T194400349609Z,2026-10-08T15:00:13.610744+00:00,False,source_coverage_unverified,,,,,,,,,,,,,,True,
Valorant,2025Q3,2025-07-01,1250000.0,random_forest,Random forest,source,historical,0,2025Q4,analysis_release_v1_20261005T194400349609Z,2026-10-08T15:00:13.610744+00:00,False,source_coverage_unverified,,,,,,,,,,,,,,True,1250000.0
Valorant,2025Q4,2025-10-01,,random_forest,Random forest,source,historical_missing,0,2025Q4,analysis_release_v1_20261005T194400349609Z,2026-10-08T15:00:13.610744+00:00,False,source_coverage_unverified,,,,,,,,,,,,,,True,
Valorant,2026Q1,2026-01-01,,random_forest,Random forest,source,forecast,1,2025Q4,analysis_release_v1_20261005T194400349609Z,2026-10-08T15:00:13.610744+00:00,False,source_coverage_unverified;missing_recent_actual,1874913.4232357983,2025Q3,2.0,1.0,False,False,recursive_multi_step,8.0,99591.73366456246,3650235.112807034,exploratory_80pct_not_guaranteed,False,future_not_evaluated,True,1874913.4232357983
Valorant,2026Q2,2026-04-01,,random_forest,Random forest,source,forecast,2,2025Q4,analysis_release_v1_20261005T194400349609Z,2026-10-08T15:00:13.610744+00:00,False,source_coverage_unverified;missing_recent_actual,2991194.58257455,2025Q3,2.0,2.0,False,True,recursive_multi_step,8.0,942434.1758217332,5039954.989327367,exploratory_80pct_not_guaranteed,False,future_not_evaluated,True,2991194.58257455
Valorant,2026Q3,2026-07-01,,random_forest,Random forest,source,forecast,3,2025Q4,analysis_release_v1_20261005T194400349609Z,2026-10-08T15:00:13.610744+00:00,False,source_coverage_unverified;missing_recent_actual,2156453.8692770316,2025Q3,2.0,0.0,False,True,recursive_multi_step,8.0,0.0,5979720.824249458,exploratory_80pct_not_guaranteed,False,future_not_evaluated,True,2156453.8692770316
Valorant,2026Q4,2026-10-01,,random_forest,Random forest,source,forecast,4,2025Q4,analysis_release_v1_20261005T194400349609Z,2026-10-08T15:00:13.610744+00:00,False,source_coverage_unverified;missing_recent_actual,3243562.616643889,2025Q3,2.0,1.0,False,True,recursive_multi_step,8.0,0.0,7066829.571616314,exploratory_80pct_not_guaranteed,False,future_not_evaluated,True,3243562.616643889
Counter-Strike,2012Q1,2012-01-01,647.66,seasonal_naive,Seasonal naive (t-4),source,historical,0,2025Q4,analysis_release_v1_20261005T194400349609Z,2026-10-08T15:00:13.610744+00:00,False,source_coverage_unverified,,,,,,,,,,,,,,False,647.66
Counter-Strike,2012Q2,2012-04-01,1309.33,seasonal_naive,Seasonal naive (t-4),source,historical,0,2025Q4,analysis_release_v1_20261005T194400349609Z,2026-10-08T15:00:13.610744+00:00,False,source_coverage_unverified,,,,,,,,,,,,,,False,1309.33
Counter-Strike,2012Q3,2012-07-01,13580.49,seasonal_naive,Seasonal naive (t-4),source,historical,0,2025Q4,analysis_release_v1_20261005T194400349609Z,2026-10-08T15:00:13.610744+00:00,False,source_coverage_unverified,,,,,,,,,,,,,,False,13580.49
Counter-Strike,2012Q4,2012-10-01,223336.45,seasonal_naive,Seasonal naive (t-4),source,historical,0,2025Q4,analysis_release_v1_20261005T194400349609Z,2026-10-08T15:00:13.610744+00:00,False,source_coverage_unverified,,,,,,,,,,,,,,False,223336.45
Counter-Strike,2013Q1,2013-01-01,166541.33,seasonal_naive,Seasonal naive (t-4),source,historical,0,2025Q4,analysis_release_v1_20261005T194400349609Z,2026-10-08T15:00:13.610744+00:00,False,source_coverage_unverified,,,,,,,,,,,,,,False,166541.33
Counter-Strike,2013Q2,2013-04-01,333330.03,seasonal_naive,Seasonal naive (t-4),source,historical,0,2025Q4,analysis_release_v1_20261005T194400349609Z,2026-10-08T15:00:13.610744+00:00,False,source_coverage_unverified,,,,,,,,,,,,,,False,333330.03
Counter-Strike,2013Q3,2013-07-01,173009.72,seasonal_naive,Seasonal naive (t-4),source,historical,0,2025Q4,analysis_release_v1_20261005T194400349609Z,2026-10-08T15:00:13.610744+00:00,False,source_coverage_unverified,,,,,,,,,,,,,,False,173009.72
Counter-Strike,2013Q4,2013-10-01,536121.35,seasonal_naive,Seasonal naive (t-4),source,historical,0,2025Q4,analysis_release_v1_20261005T194400349609Z,2026-10-08T15:00:13.610744+00:00,False,source_coverage_unverified,,,,,,,,,,,,,,False,536121.35
Counter-Strike,2014Q1,2014-01-01,492559.69,seasonal_naive,Seasonal naive (t-4),source,historical,0,2025Q4,analysis_release_v1_20261005T194400349609Z,2026-10-08T15:00:13.610744+00:00,False,source_coverage_unverified,,,,,,,,,,,,,,False,492559.69
Counter-Strike,2014Q2,2014-04-01,264077.74,seasonal_naive,Seasonal naive (t-4),source,historical,0,2025Q4,analysis_release_v1_20261005T194400349609Z,2026-10-08T15:00:13.610744+00:00,False,source_coverage_unverified,,,,,,,,,,,,,,False,264077.74
Counter-Strike,2014Q3,2014-07-01,662624.16,seasonal_naive,Seasonal naive (t-4),source,historical,0,2025Q4,analysis_release_v1_20261005T194400349609Z,2026-10-08T15:00:13.610744+00:00,False,source_coverage_unverified,,,,,,,,,,,,,,False,662624.16
Counter-Strike,2014Q4,2014-10-01,627674.34,seasonal_naive,Seasonal naive (t-4),source,historical,0,2025Q4,analysis_release_v1_20261005T194400349609Z,2026-10-08T15:00:13.610744+00:00,False,source_coverage_unverified,,,,,,,,,,,,,,False,627674.34
Counter-Strike,2015Q1,2015-01-01,911629.04,seasonal_naive,Seasonal naive (t-4),source,historical,0,2025Q4,analysis_release_v1_20261005T194400349609Z,2026-10-08T15:00:13.610744+00:00,False,source_coverage_unverified,,,,,,,,,,,,,,False,911629.04
Counter-Strike,2015Q2,2015-04-01,1237422.96,seasonal_naive,Seasonal naive (t-4),source,historical,0,2025Q4,analysis_release_v1_20261005T194400349609Z,2026-10-08T15:00:13.610744+00:00,False,source_coverage_unverified,,,,,,,,,,,,,,False,1237422.96
Counter-Strike,2015Q3,2015-07-01,2111923.33,seasonal_naive,Seasonal naive (t-4),source,historical,0,2025Q4,analysis_release_v1_20261005T194400349609Z,2026-10-08T15:00:13.610744+00:00,False,source_coverage_unverified,,,,,,,,,,,,,,False,2111923.33
Counter-Strike,2015Q4,2015-10-01,2001255.07,seasonal_naive,Seasonal naive (t-4),source,historical,0,2025Q4,analysis_release_v1_20261005T194400349609Z,2026-10-08T15:00:13.610744+00:00,False,source_coverage_unverified,,,,,,,,,,,,,,False,2001255.07
Counter-Strike,2016Q1,2016-01-01,3240269.35,seasonal_naive,Seasonal naive (t-4),source,historical,0,2025Q4,analysis_release_v1_20261005T194400349609Z,2026-10-08T15:00:13.610744+00:00,False,source_coverage_unverified,,,,,,,,,,,,,,False,3240269.35
Counter-Strike,2016Q2,2016-04-01,4811082.69,seasonal_naive,Seasonal naive (t-4),source,historical,0,2025Q4,analysis_release_v1_20261005T194400349609Z,2026-10-08T15:00:13.610744+00:00,False,source_coverage_unverified,,,,,,,,,,,,,,False,4811082.69
Counter-Strike,2016Q3,2016-07-01,3557892.42,seasonal_naive,Seasonal naive (t-4),source,historical,0,2025Q4,analysis_release_v1_20261005T194400349609Z,2026-10-08T15:00:13.610744+00:00,False,source_coverage_unverified,,,,,,,,,,,,,,False,3557892.42
Counter-Strike,2016Q4,2016-10-01,5626309.06,seasonal_naive,Seasonal naive (t-4),source,historical,0,2025Q4,analysis_release_v1_20261005T194400349609Z,2026-10-08T15:00:13.610744+00:00,False,source_coverage_unverified,,,,,,,,,,,,,,False,5626309.06
Counter-Strike,2017Q1,2017-01-01,4369823.24,seasonal_naive,Seasonal naive (t-4),source,historical,0,2025Q4,analysis_release_v1_20261005T194400349609Z,2026-10-08T15:00:13.610744+00:00,False,source_coverage_unverified,,,,,,,,,,,,,,False,4369823.24
Counter-Strike,2017Q2,2017-04-01,4352307.6,seasonal_naive,Seasonal naive (t-4),source,historical,0,2025Q4,analysis_release_v1_20261005T194400349609Z,2026-10-08T15:00:13.610744+00:00,False,source_coverage_unverified,,,,,,,,,,,,,,False,4352307.6
Counter-Strike,2017Q3,2017-07-01,6280979.45,seasonal_naive,Seasonal naive (t-4),source,historical,0,2025Q4,analysis_release_v1_20261005T194400349609Z,2026-10-08T15:00:13.610744+00:00,False,source_coverage_unverified,,,,,,,,,,,,,,False,6280979.45
Counter-Strike,2017Q4,2017-10-01,5342316.19,seasonal_naive,Seasonal naive (t-4),source,historical,0,2025Q4,analysis_release_v1_20261005T194400349609Z,2026-10-08T15:00:13.610744+00:00,False,source_coverage_unverified,,,,,,,,,,,,,,False,5342316.19
Counter-Strike,2018Q1,2018-01-01,6205645.23,seasonal_naive,Seasonal naive (t-4),source,historical,0,2025Q4,analysis_release_v1_20261005T194400349609Z,2026-10-08T15:00:13.610744+00:00,False,source_coverage_unverified,,,,,,,,,,,,,,False,6205645.23
Counter-Strike,2018Q2,2018-04-01,4759226.96,seasonal_naive,Seasonal naive (t-4),source,historical,0,2025Q4,analysis_release_v1_20261005T194400349609Z,2026-10-08T15:00:13.610744+00:00,False,source_coverage_unverified,,,,,,,,,,,,,,False,4759226.96
Counter-Strike,2018Q3,2018-07-01,5380906.34,seasonal_naive,Seasonal naive (t-4),source,historical,0,2025Q4,analysis_release_v1_20261005T194400349609Z,2026-10-08T15:00:13.610744+00:00,False,source_coverage_unverified,,,,,,,,,,,,,,False,5380906.34
Counter-Strike,2018Q4,2018-10-01,6038494.57,seasonal_naive,Seasonal naive (t-4),source,historical,0,2025Q4,analysis_release_v1_20261005T194400349609Z,2026-10-08T15:00:13.610744+00:00,False,source_coverage_unverified,,,,,,,,,,,,,,False,6038494.57
Counter-Strike,2019Q1,2019-01-01,5782979.69,seasonal_naive,Seasonal naive (t-4),source,historical,0,2025Q4,analysis_release_v1_20261005T194400349609Z,2026-10-08T15:00:13.610744+00:00,False,source_coverage_unverified,,,,,,,,,,,,,,False,5782979.69
Counter-Strike,2019Q2,2019-04-01,4661892.87,seasonal_naive,Seasonal naive (t-4),source,historical,0,2025Q4,analysis_release_v1_20261005T194400349609Z,2026-10-08T15:00:13.610744+00:00,False,source_coverage_unverified,,,,,,,,,,,,,,False,4661892.87
Counter-Strike,2019Q3,2019-07-01,5879634.64,seasonal_naive,Seasonal naive (t-4),source,historical,0,2025Q4,analysis_release_v1_20261005T194400349609Z,2026-10-08T15:00:13.610744+00:00,False,source_coverage_unverified,,,,,,,,,,,,,,False,5879634.64
Counter-Strike,2019Q4,2019-10-01,6970746.86,seasonal_naive,Seasonal naive (t-4),source,historical,0,2025Q4,analysis_release_v1_20261005T194400349609Z,2026-10-08T15:00:13.610744+00:00,False,source_coverage_unverified,,,,,,,,,,,,,,False,6970746.86
Counter-Strike,2020Q1,2020-01-01,4087056.24,seasonal_naive,Seasonal naive (t-4),source,historical,0,2025Q4,analysis_release_v1_20261005T194400349609Z,2026-10-08T15:00:13.610744+00:00,False,source_coverage_unverified,,,,,,,,,,,,,,False,4087056.24
Counter-Strike,2020Q2,2020-04-01,3630158.2,seasonal_naive,Seasonal naive (t-4),source,historical,0,2025Q4,analysis_release_v1_20261005T194400349609Z,2026-10-08T15:00:13.610744+00:00,False,source_coverage_unverified,,,,,,,,,,,,,,False,3630158.2
Counter-Strike,2020Q3,2020-07-01,3348796.0,seasonal_naive,Seasonal naive (t-4),source,historical,0,2025Q4,analysis_release_v1_20261005T194400349609Z,2026-10-08T15:00:13.610744+00:00,False,source_coverage_unverified,,,,,,,,,,,,,,False,3348796.0
Counter-Strike,2020Q4,2020-10-01,4995064.09,seasonal_naive,Seasonal naive (t-4),source,historical,0,2025Q4,analysis_release_v1_20261005T194400349609Z,2026-10-08T15:00:13.610744+00:00,False,source_coverage_unverified,,,,,,,,,,,,,,False,4995064.09
Counter-Strike,2021Q1,2021-01-01,4832261.19,seasonal_naive,Seasonal naive (t-4),source,historical,0,2025Q4,analysis_release_v1_20261005T194400349609Z,2026-10-08T15:00:13.610744+00:00,False,source_coverage_unverified,,,,,,,,,,,,,,False,4832261.19
Counter-Strike,2021Q2,2021-04-01,3851772.93,seasonal_naive,Seasonal naive (t-4),source,historical,0,2025Q4,analysis_release_v1_20261005T194400349609Z,2026-10-08T15:00:13.610744+00:00,False,source_coverage_unverified,,,,,,,,,,,,,,False,3851772.93
Counter-Strike,2021Q3,2021-07-01,5342715.29,seasonal_naive,Seasonal naive (t-4),source,historical,0,2025Q4,analysis_release_v1_20261005T194400349609Z,2026-10-08T15:00:13.610744+00:00,False,source_coverage_unverified,,,,,,,,,,,,,,False,5342715.29
Counter-Strike,2021Q4,2021-10-01,7905382.33,seasonal_naive,Seasonal naive (t-4),source,historical,0,2025Q4,analysis_release_v1_20261005T194400349609Z,2026-10-08T15:00:13.610744+00:00,False,source_coverage_unverified,,,,,,,,,,,,,,False,7905382.33
Counter-Strike,2022Q1,2022-01-01,3983617.58,seasonal_naive,Seasonal naive (t-4),source,historical,0,2025Q4,analysis_release_v1_20261005T194400349609Z,2026-10-08T15:00:13.610744+00:00,False,source_coverage_unverified,,,,,,,,,,,,,,False,3983617.58
Counter-Strike,2022Q2,2022-04-01,4339015.17,seasonal_naive,Seasonal naive (t-4),source,historical,0,2025Q4,analysis_release_v1_20261005T194400349609Z,2026-10-08T15:00:13.610744+00:00,False,source_coverage_unverified,,,,,,,,,,,,,,False,4339015.17
Counter-Strike,2022Q3,2022-07-01,3744233.09,seasonal_naive,Seasonal naive (t-4),source,historical,0,2025Q4,analysis_release_v1_20261005T194400349609Z,2026-10-08T15:00:13.610744+00:00,False,source_coverage_unverified,,,,,,,,,,,,,,False,3744233.09
Counter-Strike,2022Q4,2022-10-01,5468807.34,seasonal_naive,Seasonal naive (t-4),source,historical,0,2025Q4,analysis_release_v1_20261005T194400349609Z,2026-10-08T15:00:13.610744+00:00,False,source_coverage_unverified,,,,,,,,,,,,,,False,5468807.34
Counter-Strike,2023Q1,2023-01-01,4050195.09,seasonal_naive,Seasonal naive (t-4),source,historical,0,2025Q4,analysis_release_v1_20261005T194400349609Z,2026-10-08T15:00:13.610744+00:00,False,source_coverage_unverified,,,,,,,,,,,,,,False,4050195.09
Counter-Strike,2023Q2,2023-04-01,5597606.89,seasonal_naive,Seasonal naive (t-4),source,historical,0,2025Q4,analysis_release_v1_20261005T194400349609Z,2026-10-08T15:00:13.610744+00:00,False,source_coverage_unverified,,,,,,,,,,,,,,False,5597606.89
Counter-Strike,2023Q3,2023-07-01,5713701.16,seasonal_naive,Seasonal naive (t-4),source,historical,0,2025Q4,analysis_release_v1_20261005T194400349609Z,2026-10-08T15:00:13.610744+00:00,False,source_coverage_unverified,,,,,,,,,,,,,,False,5713701.16
Counter-Strike,2023Q4,2023-10-01,5756015.33,seasonal_naive,Seasonal naive (t-4),source,historical,0,2025Q4,analysis_release_v1_20261005T194400349609Z,2026-10-08T15:00:13.610744+00:00,False,source_coverage_unverified,,,,,,,,,,,,,,False,5756015.33
Counter-Strike,2024Q1,2024-01-01,3740346.01,seasonal_naive,Seasonal naive (t-4),source,historical,0,2025Q4,analysis_release_v1_20261005T194400349609Z,2026-10-08T15:00:13.610744+00:00,False,source_coverage_unverified,,,,,,,,,,,,,,False,3740346.01
Counter-Strike,2024Q2,2024-04-01,5821253.28,seasonal_naive,Seasonal naive (t-4),source,historical,0,2025Q4,analysis_release_v1_20261005T194400349609Z,2026-10-08T15:00:13.610744+00:00,False,source_coverage_unverified,,,,,,,,,,,,,,False,5821253.28
Counter-Strike,2024Q3,2024-07-01,6991614.41,seasonal_naive,Seasonal naive (t-4),source,historical,0,2025Q4,analysis_release_v1_20261005T194400349609Z,2026-10-08T15:00:13.610744+00:00,False,source_coverage_unverified,,,,,,,,,,,,,,False,6991614.41
Counter-Strike,2024Q4,2024-10-01,5460014.35,seasonal_naive,Seasonal naive (t-4),source,historical,0,2025Q4,analysis_release_v1_20261005T194400349609Z,2026-10-08T15:00:13.610744+00:00,False,source_coverage_unverified,,,,,,,,,,,,,,False,5460014.35
Counter-Strike,2025Q1,2025-01-01,5296677.41,seasonal_naive,Seasonal naive (t-4),source,historical,0,2025Q4,analysis_release_v1_20261005T194400349609Z,2026-10-08T15:00:13.610744+00:00,False,source_coverage_unverified,,,,,,,,,,,,,,False,5296677.41
Counter-Strike,2025Q2,2025-04-01,6116858.42,seasonal_naive,Seasonal naive (t-4),source,historical,0,2025Q4,analysis_release_v1_20261005T194400349609Z,2026-10-08T15:00:13.610744+00:00,False,source_coverage_unverified,,,,,,,,,,,,,,False,6116858.42
Counter-Strike,2025Q3,2025-07-01,4825904.63,seasonal_naive,Seasonal naive (t-4),source,historical,0,2025Q4,analysis_release_v1_20261005T194400349609Z,2026-10-08T15:00:13.610744+00:00,False,source_coverage_unverified,,,,,,,,,,,,,,False,4825904.63
Counter-Strike,2025Q4,2025-10-01,656021.05,seasonal_naive,Seasonal naive (t-4),source,historical,0,2025Q4,analysis_release_v1_20261005T194400349609Z,2026-10-08T15:00:13.610744+00:00,False,source_coverage_unverified,,,,,,,,,,,,,,False,656021.05
Counter-Strike,2026Q1,2026-01-01,,seasonal_naive,Seasonal naive (t-4),source,forecast,1,2025Q4,analysis_release_v1_20261005T194400349609Z,2026-10-08T15:00:13.610744+00:00,False,source_coverage_unverified,5296677.41,2025Q4,0.0,0.0,False,False,recursive_multi_step,8.0,2860102.42,7733252.4,exploratory_80pct_not_guaranteed,False,future_not_evaluated,False,5296677.41
Counter-Strike,2026Q2,2026-04-01,,seasonal_naive,Seasonal naive (t-4),source,forecast,2,2025Q4,analysis_release_v1_20261005T194400349609Z,2026-10-08T15:00:13.610744+00:00,False,source_coverage_unverified,6116858.42,2025Q4,0.0,0.0,False,True,recursive_multi_step,8.0,3680283.4299999997,8553433.41,exploratory_80pct_not_guaranteed,False,future_not_evaluated,False,6116858.42
Counter-Strike,2026Q3,2026-07-01,,seasonal_naive,Seasonal naive (t-4),source,forecast,3,2025Q4,analysis_release_v1_20261005T194400349609Z,2026-10-08T15:00:13.610744+00:00,False,source_coverage_unverified,4825904.63,2025Q4,0.0,0.0,False,True,recursive_multi_step,8.0,2389329.6399999997,7262479.62,exploratory_80pct_not_guaranteed,False,future_not_evaluated,False,4825904.63
Counter-Strike,2026Q4,2026-10-01,,seasonal_naive,Seasonal naive (t-4),source,forecast,4,2025Q4,analysis_release_v1_20261005T194400349609Z,2026-10-08T15:00:13.610744+00:00,False,source_coverage_unverified,656021.05,2025Q4,0.0,0.0,False,True,recursive_multi_step,8.0,0.0,3092596.04,exploratory_80pct_not_guaranteed,False,future_not_evaluated,False,656021.05
Dota 2,2012Q1,2012-01-01,46450.54,seasonal_naive,Seasonal naive (t-4),source,historical,0,2025Q4,analysis_release_v1_20261005T194400349609Z,2026-10-08T15:00:13.610744+00:00,False,source_coverage_unverified,,,,,,,,,,,,,,False,46450.54
Dota 2,2012Q2,2012-04-01,112069.35,seasonal_naive,Seasonal naive (t-4),source,historical,0,2025Q4,analysis_release_v1_20261005T194400349609Z,2026-10-08T15:00:13.610744+00:00,False,source_coverage_unverified,,,,,,,,,,,,,,False,112069.35
Dota 2,2012Q3,2012-07-01,1663954.58,seasonal_naive,Seasonal naive (t-4),source,historical,0,2025Q4,analysis_release_v1_20261005T194400349609Z,2026-10-08T15:00:13.610744+00:00,False,source_coverage_unverified,,,,,,,,,,,,,,False,1663954.58
Dota 2,2012Q4,2012-10-01,346548.16,seasonal_naive,Seasonal naive (t-4),source,historical,0,2025Q4,analysis_release_v1_20261005T194400349609Z,2026-10-08T15:00:13.610744+00:00,False,source_coverage_unverified,,,,,,,,,,,,,,False,346548.16
Dota 2,2013Q1,2013-01-01,213531.45,seasonal_naive,Seasonal naive (t-4),source,historical,0,2025Q4,analysis_release_v1_20261005T194400349609Z,2026-10-08T15:00:13.610744+00:00,False,source_coverage_unverified,,,,,,,,,,,,,,False,213531.45
Dota 2,2013Q2,2013-04-01,462699.53,seasonal_naive,Seasonal naive (t-4),source,historical,0,2025Q4,analysis_release_v1_20261005T194400349609Z,2026-10-08T15:00:13.610744+00:00,False,source_coverage_unverified,,,,,,,,,,,,,,False,462699.53
Dota 2,2013Q3,2013-07-01,3435474.54,seasonal_naive,Seasonal naive (t-4),source,historical,0,2025Q4,analysis_release_v1_20261005T194400349609Z,2026-10-08T15:00:13.610744+00:00,False,source_coverage_unverified,,,,,,,,,,,,,,False,3435474.54
Dota 2,2013Q4,2013-10-01,857100.28,seasonal_naive,Seasonal naive (t-4),source,historical,0,2025Q4,analysis_release_v1_20261005T194400349609Z,2026-10-08T15:00:13.610744+00:00,False,source_coverage_unverified,,,,,,,,,,,,,,False,857100.28
Dota 2,2014Q1,2014-01-01,1230234.52,seasonal_naive,Seasonal naive (t-4),source,historical,0,2025Q4,analysis_release_v1_20261005T194400349609Z,2026-10-08T15:00:13.610744+00:00,False,source_coverage_unverified,,,,,,,,,,,,,,False,1230234.52
Dota 2,2014Q2,2014-04-01,776158.75,seasonal_naive,Seasonal naive (t-4),source,historical,0,2025Q4,analysis_release_v1_20261005T194400349609Z,2026-10-08T15:00:13.610744+00:00,False,source_coverage_unverified,,,,,,,,,,,,,,False,776158.75
Dota 2,2014Q3,2014-07-01,12168529.8,seasonal_naive,Seasonal naive (t-4),source,historical,0,2025Q4,analysis_release_v1_20261005T194400349609Z,2026-10-08T15:00:13.610744+00:00,False,source_coverage_unverified,,,,,,,,,,,,,,False,12168529.8
Dota 2,2014Q4,2014-10-01,2217418.19,seasonal_naive,Seasonal naive (t-4),source,historical,0,2025Q4,analysis_release_v1_20261005T194400349609Z,2026-10-08T15:00:13.610744+00:00,False,source_coverage_unverified,,,,,,,,,,,,,,False,2217418.19
Dota 2,2015Q1,2015-01-01,4301422.01,seasonal_naive,Seasonal naive (t-4),source,historical,0,2025Q4,analysis_release_v1_20261005T194400349609Z,2026-10-08T15:00:13.610744+00:00,False,source_coverage_unverified,,,,,,,,,,,,,,False,4301422.01
Dota 2,2015Q2,2015-04-01,1971367.9,seasonal_naive,Seasonal naive (t-4),source,historical,0,2025Q4,analysis_release_v1_20261005T194400349609Z,2026-10-08T15:00:13.610744+00:00,False,source_coverage_unverified,,,,,,,,,,,,,,False,1971367.9
Dota 2,2015Q3,2015-07-01,19085049.32,seasonal_naive,Seasonal naive (t-4),source,historical,0,2025Q4,analysis_release_v1_20261005T194400349609Z,2026-10-08T15:00:13.610744+00:00,False,source_coverage_unverified,,,,,,,,,,,,,,False,19085049.32
Dota 2,2015Q4,2015-10-01,5758781.75,seasonal_naive,Seasonal naive (t-4),source,historical,0,2025Q4,analysis_release_v1_20261005T194400349609Z,2026-10-08T15:00:13.610744+00:00,False,source_coverage_unverified,,,,,,,,,,,,,,False,5758781.75
Dota 2,2016Q1,2016-01-01,3938818.03,seasonal_naive,Seasonal naive (t-4),source,historical,0,2025Q4,analysis_release_v1_20261005T194400349609Z,2026-10-08T15:00:13.610744+00:00,False,source_coverage_unverified,,,,,,,,,,,,,,False,3938818.03
Dota 2,2016Q2,2016-04-01,5089082.99,seasonal_naive,Seasonal naive (t-4),source,historical,0,2025Q4,analysis_release_v1_20261005T194400349609Z,2026-10-08T15:00:13.610744+00:00,False,source_coverage_unverified,,,,,,,,,,,,,,False,5089082.99
Dota 2,2016Q3,2016-07-01,23182229.3,seasonal_naive,Seasonal naive (t-4),source,historical,0,2025Q4,analysis_release_v1_20261005T194400349609Z,2026-10-08T15:00:13.610744+00:00,False,source_coverage_unverified,,,,,,,,,,,,,,False,23182229.3
Dota 2,2016Q4,2016-10-01,4927217.64,seasonal_naive,Seasonal naive (t-4),source,historical,0,2025Q4,analysis_release_v1_20261005T194400349609Z,2026-10-08T15:00:13.610744+00:00,False,source_coverage_unverified,,,,,,,,,,,,,,False,4927217.64
Dota 2,2017Q1,2017-01-01,3069658.84,seasonal_naive,Seasonal naive (t-4),source,historical,0,2025Q4,analysis_release_v1_20261005T194400349609Z,2026-10-08T15:00:13.610744+00:00,False,source_coverage_unverified,,,,,,,,,,,,,,False,3069658.84
Dota 2,2017Q2,2017-04-01,4511596.45,seasonal_naive,Seasonal naive (t-4),source,historical,0,2025Q4,analysis_release_v1_20261005T194400349609Z,2026-10-08T15:00:13.610744+00:00,False,source_coverage_unverified,,,,,,,,,,,,,,False,4511596.45
Dota 2,2017Q3,2017-07-01,25750422.6,seasonal_naive,Seasonal naive (t-4),source,historical,0,2025Q4,analysis_release_v1_20261005T194400349609Z,2026-10-08T15:00:13.610744+00:00,False,source_coverage_unverified,,,,,,,,,,,,,,False,25750422.6
Dota 2,2017Q4,2017-10-01,4767397.6,seasonal_naive,Seasonal naive (t-4),source,historical,0,2025Q4,analysis_release_v1_20261005T194400349609Z,2026-10-08T15:00:13.610744+00:00,False,source_coverage_unverified,,,,,,,,,,,,,,False,4767397.6
Dota 2,2018Q1,2018-01-01,7225128.67,seasonal_naive,Seasonal naive (t-4),source,historical,0,2025Q4,analysis_release_v1_20261005T194400349609Z,2026-10-08T15:00:13.610744+00:00,False,source_coverage_unverified,,,,,,,,,,,,,,False,7225128.67
Dota 2,2018Q2,2018-04-01,5419661.63,seasonal_naive,Seasonal naive (t-4),source,historical,0,2025Q4,analysis_release_v1_20261005T194400349609Z,2026-10-08T15:00:13.610744+00:00,False,source_coverage_unverified,,,,,,,,,,,,,,False,5419661.63
Dota 2,2018Q3,2018-07-01,25826291.5,seasonal_naive,Seasonal naive (t-4),source,historical,0,2025Q4,analysis_release_v1_20261005T194400349609Z,2026-10-08T15:00:13.610744+00:00,False,source_coverage_unverified,,,,,,,,,,,,,,False,25826291.5
Dota 2,2018Q4,2018-10-01,3221232.4,seasonal_naive,Seasonal naive (t-4),source,historical,0,2025Q4,analysis_release_v1_20261005T194400349609Z,2026-10-08T15:00:13.610744+00:00,False,source_coverage_unverified,,,,,,,,,,,,,,False,3221232.4
Dota 2,2019Q1,2019-01-01,4577612.14,seasonal_naive,Seasonal naive (t-4),source,historical,0,2025Q4,analysis_release_v1_20261005T194400349609Z,2026-10-08T15:00:13.610744+00:00,False,source_coverage_unverified,,,,,,,,,,,,,,False,4577612.14
Dota 2,2019Q2,2019-04-01,3967307.76,seasonal_naive,Seasonal naive (t-4),source,historical,0,2025Q4,analysis_release_v1_20261005T194400349609Z,2026-10-08T15:00:13.610744+00:00,False,source_coverage_unverified,,,,,,,,,,,,,,False,3967307.76
Dota 2,2019Q3,2019-07-01,35238597.9,seasonal_naive,Seasonal naive (t-4),source,historical,0,2025Q4,analysis_release_v1_20261005T194400349609Z,2026-10-08T15:00:13.610744+00:00,False,source_coverage_unverified,,,,,,,,,,,,,,False,35238597.9
Dota 2,2019Q4,2019-10-01,3386833.11,seasonal_naive,Seasonal naive (t-4),source,historical,0,2025Q4,analysis_release_v1_20261005T194400349609Z,2026-10-08T15:00:13.610744+00:00,False,source_coverage_unverified,,,,,,,,,,,,,,False,3386833.11
Dota 2,2020Q1,2020-01-01,2668662.08,seasonal_naive,Seasonal naive (t-4),source,historical,0,2025Q4,analysis_release_v1_20261005T194400349609Z,2026-10-08T15:00:13.610744+00:00,False,source_coverage_unverified,,,,,,,,,,,,,,False,2668662.08
Dota 2,2020Q2,2020-04-01,2954435.5,seasonal_naive,Seasonal naive (t-4),source,historical,0,2025Q4,analysis_release_v1_20261005T194400349609Z,2026-10-08T15:00:13.610744+00:00,False,source_coverage_unverified,,,,,,,,,,,,,,False,2954435.5
Dota 2,2020Q3,2020-07-01,1806928.59,seasonal_naive,Seasonal naive (t-4),source,historical,0,2025Q4,analysis_release_v1_20261005T194400349609Z,2026-10-08T15:00:13.610744+00:00,False,source_coverage_unverified,,,,,,,,,,,,,,False,1806928.59
Dota 2,2020Q4,2020-10-01,2515606.1,seasonal_naive,Seasonal naive (t-4),source,historical,0,2025Q4,analysis_release_v1_20261005T194400349609Z,2026-10-08T15:00:13.610744+00:00,False,source_coverage_unverified,,,,,,,,,,,,,,False,2515606.1
Dota 2,2021Q1,2021-01-01,2523128.66,seasonal_naive,Seasonal naive (t-4),source,historical,0,2025Q4,analysis_release_v1_20261005T194400349609Z,2026-10-08T15:00:13.610744+00:00,False,source_coverage_unverified,,,,,,,,,,,,,,False,2523128.66
Dota 2,2021Q2,2021-04-01,3084618.93,seasonal_naive,Seasonal naive (t-4),source,historical,0,2025Q4,analysis_release_v1_20261005T194400349609Z,2026-10-08T15:00:13.610744+00:00,False,source_coverage_unverified,,,,,,,,,,,,,,False,3084618.93
Dota 2,2021Q3,2021-07-01,1556166.05,seasonal_naive,Seasonal naive (t-4),source,historical,0,2025Q4,analysis_release_v1_20261005T194400349609Z,2026-10-08T15:00:13.610744+00:00,False,source_coverage_unverified,,,,,,,,,,,,,,False,1556166.05
Dota 2,2021Q4,2021-10-01,42194744.82,seasonal_naive,Seasonal naive (t-4),source,historical,0,2025Q4,analysis_release_v1_20261005T194400349609Z,2026-10-08T15:00:13.610744+00:00,False,source_coverage_unverified,,,,,,,,,,,,,,False,42194744.82
Dota 2,2022Q1,2022-01-01,3290687.42,seasonal_naive,Seasonal naive (t-4),source,historical,0,2025Q4,analysis_release_v1_20261005T194400349609Z,2026-10-08T15:00:13.610744+00:00,False,source_coverage_unverified,,,,,,,,,,,,,,False,3290687.42
Dota 2,2022Q2,2022-04-01,2773428.33,seasonal_naive,Seasonal naive (t-4),source,historical,0,2025Q4,analysis_release_v1_20261005T194400349609Z,2026-10-08T15:00:13.610744+00:00,False,source_coverage_unverified,,,,,,,,,,,,,,False,2773428.33
Dota 2,2022Q3,2022-07-01,5748141.73,seasonal_naive,Seasonal naive (t-4),source,historical,0,2025Q4,analysis_release_v1_20261005T194400349609Z,2026-10-08T15:00:13.610744+00:00,False,source_coverage_unverified,,,,,,,,,,,,,,False,5748141.73
Dota 2,2022Q4,2022-10-01,19587501.0,seasonal_naive,Seasonal naive (t-4),source,historical,0,2025Q4,analysis_release_v1_20261005T194400349609Z,2026-10-08T15:00:13.610744+00:00,False,source_coverage_unverified,,,,,,,,,,,,,,False,19587501.0
Dota 2,2023Q1,2023-01-01,3889830.32,seasonal_naive,Seasonal naive (t-4),source,historical,0,2025Q4,analysis_release_v1_20261005T194400349609Z,2026-10-08T15:00:13.610744+00:00,False,source_coverage_unverified,,,,,,,,,,,,,,False,3889830.32
Dota 2,2023Q2,2023-04-01,5446416.48,seasonal_naive,Seasonal naive (t-4),source,historical,0,2025Q4,analysis_release_v1_20261005T194400349609Z,2026-10-08T15:00:13.610744+00:00,False,source_coverage_unverified,,,,,,,,,,,,,,False,5446416.48
Dota 2,2023Q3,2023-07-01,16788532.07,seasonal_naive,Seasonal naive (t-4),source,historical,0,2025Q4,analysis_release_v1_20261005T194400349609Z,2026-10-08T15:00:13.610744+00:00,False,source_coverage_unverified,,,,,,,,,,,,,,False,16788532.07
Dota 2,2023Q4,2023-10-01,4709096.64,seasonal_naive,Seasonal naive (t-4),source,historical,0,2025Q4,analysis_release_v1_20261005T194400349609Z,2026-10-08T15:00:13.610744+00:00,False,source_coverage_unverified,,,,,,,,,,,,,,False,4709096.64
Dota 2,2024Q1,2024-01-01,4663736.6,seasonal_naive,Seasonal naive (t-4),source,historical,0,2025Q4,analysis_release_v1_20261005T194400349609Z,2026-10-08T15:00:13.610744+00:00,False,source_coverage_unverified,,,,,,,,,,,,,,False,4663736.6
Dota 2,2024Q2,2024-04-01,3795205.76,seasonal_naive,Seasonal naive (t-4),source,historical,0,2025Q4,analysis_release_v1_20261005T194400349609Z,2026-10-08T15:00:13.610744+00:00,False,source_coverage_unverified,,,,,,,,,,,,,,False,3795205.76
Dota 2,2024Q3,2024-07-01,9504705.2,seasonal_naive,Seasonal naive (t-4),source,historical,0,2025Q4,analysis_release_v1_20261005T194400349609Z,2026-10-08T15:00:13.610744+00:00,False,source_coverage_unverified,,,,,,,,,,,,,,False,9504705.2
Dota 2,2024Q4,2024-10-01,5849012.0,seasonal_naive,Seasonal naive (t-4),source,historical,0,2025Q4,analysis_release_v1_20261005T194400349609Z,2026-10-08T15:00:13.610744+00:00,False,source_coverage_unverified,,,,,,,,,,,,,,False,5849012.0
Dota 2,2025Q1,2025-01-01,4292000.0,seasonal_naive,Seasonal naive (t-4),source,historical,0,2025Q4,analysis_release_v1_20261005T194400349609Z,2026-10-08T15:00:13.610744+00:00,False,source_coverage_unverified,,,,,,,,,,,,,,False,4292000.0
Dota 2,2025Q2,2025-04-01,5300000.0,seasonal_naive,Seasonal naive (t-4),source,historical,0,2025Q4,analysis_release_v1_20261005T194400349609Z,2026-10-08T15:00:13.610744+00:00,False,source_coverage_unverified,,,,,,,,,,,,,,False,5300000.0
Dota 2,2025Q3,2025-07-01,5881466.0,seasonal_naive,Seasonal naive (t-4),source,historical,0,2025Q4,analysis_release_v1_20261005T194400349609Z,2026-10-08T15:00:13.610744+00:00,False,source_coverage_unverified,,,,,,,,,,,,,,False,5881466.0
Dota 2,2025Q4,2025-10-01,1000000.0,seasonal_naive,Seasonal naive (t-4),source,historical,0,2025Q4,analysis_release_v1_20261005T194400349609Z,2026-10-08T15:00:13.610744+00:00,False,source_coverage_unverified,,,,,,,,,,,,,,False,1000000.0
Dota 2,2026Q1,2026-01-01,,seasonal_naive,Seasonal naive (t-4),source,forecast,1,2025Q4,analysis_release_v1_20261005T194400349609Z,2026-10-08T15:00:13.610744+00:00,False,source_coverage_unverified,4292000.0,2025Q4,0.0,0.0,False,False,recursive_multi_step,8.0,0.0,26899243.82,exploratory_80pct_not_guaranteed,False,future_not_evaluated,False,4292000.0
Dota 2,2026Q2,2026-04-01,,seasonal_naive,Seasonal naive (t-4),source,forecast,2,2025Q4,analysis_release_v1_20261005T194400349609Z,2026-10-08T15:00:13.610744+00:00,False,source_coverage_unverified,5300000.0,2025Q4,0.0,0.0,False,True,recursive_multi_step,8.0,0.0,27907243.82,exploratory_80pct_not_guaranteed,False,future_not_evaluated,False,5300000.0
Dota 2,2026Q3,2026-07-01,,seasonal_naive,Seasonal naive (t-4),source,forecast,3,2025Q4,analysis_release_v1_20261005T194400349609Z,2026-10-08T15:00:13.610744+00:00,False,source_coverage_unverified,5881466.0,2025Q4,0.0,0.0,False,True,recursive_multi_step,8.0,0.0,28488709.82,exploratory_80pct_not_guaranteed,False,future_not_evaluated,False,5881466.0
Dota 2,2026Q4,2026-10-01,,seasonal_naive,Seasonal naive (t-4),source,forecast,4,2025Q4,analysis_release_v1_20261005T194400349609Z,2026-10-08T15:00:13.610744+00:00,False,source_coverage_unverified,1000000.0,2025Q4,0.0,0.0,False,True,recursive_multi_step,8.0,0.0,23607243.82,exploratory_80pct_not_guaranteed,False,future_not_evaluated,False,1000000.0
League of Legends,2012Q1,2012-01-01,428647.6,seasonal_naive,Seasonal naive (t-4),source,historical,0,2025Q4,analysis_release_v1_20261005T194400349609Z,2026-10-08T15:00:13.610744+00:00,False,source_coverage_unverified,,,,,,,,,,,,,,False,428647.6
League of Legends,2012Q2,2012-04-01,535276.75,seasonal_naive,Seasonal naive (t-4),source,historical,0,2025Q4,analysis_release_v1_20261005T194400349609Z,2026-10-08T15:00:13.610744+00:00,False,source_coverage_unverified,,,,,,,,,,,,,,False,535276.75
League of Legends,2012Q3,2012-07-01,657926.54,seasonal_naive,Seasonal naive (t-4),source,historical,0,2025Q4,analysis_release_v1_20261005T194400349609Z,2026-10-08T15:00:13.610744+00:00,False,source_coverage_unverified,,,,,,,,,,,,,,False,657926.54
League of Legends,2012Q4,2012-10-01,2980584.01,seasonal_naive,Seasonal naive (t-4),source,historical,0,2025Q4,analysis_release_v1_20261005T194400349609Z,2026-10-08T15:00:13.610744+00:00,False,source_coverage_unverified,,,,,,,,,,,,,,False,2980584.01
League of Legends,2013Q1,2013-01-01,823438.05,seasonal_naive,Seasonal naive (t-4),source,historical,0,2025Q4,analysis_release_v1_20261005T194400349609Z,2026-10-08T15:00:13.610744+00:00,False,source_coverage_unverified,,,,,,,,,,,,,,False,823438.05
League of Legends,2013Q2,2013-04-01,1231073.73,seasonal_naive,Seasonal naive (t-4),source,historical,0,2025Q4,analysis_release_v1_20261005T194400349609Z,2026-10-08T15:00:13.610744+00:00,False,source_coverage_unverified,,,,,,,,,,,,,,False,1231073.73
League of Legends,2013Q3,2013-07-01,3116312.07,seasonal_naive,Seasonal naive (t-4),source,historical,0,2025Q4,analysis_release_v1_20261005T194400349609Z,2026-10-08T15:00:13.610744+00:00,False,source_coverage_unverified,,,,,,,,,,,,,,False,3116312.07
League of Legends,2013Q4,2013-10-01,1408932.5,seasonal_naive,Seasonal naive (t-4),source,historical,0,2025Q4,analysis_release_v1_20261005T194400349609Z,2026-10-08T15:00:13.610744+00:00,False,source_coverage_unverified,,,,,,,,,,,,,,False,1408932.5
League of Legends,2014Q1,2014-01-01,1772398.12,seasonal_naive,Seasonal naive (t-4),source,historical,0,2025Q4,analysis_release_v1_20261005T194400349609Z,2026-10-08T15:00:13.610744+00:00,False,source_coverage_unverified,,,,,,,,,,,,,,False,1772398.12
League of Legends,2014Q2,2014-04-01,2009275.53,seasonal_naive,Seasonal naive (t-4),source,historical,0,2025Q4,analysis_release_v1_20261005T194400349609Z,2026-10-08T15:00:13.610744+00:00,False,source_coverage_unverified,,,,,,,,,,,,,,False,2009275.53
League of Legends,2014Q3,2014-07-01,2777184.54,seasonal_naive,Seasonal naive (t-4),source,historical,0,2025Q4,analysis_release_v1_20261005T194400349609Z,2026-10-08T15:00:13.610744+00:00,False,source_coverage_unverified,,,,,,,,,,,,,,False,2777184.54
League of Legends,2014Q4,2014-10-01,1100496.06,seasonal_naive,Seasonal naive (t-4),source,historical,0,2025Q4,analysis_release_v1_20261005T194400349609Z,2026-10-08T15:00:13.610744+00:00,False,source_coverage_unverified,,,,,,,,,,,,,,False,1100496.06
League of Legends,2015Q1,2015-01-01,1969109.44,seasonal_naive,Seasonal naive (t-4),source,historical,0,2025Q4,analysis_release_v1_20261005T194400349609Z,2026-10-08T15:00:13.610744+00:00,False,source_coverage_unverified,,,,,,,,,,,,,,False,1969109.44
League of Legends,2015Q2,2015-04-01,2186227.08,seasonal_naive,Seasonal naive (t-4),source,historical,0,2025Q4,analysis_release_v1_20261005T194400349609Z,2026-10-08T15:00:13.610744+00:00,False,source_coverage_unverified,,,,,,,,,,,,,,False,2186227.08
League of Legends,2015Q3,2015-07-01,318841.56,seasonal_naive,Seasonal naive (t-4),source,historical,0,2025Q4,analysis_release_v1_20261005T194400349609Z,2026-10-08T15:00:13.610744+00:00,False,source_coverage_unverified,,,,,,,,,,,,,,False,318841.56
League of Legends,2015Q4,2015-10-01,3091295.92,seasonal_naive,Seasonal naive (t-4),source,historical,0,2025Q4,analysis_release_v1_20261005T194400349609Z,2026-10-08T15:00:13.610744+00:00,False,source_coverage_unverified,,,,,,,,,,,,,,False,3091295.92
League of Legends,2016Q1,2016-01-01,1949732.74,seasonal_naive,Seasonal naive (t-4),source,historical,0,2025Q4,analysis_release_v1_20261005T194400349609Z,2026-10-08T15:00:13.610744+00:00,False,source_coverage_unverified,,,,,,,,,,,,,,False,1949732.74
League of Legends,2016Q2,2016-04-01,2365342.3,seasonal_naive,Seasonal naive (t-4),source,historical,0,2025Q4,analysis_release_v1_20261005T194400349609Z,2026-10-08T15:00:13.610744+00:00,False,source_coverage_unverified,,,,,,,,,,,,,,False,2365342.3
League of Legends,2016Q3,2016-07-01,5415987.99,seasonal_naive,Seasonal naive (t-4),source,historical,0,2025Q4,analysis_release_v1_20261005T194400349609Z,2026-10-08T15:00:13.610744+00:00,False,source_coverage_unverified,,,,,,,,,,,,,,False,5415987.99
League of Legends,2016Q4,2016-10-01,787775.11,seasonal_naive,Seasonal naive (t-4),source,historical,0,2025Q4,analysis_release_v1_20261005T194400349609Z,2026-10-08T15:00:13.610744+00:00,False,source_coverage_unverified,,,,,,,,,,,,,,False,787775.11
League of Legends,2017Q1,2017-01-01,2268568.42,seasonal_naive,Seasonal naive (t-4),source,historical,0,2025Q4,analysis_release_v1_20261005T194400349609Z,2026-10-08T15:00:13.610744+00:00,False,source_coverage_unverified,,,,,,,,,,,,,,False,2268568.42
League of Legends,2017Q2,2017-04-01,3943979.96,seasonal_naive,Seasonal naive (t-4),source,historical,0,2025Q4,analysis_release_v1_20261005T194400349609Z,2026-10-08T15:00:13.610744+00:00,False,source_coverage_unverified,,,,,,,,,,,,,,False,3943979.96
League of Legends,2017Q3,2017-07-01,5572061.11,seasonal_naive,Seasonal naive (t-4),source,historical,0,2025Q4,analysis_release_v1_20261005T194400349609Z,2026-10-08T15:00:13.610744+00:00,False,source_coverage_unverified,,,,,,,,,,,,,,False,5572061.11
League of Legends,2017Q4,2017-10-01,644625.2,seasonal_naive,Seasonal naive (t-4),source,historical,0,2025Q4,analysis_release_v1_20261005T194400349609Z,2026-10-08T15:00:13.610744+00:00,False,source_coverage_unverified,,,,,,,,,,,,,,False,644625.2
League of Legends,2018Q1,2018-01-01,2560287.96,seasonal_naive,Seasonal naive (t-4),source,historical,0,2025Q4,analysis_release_v1_20261005T194400349609Z,2026-10-08T15:00:13.610744+00:00,False,source_coverage_unverified,,,,,,,,,,,,,,False,2560287.96
League of Legends,2018Q2,2018-04-01,3408536.56,seasonal_naive,Seasonal naive (t-4),source,historical,0,2025Q4,analysis_release_v1_20261005T194400349609Z,2026-10-08T15:00:13.610744+00:00,False,source_coverage_unverified,,,,,,,,,,,,,,False,3408536.56
League of Legends,2018Q3,2018-07-01,1367808.82,seasonal_naive,Seasonal naive (t-4),source,historical,0,2025Q4,analysis_release_v1_20261005T194400349609Z,2026-10-08T15:00:13.610744+00:00,False,source_coverage_unverified,,,,,,,,,,,,,,False,1367808.82
League of Legends,2018Q4,2018-10-01,7148500.88,seasonal_naive,Seasonal naive (t-4),source,historical,0,2025Q4,analysis_release_v1_20261005T194400349609Z,2026-10-08T15:00:13.610744+00:00,False,source_coverage_unverified,,,,,,,,,,,,,,False,7148500.88
League of Legends,2019Q1,2019-01-01,2456213.06,seasonal_naive,Seasonal naive (t-4),source,historical,0,2025Q4,analysis_release_v1_20261005T194400349609Z,2026-10-08T15:00:13.610744+00:00,False,source_coverage_unverified,,,,,,,,,,,,,,False,2456213.06
League of Legends,2019Q2,2019-04-01,3764401.06,seasonal_naive,Seasonal naive (t-4),source,historical,0,2025Q4,analysis_release_v1_20261005T194400349609Z,2026-10-08T15:00:13.610744+00:00,False,source_coverage_unverified,,,,,,,,,,,,,,False,3764401.06
League of Legends,2019Q3,2019-07-01,660421.59,seasonal_naive,Seasonal naive (t-4),source,historical,0,2025Q4,analysis_release_v1_20261005T194400349609Z,2026-10-08T15:00:13.610744+00:00,False,source_coverage_unverified,,,,,,,,,,,,,,False,660421.59
League of Legends,2019Q4,2019-10-01,3656483.11,seasonal_naive,Seasonal naive (t-4),source,historical,0,2025Q4,analysis_release_v1_20261005T194400349609Z,2026-10-08T15:00:13.610744+00:00,False,source_coverage_unverified,,,,,,,,,,,,,,False,3656483.11
League of Legends,2020Q1,2020-01-01,2453005.03,seasonal_naive,Seasonal naive (t-4),source,historical,0,2025Q4,analysis_release_v1_20261005T194400349609Z,2026-10-08T15:00:13.610744+00:00,False,source_coverage_unverified,,,,,,,,,,,,,,False,2453005.03
League of Legends,2020Q2,2020-04-01,2745766.28,seasonal_naive,Seasonal naive (t-4),source,historical,0,2025Q4,analysis_release_v1_20261005T194400349609Z,2026-10-08T15:00:13.610744+00:00,False,source_coverage_unverified,,,,,,,,,,,,,,False,2745766.28
League of Legends,2020Q3,2020-07-01,2907138.69,seasonal_naive,Seasonal naive (t-4),source,historical,0,2025Q4,analysis_release_v1_20261005T194400349609Z,2026-10-08T15:00:13.610744+00:00,False,source_coverage_unverified,,,,,,,,,,,,,,False,2907138.69
League of Legends,2020Q4,2020-10-01,631321.5,seasonal_naive,Seasonal naive (t-4),source,historical,0,2025Q4,analysis_release_v1_20261005T194400349609Z,2026-10-08T15:00:13.610744+00:00,False,source_coverage_unverified,,,,,,,,,,,,,,False,631321.5
League of Legends,2021Q1,2021-01-01,2781222.14,seasonal_naive,Seasonal naive (t-4),source,historical,0,2025Q4,analysis_release_v1_20261005T194400349609Z,2026-10-08T15:00:13.610744+00:00,False,source_coverage_unverified,,,,,,,,,,,,,,False,2781222.14
League of Legends,2021Q2,2021-04-01,2464906.05,seasonal_naive,Seasonal naive (t-4),source,historical,0,2025Q4,analysis_release_v1_20261005T194400349609Z,2026-10-08T15:00:13.610744+00:00,False,source_coverage_unverified,,,,,,,,,,,,,,False,2464906.05
League of Legends,2021Q3,2021-07-01,501506.4,seasonal_naive,Seasonal naive (t-4),source,historical,0,2025Q4,analysis_release_v1_20261005T194400349609Z,2026-10-08T15:00:13.610744+00:00,False,source_coverage_unverified,,,,,,,,,,,,,,False,501506.4
League of Legends,2021Q4,2021-10-01,2570506.37,seasonal_naive,Seasonal naive (t-4),source,historical,0,2025Q4,analysis_release_v1_20261005T194400349609Z,2026-10-08T15:00:13.610744+00:00,False,source_coverage_unverified,,,,,,,,,,,,,,False,2570506.37
League of Legends,2022Q1,2022-01-01,2469967.53,seasonal_naive,Seasonal naive (t-4),source,historical,0,2025Q4,analysis_release_v1_20261005T194400349609Z,2026-10-08T15:00:13.610744+00:00,False,source_coverage_unverified,,,,,,,,,,,,,,False,2469967.53
League of Legends,2022Q2,2022-04-01,2451489.86,seasonal_naive,Seasonal naive (t-4),source,historical,0,2025Q4,analysis_release_v1_20261005T194400349609Z,2026-10-08T15:00:13.610744+00:00,False,source_coverage_unverified,,,,,,,,,,,,,,False,2451489.86
League of Legends,2022Q3,2022-07-01,2829812.09,seasonal_naive,Seasonal naive (t-4),source,historical,0,2025Q4,analysis_release_v1_20261005T194400349609Z,2026-10-08T15:00:13.610744+00:00,False,source_coverage_unverified,,,,,,,,,,,,,,False,2829812.09
League of Legends,2022Q4,2022-10-01,487090.47,seasonal_naive,Seasonal naive (t-4),source,historical,0,2025Q4,analysis_release_v1_20261005T194400349609Z,2026-10-08T15:00:13.610744+00:00,False,source_coverage_unverified,,,,,,,,,,,,,,False,487090.47
League of Legends,2023Q1,2023-01-01,2134893.19,seasonal_naive,Seasonal naive (t-4),source,historical,0,2025Q4,analysis_release_v1_20261005T194400349609Z,2026-10-08T15:00:13.610744+00:00,False,source_coverage_unverified,,,,,,,,,,,,,,False,2134893.19
League of Legends,2023Q2,2023-04-01,2655601.88,seasonal_naive,Seasonal naive (t-4),source,historical,0,2025Q4,analysis_release_v1_20261005T194400349609Z,2026-10-08T15:00:13.610744+00:00,False,source_coverage_unverified,,,,,,,,,,,,,,False,2655601.88
League of Legends,2023Q3,2023-07-01,466577.1,seasonal_naive,Seasonal naive (t-4),source,historical,0,2025Q4,analysis_release_v1_20261005T194400349609Z,2026-10-08T15:00:13.610744+00:00,False,source_coverage_unverified,,,,,,,,,,,,,,False,466577.1
League of Legends,2023Q4,2023-10-01,2539820.16,seasonal_naive,Seasonal naive (t-4),source,historical,0,2025Q4,analysis_release_v1_20261005T194400349609Z,2026-10-08T15:00:13.610744+00:00,False,source_coverage_unverified,,,,,,,,,,,,,,False,2539820.16
League of Legends,2024Q1,2024-01-01,1852987.38,seasonal_naive,Seasonal naive (t-4),source,historical,0,2025Q4,analysis_release_v1_20261005T194400349609Z,2026-10-08T15:00:13.610744+00:00,False,source_coverage_unverified,,,,,,,,,,,,,,False,1852987.38
League of Legends,2024Q2,2024-04-01,2314419.65,seasonal_naive,Seasonal naive (t-4),source,historical,0,2025Q4,analysis_release_v1_20261005T194400349609Z,2026-10-08T15:00:13.610744+00:00,False,source_coverage_unverified,,,,,,,,,,,,,,False,2314419.65
League of Legends,2024Q3,2024-07-01,3946441.75,seasonal_naive,Seasonal naive (t-4),source,historical,0,2025Q4,analysis_release_v1_20261005T194400349609Z,2026-10-08T15:00:13.610744+00:00,False,source_coverage_unverified,,,,,,,,,,,,,,False,3946441.75
League of Legends,2024Q4,2024-10-01,516049.87,seasonal_naive,Seasonal naive (t-4),source,historical,0,2025Q4,analysis_release_v1_20261005T194400349609Z,2026-10-08T15:00:13.610744+00:00,False,source_coverage_unverified,,,,,,,,,,,,,,False,516049.87
League of Legends,2025Q1,2025-01-01,1268038.9,seasonal_naive,Seasonal naive (t-4),source,historical,0,2025Q4,analysis_release_v1_20261005T194400349609Z,2026-10-08T15:00:13.610744+00:00,False,source_coverage_unverified,,,,,,,,,,,,,,False,1268038.9
League of Legends,2025Q2,2025-04-01,2011163.2,seasonal_naive,Seasonal naive (t-4),source,historical,0,2025Q4,analysis_release_v1_20261005T194400349609Z,2026-10-08T15:00:13.610744+00:00,False,source_coverage_unverified,,,,,,,,,,,,,,False,2011163.2
League of Legends,2025Q3,2025-07-01,2000000.0,seasonal_naive,Seasonal naive (t-4),source,historical,0,2025Q4,analysis_release_v1_20261005T194400349609Z,2026-10-08T15:00:13.610744+00:00,False,source_coverage_unverified,,,,,,,,,,,,,,False,2000000.0
League of Legends,2025Q4,2025-10-01,,seasonal_naive,Seasonal naive (t-4),source,historical_missing,0,2025Q4,analysis_release_v1_20261005T194400349609Z,2026-10-08T15:00:13.610744+00:00,False,source_coverage_unverified,,,,,,,,,,,,,,False,
League of Legends,2026Q1,2026-01-01,,seasonal_naive,Seasonal naive (t-4),source,forecast,1,2025Q4,analysis_release_v1_20261005T194400349609Z,2026-10-08T15:00:13.610744+00:00,False,source_coverage_unverified;missing_recent_actual,1268038.9,2025Q3,1.0,1.0,False,False,recursive_multi_step,8.0,0.0,3631273.8899999997,exploratory_80pct_not_guaranteed,False,future_not_evaluated,False,1268038.9
League of Legends,2026Q2,2026-04-01,,seasonal_naive,Seasonal naive (t-4),source,forecast,2,2025Q4,analysis_release_v1_20261005T194400349609Z,2026-10-08T15:00:13.610744+00:00,False,source_coverage_unverified;missing_recent_actual,2011163.2,2025Q3,1.0,1.0,False,True,recursive_multi_step,8.0,0.0,4374398.1899999995,exploratory_80pct_not_guaranteed,False,future_not_evaluated,False,2011163.2
League of Legends,2026Q3,2026-07-01,,seasonal_naive,Seasonal naive (t-4),source,forecast,3,2025Q4,analysis_release_v1_20261005T194400349609Z,2026-10-08T15:00:13.610744+00:00,False,source_coverage_unverified;missing_recent_actual,2000000.0,2025Q3,1.0,0.0,False,True,recursive_multi_step,8.0,0.0,5479864.65,exploratory_80pct_not_guaranteed,False,future_not_evaluated,False,2000000.0
League of Legends,2026Q4,2026-10-01,,seasonal_naive,Seasonal naive (t-4),source,forecast,4,2025Q4,analysis_release_v1_20261005T194400349609Z,2026-10-08T15:00:13.610744+00:00,False,source_coverage_unverified;missing_recent_actual;seasonal_fallback,2160560.135,2025Q3,1.0,1.0,True,True,recursive_multi_step,8.0,0.0,5640424.785,exploratory_80pct_not_guaranteed,False,future_not_evaluated,False,2160560.135
Valorant,2012Q1,2012-01-01,,seasonal_naive,Seasonal naive (t-4),source,historical_missing,0,2025Q4,analysis_release_v1_20261005T194400349609Z,2026-10-08T15:00:13.610744+00:00,False,source_coverage_unverified,,,,,,,,,,,,,,False,
Valorant,2012Q2,2012-04-01,,seasonal_naive,Seasonal naive (t-4),source,historical_missing,0,2025Q4,analysis_release_v1_20261005T194400349609Z,2026-10-08T15:00:13.610744+00:00,False,source_coverage_unverified,,,,,,,,,,,,,,False,
Valorant,2012Q3,2012-07-01,,seasonal_naive,Seasonal naive (t-4),source,historical_missing,0,2025Q4,analysis_release_v1_20261005T194400349609Z,2026-10-08T15:00:13.610744+00:00,False,source_coverage_unverified,,,,,,,,,,,,,,False,
Valorant,2012Q4,2012-10-01,,seasonal_naive,Seasonal naive (t-4),source,historical_missing,0,2025Q4,analysis_release_v1_20261005T194400349609Z,2026-10-08T15:00:13.610744+00:00,False,source_coverage_unverified,,,,,,,,,,,,,,False,
Valorant,2013Q1,2013-01-01,,seasonal_naive,Seasonal naive (t-4),source,historical_missing,0,2025Q4,analysis_release_v1_20261005T194400349609Z,2026-10-08T15:00:13.610744+00:00,False,source_coverage_unverified,,,,,,,,,,,,,,False,
Valorant,2013Q2,2013-04-01,,seasonal_naive,Seasonal naive (t-4),source,historical_missing,0,2025Q4,analysis_release_v1_20261005T194400349609Z,2026-10-08T15:00:13.610744+00:00,False,source_coverage_unverified,,,,,,,,,,,,,,False,
Valorant,2013Q3,2013-07-01,,seasonal_naive,Seasonal naive (t-4),source,historical_missing,0,2025Q4,analysis_release_v1_20261005T194400349609Z,2026-10-08T15:00:13.610744+00:00,False,source_coverage_unverified,,,,,,,,,,,,,,False,
Valorant,2013Q4,2013-10-01,,seasonal_naive,Seasonal naive (t-4),source,historical_missing,0,2025Q4,analysis_release_v1_20261005T194400349609Z,2026-10-08T15:00:13.610744+00:00,False,source_coverage_unverified,,,,,,,,,,,,,,False,
Valorant,2014Q1,2014-01-01,,seasonal_naive,Seasonal naive (t-4),source,historical_missing,0,2025Q4,analysis_release_v1_20261005T194400349609Z,2026-10-08T15:00:13.610744+00:00,False,source_coverage_unverified,,,,,,,,,,,,,,False,
Valorant,2014Q2,2014-04-01,,seasonal_naive,Seasonal naive (t-4),source,historical_missing,0,2025Q4,analysis_release_v1_20261005T194400349609Z,2026-10-08T15:00:13.610744+00:00,False,source_coverage_unverified,,,,,,,,,,,,,,False,
Valorant,2014Q3,2014-07-01,,seasonal_naive,Seasonal naive (t-4),source,historical_missing,0,2025Q4,analysis_release_v1_20261005T194400349609Z,2026-10-08T15:00:13.610744+00:00,False,source_coverage_unverified,,,,,,,,,,,,,,False,
Valorant,2014Q4,2014-10-01,,seasonal_naive,Seasonal naive (t-4),source,historical_missing,0,2025Q4,analysis_release_v1_20261005T194400349609Z,2026-10-08T15:00:13.610744+00:00,False,source_coverage_unverified,,,,,,,,,,,,,,False,
Valorant,2015Q1,2015-01-01,,seasonal_naive,Seasonal naive (t-4),source,historical_missing,0,2025Q4,analysis_release_v1_20261005T194400349609Z,2026-10-08T15:00:13.610744+00:00,False,source_coverage_unverified,,,,,,,,,,,,,,False,
Valorant,2015Q2,2015-04-01,,seasonal_naive,Seasonal naive (t-4),source,historical_missing,0,2025Q4,analysis_release_v1_20261005T194400349609Z,2026-10-08T15:00:13.610744+00:00,False,source_coverage_unverified,,,,,,,,,,,,,,False,
Valorant,2015Q3,2015-07-01,,seasonal_naive,Seasonal naive (t-4),source,historical_missing,0,2025Q4,analysis_release_v1_20261005T194400349609Z,2026-10-08T15:00:13.610744+00:00,False,source_coverage_unverified,,,,,,,,,,,,,,False,
Valorant,2015Q4,2015-10-01,,seasonal_naive,Seasonal naive (t-4),source,historical_missing,0,2025Q4,analysis_release_v1_20261005T194400349609Z,2026-10-08T15:00:13.610744+00:00,False,source_coverage_unverified,,,,,,,,,,,,,,False,
Valorant,2016Q1,2016-01-01,,seasonal_naive,Seasonal naive (t-4),source,historical_missing,0,2025Q4,analysis_release_v1_20261005T194400349609Z,2026-10-08T15:00:13.610744+00:00,False,source_coverage_unverified,,,,,,,,,,,,,,False,
Valorant,2016Q2,2016-04-01,,seasonal_naive,Seasonal naive (t-4),source,historical_missing,0,2025Q4,analysis_release_v1_20261005T194400349609Z,2026-10-08T15:00:13.610744+00:00,False,source_coverage_unverified,,,,,,,,,,,,,,False,
Valorant,2016Q3,2016-07-01,,seasonal_naive,Seasonal naive (t-4),source,historical_missing,0,2025Q4,analysis_release_v1_20261005T194400349609Z,2026-10-08T15:00:13.610744+00:00,False,source_coverage_unverified,,,,,,,,,,,,,,False,
Valorant,2016Q4,2016-10-01,,seasonal_naive,Seasonal naive (t-4),source,historical_missing,0,2025Q4,analysis_release_v1_20261005T194400349609Z,2026-10-08T15:00:13.610744+00:00,False,source_coverage_unverified,,,,,,,,,,,,,,False,
Valorant,2017Q1,2017-01-01,,seasonal_naive,Seasonal naive (t-4),source,historical_missing,0,2025Q4,analysis_release_v1_20261005T194400349609Z,2026-10-08T15:00:13.610744+00:00,False,source_coverage_unverified,,,,,,,,,,,,,,False,
Valorant,2017Q2,2017-04-01,,seasonal_naive,Seasonal naive (t-4),source,historical_missing,0,2025Q4,analysis_release_v1_20261005T194400349609Z,2026-10-08T15:00:13.610744+00:00,False,source_coverage_unverified,,,,,,,,,,,,,,False,
Valorant,2017Q3,2017-07-01,,seasonal_naive,Seasonal naive (t-4),source,historical_missing,0,2025Q4,analysis_release_v1_20261005T194400349609Z,2026-10-08T15:00:13.610744+00:00,False,source_coverage_unverified,,,,,,,,,,,,,,False,
Valorant,2017Q4,2017-10-01,,seasonal_naive,Seasonal naive (t-4),source,historical_missing,0,2025Q4,analysis_release_v1_20261005T194400349609Z,2026-10-08T15:00:13.610744+00:00,False,source_coverage_unverified,,,,,,,,,,,,,,False,
Valorant,2018Q1,2018-01-01,,seasonal_naive,Seasonal naive (t-4),source,historical_missing,0,2025Q4,analysis_release_v1_20261005T194400349609Z,2026-10-08T15:00:13.610744+00:00,False,source_coverage_unverified,,,,,,,,,,,,,,False,
Valorant,2018Q2,2018-04-01,,seasonal_naive,Seasonal naive (t-4),source,historical_missing,0,2025Q4,analysis_release_v1_20261005T194400349609Z,2026-10-08T15:00:13.610744+00:00,False,source_coverage_unverified,,,,,,,,,,,,,,False,
Valorant,2018Q3,2018-07-01,,seasonal_naive,Seasonal naive (t-4),source,historical_missing,0,2025Q4,analysis_release_v1_20261005T194400349609Z,2026-10-08T15:00:13.610744+00:00,False,source_coverage_unverified,,,,,,,,,,,,,,False,
Valorant,2018Q4,2018-10-01,,seasonal_naive,Seasonal naive (t-4),source,historical_missing,0,2025Q4,analysis_release_v1_20261005T194400349609Z,2026-10-08T15:00:13.610744+00:00,False,source_coverage_unverified,,,,,,,,,,,,,,False,
Valorant,2019Q1,2019-01-01,,seasonal_naive,Seasonal naive (t-4),source,historical_missing,0,2025Q4,analysis_release_v1_20261005T194400349609Z,2026-10-08T15:00:13.610744+00:00,False,source_coverage_unverified,,,,,,,,,,,,,,False,
Valorant,2019Q2,2019-04-01,,seasonal_naive,Seasonal naive (t-4),source,historical_missing,0,2025Q4,analysis_release_v1_20261005T194400349609Z,2026-10-08T15:00:13.610744+00:00,False,source_coverage_unverified,,,,,,,,,,,,,,False,
Valorant,2019Q3,2019-07-01,,seasonal_naive,Seasonal naive (t-4),source,historical_missing,0,2025Q4,analysis_release_v1_20261005T194400349609Z,2026-10-08T15:00:13.610744+00:00,False,source_coverage_unverified,,,,,,,,,,,,,,False,
Valorant,2019Q4,2019-10-01,,seasonal_naive,Seasonal naive (t-4),source,historical_missing,0,2025Q4,analysis_release_v1_20261005T194400349609Z,2026-10-08T15:00:13.610744+00:00,False,source_coverage_unverified,,,,,,,,,,,,,,False,
Valorant,2020Q1,2020-01-01,,seasonal_naive,Seasonal naive (t-4),source,historical_missing,0,2025Q4,analysis_release_v1_20261005T194400349609Z,2026-10-08T15:00:13.610744+00:00,False,source_coverage_unverified,,,,,,,,,,,,,,False,
Valorant,2020Q2,2020-04-01,576854.08,seasonal_naive,Seasonal naive (t-4),source,historical,0,2025Q4,analysis_release_v1_20261005T194400349609Z,2026-10-08T15:00:13.610744+00:00,False,source_coverage_unverified,,,,,,,,,,,,,,False,576854.08
Valorant,2020Q3,2020-07-01,790999.41,seasonal_naive,Seasonal naive (t-4),source,historical,0,2025Q4,analysis_release_v1_20261005T194400349609Z,2026-10-08T15:00:13.610744+00:00,False,source_coverage_unverified,,,,,,,,,,,,,,False,790999.41
Valorant,2020Q4,2020-10-01,1144095.61,seasonal_naive,Seasonal naive (t-4),source,historical,0,2025Q4,analysis_release_v1_20261005T194400349609Z,2026-10-08T15:00:13.610744+00:00,False,source_coverage_unverified,,,,,,,,,,,,,,False,1144095.61
Valorant,2021Q1,2021-01-01,1659880.11,seasonal_naive,Seasonal naive (t-4),source,historical,0,2025Q4,analysis_release_v1_20261005T194400349609Z,2026-10-08T15:00:13.610744+00:00,False,source_coverage_unverified,,,,,,,,,,,,,,False,1659880.11
Valorant,2021Q2,2021-04-01,1785690.36,seasonal_naive,Seasonal naive (t-4),source,historical,0,2025Q4,analysis_release_v1_20261005T194400349609Z,2026-10-08T15:00:13.610744+00:00,False,source_coverage_unverified,,,,,,,,,,,,,,False,1785690.36
Valorant,2021Q3,2021-07-01,1930279.99,seasonal_naive,Seasonal naive (t-4),source,historical,0,2025Q4,analysis_release_v1_20261005T194400349609Z,2026-10-08T15:00:13.610744+00:00,False,source_coverage_unverified,,,,,,,,,,,,,,False,1930279.99
Valorant,2021Q4,2021-10-01,1772691.77,seasonal_naive,Seasonal naive (t-4),source,historical,0,2025Q4,analysis_release_v1_20261005T194400349609Z,2026-10-08T15:00:13.610744+00:00,False,source_coverage_unverified,,,,,,,,,,,,,,False,1772691.77
Valorant,2022Q1,2022-01-01,1304697.33,seasonal_naive,Seasonal naive (t-4),source,historical,0,2025Q4,analysis_release_v1_20261005T194400349609Z,2026-10-08T15:00:13.610744+00:00,False,source_coverage_unverified,,,,,,,,,,,,,,False,1304697.33
Valorant,2022Q2,2022-04-01,2037957.97,seasonal_naive,Seasonal naive (t-4),source,historical,0,2025Q4,analysis_release_v1_20261005T194400349609Z,2026-10-08T15:00:13.610744+00:00,False,source_coverage_unverified,,,,,,,,,,,,,,False,2037957.97
Valorant,2022Q3,2022-07-01,2292525.19,seasonal_naive,Seasonal naive (t-4),source,historical,0,2025Q4,analysis_release_v1_20261005T194400349609Z,2026-10-08T15:00:13.610744+00:00,False,source_coverage_unverified,,,,,,,,,,,,,,False,2292525.19
Valorant,2022Q4,2022-10-01,1475056.5,seasonal_naive,Seasonal naive (t-4),source,historical,0,2025Q4,analysis_release_v1_20261005T194400349609Z,2026-10-08T15:00:13.610744+00:00,False,source_coverage_unverified,,,,,,,,,,,,,,False,1475056.5
Valorant,2023Q1,2023-01-01,2065247.2,seasonal_naive,Seasonal naive (t-4),source,historical,0,2025Q4,analysis_release_v1_20261005T194400349609Z,2026-10-08T15:00:13.610744+00:00,False,source_coverage_unverified,,,,,,,,,,,,,,False,2065247.2
Valorant,2023Q2,2023-04-01,2599106.13,seasonal_naive,Seasonal naive (t-4),source,historical,0,2025Q4,analysis_release_v1_20261005T194400349609Z,2026-10-08T15:00:13.610744+00:00,False,source_coverage_unverified,,,,,,,,,,,,,,False,2599106.13
Valorant,2023Q3,2023-07-01,2774496.83,seasonal_naive,Seasonal naive (t-4),source,historical,0,2025Q4,analysis_release_v1_20261005T194400349609Z,2026-10-08T15:00:13.610744+00:00,False,source_coverage_unverified,,,,,,,,,,,,,,False,2774496.83
Valorant,2023Q4,2023-10-01,1462425.11,seasonal_naive,Seasonal naive (t-4),source,historical,0,2025Q4,analysis_release_v1_20261005T194400349609Z,2026-10-08T15:00:13.610744+00:00,False,source_coverage_unverified,,,,,,,,,,,,,,False,1462425.11
Valorant,2024Q1,2024-01-01,1380403.75,seasonal_naive,Seasonal naive (t-4),source,historical,0,2025Q4,analysis_release_v1_20261005T194400349609Z,2026-10-08T15:00:13.610744+00:00,False,source_coverage_unverified,,,,,,,,,,,,,,False,1380403.75
Valorant,2024Q2,2024-04-01,2611976.19,seasonal_naive,Seasonal naive (t-4),source,historical,0,2025Q4,analysis_release_v1_20261005T194400349609Z,2026-10-08T15:00:13.610744+00:00,False,source_coverage_unverified,,,,,,,,,,,,,,False,2611976.19
Valorant,2024Q3,2024-07-01,2386340.52,seasonal_naive,Seasonal naive (t-4),source,historical,0,2025Q4,analysis_release_v1_20261005T194400349609Z,2026-10-08T15:00:13.610744+00:00,False,source_coverage_unverified,,,,,,,,,,,,,,False,2386340.52
Valorant,2024Q4,2024-10-01,780969.3,seasonal_naive,Seasonal naive (t-4),source,historical,0,2025Q4,analysis_release_v1_20261005T194400349609Z,2026-10-08T15:00:13.610744+00:00,False,source_coverage_unverified,,,,,,,,,,,,,,False,780969.3
Valorant,2025Q1,2025-01-01,529420.68,seasonal_naive,Seasonal naive (t-4),source,historical,0,2025Q4,analysis_release_v1_20261005T194400349609Z,2026-10-08T15:00:13.610744+00:00,False,source_coverage_unverified,,,,,,,,,,,,,,False,529420.68
Valorant,2025Q2,2025-04-01,,seasonal_naive,Seasonal naive (t-4),source,historical_missing,0,2025Q4,analysis_release_v1_20261005T194400349609Z,2026-10-08T15:00:13.610744+00:00,False,source_coverage_unverified,,,,,,,,,,,,,,False,
Valorant,2025Q3,2025-07-01,1250000.0,seasonal_naive,Seasonal naive (t-4),source,historical,0,2025Q4,analysis_release_v1_20261005T194400349609Z,2026-10-08T15:00:13.610744+00:00,False,source_coverage_unverified,,,,,,,,,,,,,,False,1250000.0
Valorant,2025Q4,2025-10-01,,seasonal_naive,Seasonal naive (t-4),source,historical_missing,0,2025Q4,analysis_release_v1_20261005T194400349609Z,2026-10-08T15:00:13.610744+00:00,False,source_coverage_unverified,,,,,,,,,,,,,,False,
Valorant,2026Q1,2026-01-01,,seasonal_naive,Seasonal naive (t-4),source,forecast,1,2025Q4,analysis_release_v1_20261005T194400349609Z,2026-10-08T15:00:13.610744+00:00,False,source_coverage_unverified;missing_recent_actual,529420.68,2025Q3,2.0,1.0,False,False,recursive_multi_step,8.0,0.0,1289970.5499999998,exploratory_80pct_not_guaranteed,False,future_not_evaluated,False,529420.68
Valorant,2026Q2,2026-04-01,,seasonal_naive,Seasonal naive (t-4),source,forecast,2,2025Q4,analysis_release_v1_20261005T194400349609Z,2026-10-08T15:00:13.610744+00:00,False,source_coverage_unverified;missing_recent_actual;seasonal_fallback,1567468.3050000002,2025Q3,2.0,2.0,True,True,recursive_multi_step,8.0,806918.4350000003,2328018.175,exploratory_80pct_not_guaranteed,False,future_not_evaluated,False,1567468.3050000002
Valorant,2026Q3,2026-07-01,,seasonal_naive,Seasonal naive (t-4),source,forecast,3,2025Q4,analysis_release_v1_20261005T194400349609Z,2026-10-08T15:00:13.610744+00:00,False,source_coverage_unverified;missing_recent_actual,1250000.0,2025Q3,2.0,0.0,False,True,recursive_multi_step,8.0,489450.1300000001,2010549.8699999999,exploratory_80pct_not_guaranteed,False,future_not_evaluated,False,1250000.0
Valorant,2026Q4,2026-10-01,,seasonal_naive,Seasonal naive (t-4),source,forecast,4,2025Q4,analysis_release_v1_20261005T194400349609Z,2026-10-08T15:00:13.610744+00:00,False,source_coverage_unverified;missing_recent_actual;seasonal_fallback,1521262.4025,2025Q3,2.0,1.0,True,True,recursive_multi_step,8.0,760712.5325000002,2281812.2725,exploratory_80pct_not_guaranteed,False,future_not_evaluated,False,1521262.4025
